sequence_id,ticker,start_date,end_date,total_signals,kept_signals,has_cramer_owns,has_hold_recommendation,first_hold_date,end_reason,entry_alpha,entry_price,gics_sector,vix_at_entry
1,003016,2024-08-13,2024-08-13,1,1,False,False,,gap_expired,0.834876367,44.41398479,Industrials,18.12
2,0H6G,2018-05-08,2018-05-08,1,1,False,False,,gap_expired,0.320502989,8.965144495,Utilities,14.71
3,0H6G,2018-12-13,2018-12-13,1,1,False,False,,gap_expired,0.0304289,12.125516741,Utilities,20.65
4,0H6G,2021-10-28,2021-10-28,1,1,False,False,,gap_expired,0.204065762,21.29006077,Utilities,16.53
5,0H6G,2024-09-09,2024-09-09,1,1,False,False,,gap_expired,-0.373757362,14.96263114,Utilities,19.45
6,0HBH,2018-06-21,2018-06-21,1,1,False,False,,gap_expired,0.387455921,130.738186639,Basic Materials,14.64
7,0HBH,2020-07-22,2020-08-26,2,1,False,True,,gap_expired,-0.344374828,253.276334836,Basic Materials,24.32
8,0HBH,2020-11-06,2020-11-06,1,1,False,True,,gap_expired,-0.296942798,280.342666668,Basic Materials,24.86
9,0HDY,2022-02-01,2022-02-01,1,1,False,False,,gap_expired,0.616709481,13.623727095,Energy,21.96
10,0HLQ,2022-04-12,2022-04-12,1,1,False,False,,gap_expired,0.005826209,42.0859487,Financial Services,24.26
11,0J4G,2018-01-16,2018-01-16,1,1,False,False,,gap_expired,-0.164769817,46.87978197,Energy,11.66
12,0J4G,2020-04-28,2020-04-28,1,1,False,False,,gap_expired,0.0544636,15.138979497,Energy,33.57
13,0K7J,2018-04-23,2018-04-27,2,1,False,False,,gap_expired,-0.580125635,18.656651102,Consumer Cyclical,16.34
14,0K7J,2018-08-01,2018-08-01,1,1,False,False,,gap_expired,-0.427843722,18.38761326,Consumer Cyclical,13.15
15,0K7J,2018-11-19,2018-11-19,1,1,False,True,,gap_expired,-0.228793053,14.957295414,Consumer Cyclical,20.1
16,0K7J,2020-07-20,2020-07-20,1,1,False,False,,gap_expired,0.357216328,13.043640186,Consumer Cyclical,24.46
17,0K7J,2021-02-05,2021-02-05,1,1,False,False,,gap_expired,-0.302102822,21.232365348,Consumer Cyclical,20.87
18,0K7J,2021-05-10,2021-08-02,3,2,False,False,,gap_expired,-0.174788509,23.68091787,Consumer Cyclical,19.66
19,0K7J,2022-03-02,2022-03-02,1,1,False,False,,gap_expired,-0.156001181,20.032965583,Consumer Cyclical,30.74
20,0K7J,2022-06-14,2022-06-14,1,1,False,False,,gap_expired,-0.130364563,15.861723937,Consumer Cyclical,32.69
21,0K7J,2023-08-01,2023-09-21,3,2,False,True,,gap_expired,-0.387156816,9.517658762,Consumer Cyclical,13.93
22,0LDR,2018-12-18,2019-01-30,3,2,False,False,,gap_expired,0.431820375,48.25,Healthcare,25.58
23,0LDR,2019-05-07,2019-05-07,1,1,False,False,,gap_expired,1.820191554,61.57,Healthcare,19.32
24,0LDR,2019-12-09,2020-04-14,14,5,False,True,,gap_expired,1.259399878,78.45,Healthcare,15.86
25,0LDR,2020-08-05,2021-01-08,8,3,False,True,,gap_expired,-0.663756218,216.0,Healthcare,22.99
26,0LDR,2021-03-15,2021-03-29,2,2,False,True,,gap_expired,-0.470464298,204.0,Healthcare,20.03
27,0LDR,2022-02-01,2022-02-01,1,1,False,False,,gap_expired,-0.45218559,80.76,Healthcare,21.96
28,0LDR,2023-01-31,2023-01-31,1,1,False,False,,gap_expired,-0.567676393,29.5,Healthcare,19.4
29,0LDR,2023-12-05,2023-12-05,1,1,False,True,,gap_expired,-0.755687442,18.74,Healthcare,12.85
30,0PT,2021-08-24,2021-08-24,1,1,False,False,,gap_expired,-0.476234611,64.0,Healthcare,17.22
31,0PT,2022-01-12,2022-01-12,1,1,False,True,,gap_expired,0.598342916,38.38,Healthcare,17.62
32,0QYK,2018-01-12,2018-01-22,2,2,False,True,,gap_expired,-0.285589476,156.167096355,Consumer Cyclical,10.16
33,0QYK,2019-12-18,2019-12-18,1,1,False,False,,gap_expired,-0.338355399,133.606202841,Consumer Cyclical,12.58
34,0QYK,2020-04-21,2020-06-10,3,2,False,True,,gap_expired,0.202469065,70.809409432,Consumer Cyclical,45.41
35,0QYK,2020-09-17,2020-12-14,4,3,False,False,,gap_expired,-0.271890649,76.699605985,Consumer Cyclical,26.46
36,0QYK,2021-02-22,2022-03-24,15,9,True,True,2021-05-25,gap_expired,-0.45077263,126.411973471,Consumer Cyclical,23.45
37,0QYK,2022-11-04,2024-07-09,16,10,True,True,2022-11-04,gap_expired,0.150805648,68.398802738,Consumer Cyclical,24.55
38,0R16,2018-03-12,2018-07-17,11,2,False,False,,gap_expired,0.157930313,132.255996406,Consumer Cyclical,15.78
39,0R16,2018-11-02,2020-02-07,29,7,False,True,,gap_expired,-0.028947725,149.848556381,Consumer Cyclical,19.51
40,0R16,2020-06-16,2020-06-16,1,1,False,False,,gap_expired,-0.117613179,169.206365112,Consumer Cyclical,33.67
41,0R16,2020-10-08,2020-12-03,2,1,False,True,,gap_expired,-0.163787073,201.252366378,Consumer Cyclical,26.36
42,0R16,2021-03-03,2021-03-03,1,1,False,False,,gap_expired,0.01531758,185.042690211,Consumer Cyclical,26.67
43,0R16,2021-07-23,2021-07-26,2,1,False,False,,gap_expired,0.18363052,218.411199314,Consumer Cyclical,17.2
44,0R16,2021-10-06,2021-10-06,1,1,False,False,,gap_expired,0.121183987,225.053508352,Consumer Cyclical,21.0
45,0R16,2021-12-17,2022-01-21,3,1,False,False,,gap_expired,0.201510873,236.913540479,Consumer Cyclical,21.57
46,0R16,2022-04-13,2022-05-06,2,1,False,False,,gap_expired,0.233979982,230.615616394,Consumer Cyclical,21.82
47,0R16,2022-08-18,2022-12-01,6,3,False,False,,gap_expired,0.029790707,245.373900288,Consumer Cyclical,19.56
48,0R16,2023-04-17,2023-04-21,2,1,False,False,,gap_expired,-0.261918963,271.552124647,Consumer Cyclical,16.95
49,0R16,2023-08-30,2023-09-07,2,1,False,False,,gap_expired,-0.206830882,268.590864062,Consumer Cyclical,13.88
50,0R16,2023-12-01,2023-12-01,1,1,False,True,,gap_expired,-0.291193423,271.898467948,Consumer Cyclical,12.63
51,0R16,2024-03-12,2024-03-12,1,1,False,False,,gap_expired,-0.045408078,280.420917986,Consumer Cyclical,13.84
52,0R16,2024-07-02,2024-10-11,5,2,False,True,,gap_expired,0.056679579,239.9816188,Consumer Cyclical,12.03
53,0R2J,2019-07-29,2020-01-06,12,4,False,True,,gap_expired,0.261048883,46.919556616,Basic Materials,12.83
54,0R2J,2023-04-18,2023-04-18,1,1,False,False,,gap_expired,-0.047122166,52.982905008,Basic Materials,16.83
55,0R2J,2023-09-19,2023-09-19,1,1,False,False,,gap_expired,0.425833975,47.415720562,Basic Materials,14.11
56,0R2J,2024-05-06,2024-05-06,1,1,False,False,,gap_expired,0.707118281,64.226604385,Basic Materials,13.49
57,0R2J,2024-08-01,2024-11-05,4,2,False,False,,gap_expired,0.590749253,75.419499913,Basic Materials,18.59
58,1FA,2023-05-02,2023-06-05,2,2,False,True,,gap_expired,0.675474565,38.05,Consumer Defensive,17.78
59,1FA,2024-01-26,2024-01-26,1,1,False,False,,gap_expired,1.884268461,49.75,Consumer Defensive,13.26
60,1FA,2024-05-17,2024-05-17,1,1,False,False,,gap_expired,0.944637835,78.54,Consumer Defensive,11.99
61,1FA,2024-09-04,2024-09-04,1,1,False,False,,gap_expired,0.18787953,98.34,Consumer Defensive,21.32
62,1FA,2024-11-15,2024-11-15,1,1,False,True,,gap_expired,-0.5666147,143.13,Consumer Defensive,16.14
63,2BH,2018-04-13,2018-04-13,1,1,False,False,,gap_expired,0.084888692,90.469353571,Healthcare,17.41
64,2BH,2018-08-07,2018-08-13,2,1,False,False,,gap_expired,-0.050491745,121.70349451,Healthcare,10.93
65,2BH,2018-10-16,2018-11-07,3,1,False,True,,gap_expired,-0.165986489,127.948793796,Healthcare,17.62
66,2BH,2019-01-24,2019-05-20,4,2,False,False,,gap_expired,-0.169982754,125.9077297,Healthcare,18.89
67,2BH,2020-01-24,2020-01-24,1,1,False,False,,gap_expired,-0.043875245,134.755866196,Healthcare,14.56
68,2BH,2020-07-29,2020-07-29,1,1,False,True,,gap_expired,0.568467404,122.417433944,Healthcare,24.1
69,2BH,2020-12-16,2020-12-16,1,1,False,False,,gap_expired,0.316999213,155.635365884,Healthcare,22.5
70,2BH,2021-10-18,2021-10-18,1,1,False,False,,gap_expired,0.018092758,239.240828373,Healthcare,16.31
71,2BH,2023-04-25,2023-04-25,1,1,False,False,,gap_expired,-0.17139256,276.066191706,Healthcare,18.76
72,2BH,2024-05-03,2024-05-03,1,1,False,False,,gap_expired,0.039675963,305.213960753,Healthcare,13.49
73,2BH,2024-08-21,2024-10-28,3,2,False,False,,gap_expired,-0.091478209,374.557285828,Healthcare,16.27
74,2HQ,2019-03-13,2019-03-13,1,1,False,False,,gap_expired,-0.91832771,706.5,Healthcare,13.41
75,2HQ,2020-07-29,2020-07-29,1,1,False,False,,gap_expired,1.26386043,74.7,Healthcare,24.1
76,2HQ,2021-01-20,2021-01-20,1,1,False,False,,gap_expired,0.449096942,180.6,Healthcare,21.58
77,2HQ,2022-04-12,2022-04-12,1,1,False,False,,gap_expired,-0.560373273,62.4,Healthcare,24.26
78,2HQ,2022-11-03,2022-11-03,1,1,False,False,,gap_expired,-0.724045774,39.5,Healthcare,25.3
79,2HQ,2024-04-05,2024-04-05,1,1,False,False,,gap_expired,-0.865543947,25.9,Healthcare,16.03
80,35G,2019-06-11,2019-06-11,1,1,False,True,,gap_expired,-0.124650325,33.960235285,Technology,15.99
81,600941,2019-01-29,2019-01-29,1,1,False,False,,gap_expired,0.914445343,0.0023,Communication Services,19.13
82,601888,2018-01-16,2018-01-16,1,1,False,False,,gap_expired,0.156639474,33.879627928,Consumer Cyclical,11.66
83,601888,2018-09-25,2018-09-25,1,1,False,True,,gap_expired,0.064164606,38.94296999,Consumer Cyclical,12.42
84,601888,2019-10-02,2019-10-02,1,1,False,False,,gap_expired,-0.245541414,42.440316526,Consumer Cyclical,20.56
85,601888,2020-03-09,2020-03-09,1,1,False,False,,gap_expired,-0.443813767,45.828161199,Consumer Cyclical,54.46
86,601888,2021-05-04,2021-05-04,1,1,False,True,,gap_expired,0.241538368,52.588828405,Consumer Cyclical,19.48
87,601888,2021-11-05,2021-11-05,1,1,False,True,,gap_expired,0.268384398,62.362339723,Consumer Cyclical,16.48
88,601888,2022-10-11,2022-10-11,1,1,True,False,2022-10-11,gap_expired,-0.329494572,58.075783152,Consumer Cyclical,33.63
89,603912,2018-12-10,2018-12-10,1,1,False,False,,gap_expired,0.428375531,88.12,Technology,22.64
90,603912,2019-09-18,2019-09-18,1,1,False,True,,gap_expired,0.325600708,104.0,Technology,13.95
91,788,2021-08-02,2021-08-02,1,1,False,False,,gap_expired,-0.431873831,36.5,Consumer Cyclical,19.46
92,847,2018-05-02,2018-05-02,1,1,False,False,,gap_expired,-0.181596564,40.053949713,Technology,15.97
93,847,2019-06-19,2019-06-19,1,1,False,True,,gap_expired,0.101003284,36.426681081,Technology,14.33
94,847,2022-12-01,2022-12-01,1,1,False,True,,gap_expired,0.398384327,46.8748046,Technology,19.84
95,9WY,2024-10-10,2024-12-02,2,2,False,False,,gap_expired,-0.240841445,332.294968685,Energy,20.93
96,A,2020-02-11,2020-02-11,1,1,False,False,,gap_expired,0.317086729,81.873838697,Healthcare,15.18
97,A,2021-06-28,2021-08-18,2,1,False,False,,gap_expired,-0.098236521,142.837664884,Healthcare,15.76
98,A,2024-12-18,2024-12-18,1,1,False,False,,gap_expired,-0.13335681,131.833090837,Healthcare,27.62
99,AA,2018-03-19,2018-03-26,2,1,False,True,,gap_expired,-0.437037854,44.291582252,Basic Materials,19.02
100,AA,2021-04-28,2021-05-03,2,1,False,False,,gap_expired,0.073119779,35.331968267,Basic Materials,17.28
101,AAL,2018-01-11,2018-01-11,1,1,False,False,,gap_expired,-0.357231196,55.127088598,Industrials,9.88
102,AAL,2018-04-12,2018-04-12,1,1,False,False,,gap_expired,-0.354807895,45.653255379,Industrials,18.49
103,AAL,2018-07-05,2018-08-06,2,1,False,True,,gap_expired,-0.073565081,37.381282373,Industrials,14.97
104,AAL,2018-11-28,2018-11-28,1,1,False,False,,gap_expired,-0.082255406,38.182552824,Industrials,18.49
105,AAL,2020-04-13,2020-04-13,1,1,False,False,,gap_expired,-0.071578013,12.22,Industrials,41.17
106,AAL,2020-08-05,2020-08-06,2,1,False,False,,gap_expired,0.257188453,13.04,Industrials,22.99
107,AAL,2021-07-14,2021-07-14,1,1,False,False,,gap_expired,-0.194542821,20.56,Industrials,16.33
108,AAL,2022-04-21,2022-06-21,3,2,False,False,,gap_expired,-0.32188241,20.6,Industrials,22.68
109,AAL,2023-01-17,2023-02-07,2,1,False,False,,gap_expired,-0.448207861,17.53,Industrials,19.36
110,AAL,2023-07-31,2023-08-24,2,2,False,True,,gap_expired,-0.59369411,16.54,Industrials,13.63
111,AAP,2018-01-05,2018-01-17,2,1,False,False,,gap_expired,0.508151633,98.483188362,Consumer Cyclical,9.22
112,AAP,2021-04-27,2021-04-27,1,1,False,True,,gap_expired,0.154539734,175.257553324,Consumer Cyclical,17.56
113,AAP,2022-06-14,2022-06-14,1,1,False,False,,gap_expired,-0.769888145,156.459067986,Consumer Cyclical,32.69
114,AAPL,2018-01-02,2024-12-12,395,59,True,True,2018-01-02,gap_expired,-0.083987942,40.367391883,Technology,9.77
115,AB,2019-04-18,2019-04-18,1,1,False,False,,gap_expired,-0.263954843,16.963718802,Financial Services,12.09
116,AB,2023-02-09,2023-02-09,1,1,False,False,,gap_expired,-0.309989073,30.299216853,Financial Services,20.71
117,AB,2024-05-13,2024-05-13,1,1,False,False,,gap_expired,0.200847235,28.852740785,Financial Services,13.6
118,ABBV,2018-01-08,2018-02-08,3,2,False,False,,gap_expired,-0.046282689,70.100451538,Healthcare,9.52
119,ABBV,2018-05-08,2018-08-09,4,2,True,True,2018-07-23,gap_expired,-0.119005987,71.298814118,Healthcare,14.71
120,ABBV,2019-04-12,2019-04-12,1,1,False,True,,gap_expired,0.094239035,60.7911385,Healthcare,12.01
121,ABBV,2019-08-20,2020-05-05,23,8,True,True,2019-11-21,gap_expired,0.313722588,51.335234187,Healthcare,17.5
122,ABBV,2020-10-13,2021-08-18,12,5,True,True,2020-12-08,gap_expired,0.035098726,70.876059416,Healthcare,26.07
123,ABBV,2022-01-03,2022-08-29,8,4,True,True,2022-01-03,gap_expired,0.450647734,115.763220467,Healthcare,16.6
124,ABBV,2024-04-08,2024-04-08,1,1,False,False,,gap_expired,0.043120818,158.43957313,Healthcare,15.19
125,ABBV,2024-11-15,2024-11-15,1,1,False,False,,gap_expired,0.307176544,158.747387597,Healthcare,16.14
126,ABCL,2021-09-22,2021-09-22,1,1,False,False,,gap_expired,-0.419487862,21.41,Healthcare,20.87
127,ABG,2021-07-22,2021-07-22,1,1,False,False,,gap_expired,-0.075823677,195.53,Consumer Cyclical,17.69
128,ABM,2019-08-21,2019-08-21,1,1,False,False,,gap_expired,-0.201141711,34.091819399,Industrials,15.8
129,ABNB,2020-12-21,2021-06-30,13,6,False,True,,gap_expired,-0.291279419,170.0,Consumer Cyclical,25.16
130,ABNB,2021-09-21,2022-01-28,7,3,False,True,,gap_expired,-0.261177106,170.029,Consumer Cyclical,24.36
131,ABNB,2022-05-03,2022-06-30,4,3,False,True,,gap_expired,-0.220120618,152.55,Consumer Cyclical,29.25
132,ABNB,2022-10-12,2022-11-04,2,1,False,True,,gap_expired,-0.101592753,107.3,Consumer Cyclical,33.57
133,ABNB,2023-01-06,2024-05-03,18,10,True,True,2023-04-12,gap_expired,0.366964933,90.255,Consumer Cyclical,21.13
134,ABNB,2024-09-27,2024-11-08,2,1,False,True,,gap_expired,-0.23728597,127.35,Consumer Cyclical,16.96
135,ABT,2018-01-29,2018-01-29,1,1,False,False,,gap_expired,0.216741222,54.233899989,Healthcare,13.84
136,ABT,2018-06-13,2019-01-18,10,4,True,True,2018-11-29,gap_expired,0.270806288,54.861524255,Healthcare,12.94
137,ABT,2019-10-03,2022-02-04,30,14,True,True,2019-10-03,gap_expired,0.167700914,72.463694462,Healthcare,19.12
138,ABT,2023-02-28,2023-02-28,1,1,False,False,,gap_expired,-0.114839709,94.938238231,Healthcare,20.7
139,ABT,2023-07-20,2023-10-13,4,2,False,True,,gap_expired,-0.296935241,107.437564361,Healthcare,13.99
140,ABT,2024-01-09,2024-12-10,20,6,True,True,2024-02-29,gap_expired,-0.22060978,108.223733386,Healthcare,12.76
141,ABX,2020-10-06,2020-11-13,4,1,False,False,,gap_expired,-0.307431252,9.469109788,Financial Services,29.48
142,ABX,2021-02-12,2021-06-24,5,2,False,True,,gap_expired,-0.188277739,10.18700382,Financial Services,19.97
143,ABX,2021-09-13,2021-10-01,2,1,False,False,,gap_expired,0.136514405,9.507849054,Financial Services,19.37
144,ABX,2021-12-15,2021-12-15,1,1,False,True,,gap_expired,0.199314606,9.556399996,Financial Services,19.29
145,ABX,2022-02-25,2022-02-25,1,1,False,False,,gap_expired,0.103372178,9.585498076,Financial Services,27.59
146,ABX,2022-06-15,2022-08-03,2,1,False,False,,gap_expired,-0.142142314,9.663098097,Financial Services,29.62
147,ABX,2022-12-02,2023-04-12,5,3,False,True,,gap_expired,-0.449747927,9.789299999,Financial Services,19.06
148,ABX,2023-08-22,2023-08-22,1,1,False,False,,gap_expired,0.113303999,7.082442684,Financial Services,16.97
149,ABX,2023-10-24,2023-10-24,1,1,False,True,,gap_expired,0.070115102,5.995764207,Financial Services,18.97
150,ABX,2024-01-18,2024-01-18,1,1,False,False,,gap_expired,-0.61661691,11.060185004,Financial Services,14.13
151,ABX,2024-04-08,2024-04-22,2,1,False,True,,gap_expired,-0.432622517,11.763589555,Financial Services,15.19
152,ABX,2024-06-24,2024-06-24,1,1,False,True,,gap_expired,-0.598586062,8.246670522,Financial Services,13.33
153,ACAD,2018-11-28,2018-11-28,1,1,False,False,,gap_expired,1.086219626,20.37,Healthcare,18.49
154,ACAD,2019-09-12,2019-09-12,1,1,False,True,,gap_expired,-0.181571478,40.12,Healthcare,14.22
155,ACAD,2020-12-07,2020-12-07,1,1,False,False,,gap_expired,-0.885505723,53.21,Healthcare,21.3
156,ACB,2019-10-24,2019-10-24,1,1,False,False,,gap_expired,-0.758714347,444.0,Healthcare,13.71
157,ACGL,2022-12-20,2022-12-20,1,1,False,False,,gap_expired,-0.07227535,59.383582785,Financial Services,21.48
158,ACHR,2024-12-10,2024-12-10,1,1,False,False,,gap_expired,-0.107141142,7.6,Industrials,14.18
159,ACI,2020-07-02,2020-10-23,5,2,False,True,,gap_expired,-0.147698351,10.406869335,Consumer Defensive,27.68
160,ACI,2021-06-16,2021-08-12,2,2,False,True,,gap_expired,0.581343575,13.110741367,Consumer Defensive,18.15
161,ACI,2021-10-15,2021-10-15,1,1,False,True,,gap_expired,0.117102693,18.991663152,Consumer Defensive,16.3
162,ACI,2022-01-07,2022-01-07,1,1,False,False,,gap_expired,0.046890665,21.485477355,Consumer Defensive,18.76
163,ACI,2022-11-16,2022-11-16,1,1,False,True,,gap_expired,0.016953372,19.019091711,Consumer Defensive,24.11
164,ACI,2024-09-11,2024-09-11,1,1,False,False,,gap_expired,-0.180928769,17.73692421,Consumer Defensive,17.69
165,ACLS,2023-01-10,2023-02-24,2,2,False,False,,gap_expired,-0.022441933,94.21,Technology,20.58
166,ACM,2020-02-21,2020-02-21,1,1,False,False,,gap_expired,-0.061557945,47.902047127,Industrials,17.08
167,ACM,2022-05-10,2022-05-10,1,1,False,False,,gap_expired,0.155767305,63.035613342,Industrials,32.99
168,ACM,2023-07-10,2023-07-10,1,1,False,False,,gap_expired,-0.278541578,84.662674418,Industrials,15.07
169,ACM,2024-03-26,2024-03-26,1,1,False,False,,gap_expired,-0.126274217,95.658226628,Industrials,13.24
170,ACN,2018-01-22,2018-03-16,2,1,False,False,,gap_expired,-0.002103754,141.575084591,Technology,11.03
171,ACN,2018-06-13,2018-07-10,2,1,False,False,,gap_expired,0.088390952,144.630842373,Technology,12.94
172,ACN,2018-09-21,2018-09-21,1,1,False,False,,gap_expired,0.080355394,153.246870608,Technology,11.68
173,ACN,2019-03-22,2019-03-22,1,1,False,False,,gap_expired,0.076709318,147.427139327,Technology,16.48
174,ACN,2019-09-20,2019-09-20,1,1,False,False,,gap_expired,0.120558719,173.29078613,Technology,15.32
175,ACN,2019-12-11,2019-12-11,1,1,False,False,,gap_expired,0.048044267,182.930313168,Technology,14.99
176,ACN,2020-03-13,2020-03-13,1,1,False,False,,gap_expired,0.132568613,134.703295768,Technology,57.83
177,ACN,2020-09-18,2020-09-18,1,1,False,False,,gap_expired,0.091026983,213.23927384,Technology,25.83
178,ACN,2020-12-17,2020-12-17,1,1,False,False,,gap_expired,0.237157814,242.621803922,Technology,21.93
179,ACN,2021-12-10,2021-12-10,1,1,False,False,,gap_expired,-0.078843323,353.171123302,Technology,18.69
180,ACN,2022-05-04,2022-05-04,1,1,False,False,,gap_expired,-0.122610117,290.812493577,Technology,25.42
181,ACN,2022-10-12,2022-10-12,1,1,False,False,,gap_expired,0.004675688,229.894685519,Technology,33.57
182,ACN,2022-12-16,2022-12-16,1,1,False,False,,gap_expired,0.070914543,248.282907826,Technology,22.62
183,ACN,2023-02-27,2023-04-03,3,2,True,False,2023-04-03,gap_expired,0.139290487,250.747898929,Technology,20.95
184,ACN,2024-05-16,2024-05-16,1,1,False,False,,gap_expired,-0.072235663,299.110242324,Technology,12.42
185,ACN,2024-10-09,2024-10-09,1,1,False,False,,gap_expired,-0.478449916,354.058223065,Technology,20.86
186,ADB,2018-01-02,2018-03-12,4,2,False,False,,gap_expired,0.314513639,178.0,Technology,9.77
187,ADB,2018-05-30,2018-07-05,6,1,False,True,,gap_expired,0.019772594,247.11,Technology,14.94
188,ADB,2018-09-04,2019-06-19,13,4,False,True,,gap_expired,0.022552161,265.61,Technology,13.16
189,ADB,2019-08-22,2020-03-10,15,4,False,True,,gap_expired,0.444512191,289.23,Technology,16.68
190,ADB,2020-06-11,2021-01-07,9,4,True,True,2020-10-21,gap_expired,-0.041025997,409.3,Technology,40.79
191,ADB,2021-06-11,2021-06-21,2,1,False,False,,gap_expired,-0.213288285,545.04,Technology,15.65
192,ADB,2021-09-21,2022-04-21,11,4,False,True,,gap_expired,-0.411740317,624.79,Technology,24.36
193,ADB,2022-09-19,2022-09-19,1,1,False,False,,gap_expired,0.616979711,292.82,Technology,25.76
194,ADB,2023-03-15,2024-12-06,22,10,True,True,2023-06-08,gap_expired,0.141138471,344.57,Technology,26.14
195,ADI,2018-01-08,2018-01-08,1,1,False,False,,gap_expired,0.023465324,79.129215862,Technology,9.52
196,ADI,2018-08-17,2018-08-17,1,1,False,False,,gap_expired,0.125322664,82.519478009,Technology,12.64
197,ADI,2018-11-27,2019-01-07,2,2,False,False,,gap_expired,0.093903585,78.649603862,Technology,19.02
198,ADI,2019-12-04,2019-12-04,1,1,False,False,,gap_expired,0.08205006,102.276529218,Technology,14.8
199,ADI,2020-08-19,2020-08-19,1,1,False,False,,gap_expired,0.099639905,106.811279961,Technology,22.54
200,ADI,2020-11-20,2020-12-16,2,1,False,False,,gap_expired,0.043094933,123.378774873,Technology,23.7
201,ADI,2022-08-15,2022-08-15,1,1,False,False,,gap_expired,-0.039589969,168.603266383,Technology,19.95
202,ADI,2023-02-28,2023-02-28,1,1,False,False,,gap_expired,-0.234541126,175.289238317,Technology,20.7
203,ADI,2024-05-17,2024-05-17,1,1,False,False,,gap_expired,-0.112518129,208.854376976,Technology,11.99
204,ADM,2018-01-23,2018-01-23,1,1,False,True,,gap_expired,0.101184184,33.696600156,Consumer Defensive,11.1
205,ADM,2021-08-04,2021-08-04,1,1,False,True,,gap_expired,0.477014326,52.09298624,Consumer Defensive,17.97
206,ADM,2022-03-22,2022-03-22,1,1,False,False,,gap_expired,-0.013292243,78.824155344,Consumer Defensive,22.94
207,ADM,2022-07-27,2022-08-30,2,1,False,False,,gap_expired,-0.072966421,71.925617408,Consumer Defensive,23.24
208,ADM,2022-12-14,2022-12-14,1,1,False,False,,gap_expired,-0.417121117,83.618369258,Consumer Defensive,21.14
209,ADM,2023-03-09,2023-03-09,1,1,False,False,,gap_expired,-0.585392799,70.748118315,Consumer Defensive,22.61
210,ADMA,2023-02-28,2023-02-28,1,1,False,False,,gap_expired,0.229497406,3.57,Healthcare,20.7
211,ADMA,2024-07-22,2024-08-29,2,2,False,True,,gap_expired,0.143758697,13.78,Healthcare,14.91
212,ADNT,2020-10-22,2020-10-22,1,1,False,False,,gap_expired,0.474426809,23.93,Consumer Cyclical,28.11
213,ADP,2018-01-31,2018-01-31,1,1,False,True,,gap_expired,0.210459923,103.515965197,Technology,13.54
214,ADP,2018-06-11,2018-07-12,2,1,True,True,2018-06-11,gap_expired,0.164527057,117.160309553,Technology,12.35
215,ADP,2019-05-10,2019-08-13,3,2,False,True,,gap_expired,-0.12179507,137.304884418,Technology,16.04
216,ADP,2020-04-29,2020-04-29,1,1,False,False,,gap_expired,-0.129242655,127.939694356,Technology,31.23
217,ADSK,2018-09-04,2018-10-11,2,2,False,False,,gap_expired,-0.073100167,153.87,Technology,13.16
218,ADSK,2019-02-12,2019-02-12,1,1,False,False,,gap_expired,0.048435032,159.97,Technology,15.43
219,ADSK,2019-05-08,2019-05-08,1,1,False,False,,gap_expired,0.042764168,169.23,Technology,19.4
220,ADSK,2019-11-26,2019-11-26,1,1,False,False,,gap_expired,0.421484314,170.53,Technology,11.54
221,ADSK,2020-07-22,2020-07-22,1,1,False,False,,gap_expired,-0.071894108,241.29,Technology,24.32
222,ADSK,2021-01-07,2021-01-07,1,1,False,False,,gap_expired,-0.411924792,316.41,Technology,22.37
223,ADSK,2022-04-08,2022-04-08,1,1,False,True,,gap_expired,0.042634283,198.41,Technology,21.16
224,ADSK,2023-08-10,2023-08-10,1,1,False,False,,gap_expired,-0.049100575,205.75,Technology,15.85
225,ADUS,2024-04-05,2024-04-05,1,1,False,False,,gap_expired,-0.091533591,103.2,Healthcare,16.03
226,AEO,2020-10-08,2020-11-20,4,2,False,False,,gap_expired,0.313997045,13.348315081,Consumer Cyclical,26.36
227,AEO,2021-02-26,2022-04-20,13,7,True,False,2021-06-22,gap_expired,-0.324312211,22.818181142,Consumer Cyclical,27.95
228,AEO,2023-01-09,2023-01-09,1,1,False,False,,gap_expired,0.21940447,13.729681336,Consumer Cyclical,21.97
229,AEP,2018-01-22,2023-02-24,47,26,True,True,2018-01-29,gap_expired,0.230177343,51.067895794,Utilities,11.03
230,AEP,2023-07-20,2024-01-17,5,3,True,False,2023-11-03,gap_expired,-0.115048413,78.537991404,Utilities,13.99
231,AEP,2024-11-07,2024-11-07,1,1,False,True,,gap_expired,0.164007809,91.914666388,Utilities,15.2
232,AER,2023-11-13,2023-11-13,1,1,False,False,,gap_expired,0.094902148,65.330138666,Industrials,14.76
233,AFL,2019-04-24,2019-04-24,1,1,False,True,,gap_expired,-0.226830799,41.489188114,Financial Services,13.14
234,AFOM,2021-06-29,2021-06-29,1,1,False,False,,gap_expired,-0.476994339,0.0064562,Communication Services,16.02
235,AFOM,2021-09-08,2021-10-19,3,3,False,False,,gap_expired,-0.562824284,0.00915801,Communication Services,17.96
236,AFOM,2022-04-01,2022-04-01,1,1,False,False,,gap_expired,-0.092146209,0.004180074,Communication Services,19.63
237,AFRM,2021-02-02,2021-02-12,2,2,False,True,,gap_expired,-0.686694819,115.951,Financial Services,25.56
238,AFRM,2021-04-16,2021-05-11,2,2,False,True,,gap_expired,-0.551985954,68.5,Financial Services,16.25
239,AFRM,2021-07-14,2022-01-21,11,6,False,True,,gap_expired,-0.496874199,57.44,Financial Services,16.33
240,AFRM,2022-04-28,2022-04-28,1,1,False,True,,gap_expired,-0.27023708,30.98,Financial Services,29.99
241,AFRM,2023-11-15,2023-11-15,1,1,False,False,,gap_expired,0.01670902,25.46,Financial Services,14.18
242,AFRM,2024-02-12,2024-02-12,1,1,False,False,,gap_expired,0.691427511,41.59,Financial Services,13.93
243,AFRM,2024-05-08,2024-06-07,2,1,False,False,,gap_expired,0.505404445,32.61,Financial Services,13.0
244,AFRM,2024-08-29,2024-12-17,6,3,False,False,,gap_expired,0.988494722,41.5,Financial Services,15.65
245,AGCO,2018-05-01,2018-05-01,1,1,False,False,,gap_expired,0.109432994,49.893794532,Industrials,15.49
246,AGCO,2019-05-29,2019-05-29,1,1,False,False,,gap_expired,-0.286335164,56.036185805,Industrials,17.9
247,AGCO,2019-09-18,2019-09-18,1,1,False,True,,gap_expired,-0.127291131,63.379888886,Industrials,13.95
248,AGCO,2020-10-08,2020-10-12,2,1,False,True,,gap_expired,0.320091393,67.666195328,Industrials,26.36
249,AGCO,2021-04-27,2021-10-13,5,4,True,False,2021-04-27,gap_expired,-0.180272248,132.542877784,Industrials,17.56
250,AGCO,2022-03-22,2022-04-13,4,1,False,True,,gap_expired,0.048003971,119.659871663,Industrials,22.94
251,AGCO,2022-06-23,2022-06-23,1,1,False,False,,gap_expired,0.25391717,89.019780199,Industrials,29.05
252,AGCO,2022-08-25,2022-08-25,1,1,False,False,,gap_expired,0.049156218,105.003641313,Industrials,21.78
253,AGCO,2023-02-08,2023-02-08,1,1,False,True,,gap_expired,-0.321396023,123.077546313,Industrials,19.63
254,AGCO,2023-05-19,2023-05-19,1,1,False,True,,gap_expired,-0.3019619,108.589288767,Industrials,16.81
255,AGCO,2024-12-20,2024-12-20,1,1,False,False,,gap_expired,-0.039768859,92.319948221,Industrials,18.36
256,AI,2020-12-16,2020-12-16,1,1,False,False,,gap_expired,-0.989655998,118.44,Technology,22.5
257,AI,2021-08-19,2021-08-19,1,1,False,True,,gap_expired,-0.525251635,44.75,Technology,21.67
258,AIG,2020-01-16,2020-01-16,1,1,False,False,,gap_expired,-0.324116249,44.944628287,Financial Services,12.32
259,AIR,2024-04-04,2024-04-04,1,1,False,False,,gap_expired,-0.168134972,60.01,Industrials,16.35
260,AIT,2024-12-06,2024-12-06,1,1,False,False,,gap_expired,-0.186834619,273.49177819,Industrials,12.77
261,AJG,2019-08-05,2019-08-05,1,1,False,True,,gap_expired,0.056389252,79.951539712,Financial Services,24.59
262,AKAM,2018-03-14,2018-03-14,1,1,False,False,,gap_expired,-0.082037682,74.8,Technology,17.23
263,AKAM,2018-05-23,2018-05-23,1,1,False,False,,gap_expired,-0.039717849,77.31,Technology,12.58
264,AKAM,2019-03-11,2019-04-26,2,2,True,True,2019-04-26,gap_expired,0.206836725,72.0,Technology,14.33
265,AKAM,2020-08-20,2020-10-08,2,1,False,False,,gap_expired,-0.311437063,110.85,Technology,22.72
266,AKAM,2024-05-03,2024-05-03,1,1,False,False,,gap_expired,-0.260240457,100.09,Technology,13.49
267,ALAB,2024-11-18,2024-11-18,1,1,False,True,,gap_expired,0.424294817,90.6,Technology,15.58
268,ALB,2018-06-22,2018-07-10,2,1,False,False,,gap_expired,-0.332477864,84.44519076,Basic Materials,13.77
269,ALB,2018-10-22,2018-10-22,1,1,False,False,,gap_expired,-0.390815611,86.522077828,Basic Materials,19.64
270,ALB,2021-08-24,2021-08-24,1,1,False,False,,gap_expired,0.347672811,217.394642752,Basic Materials,17.22
271,ALB,2022-05-18,2022-05-18,1,1,False,False,,gap_expired,-0.210401801,223.448184457,Basic Materials,30.96
272,ALB,2022-07-27,2022-07-27,1,1,False,False,,gap_expired,-0.256485612,226.094991318,Basic Materials,23.24
273,ALB,2022-12-19,2022-12-19,1,1,False,False,,gap_expired,-0.190673117,220.081643228,Basic Materials,22.42
274,ALB,2023-04-28,2023-05-08,2,1,False,False,,gap_expired,0.008273037,179.68477809,Basic Materials,15.78
275,ALB,2023-08-23,2023-08-23,1,1,False,False,,gap_expired,-0.104484389,184.33121597,Basic Materials,15.98
276,ALC,2019-08-15,2019-08-15,1,1,False,False,,gap_expired,-0.174540366,59.006177178,Healthcare,21.18
277,ALGN,2018-02-01,2018-05-14,3,2,False,False,,gap_expired,0.043197231,251.57,Healthcare,13.47
278,ALGN,2019-04-25,2019-04-25,1,1,False,False,,gap_expired,-0.373382096,298.75,Healthcare,13.25
279,ALGN,2020-01-08,2020-01-08,1,1,False,True,,gap_expired,0.771369831,290.77,Healthcare,13.45
280,ALGN,2021-02-24,2021-04-29,3,2,False,False,,gap_expired,-0.232116825,578.87,Healthcare,21.34
281,ALGN,2021-07-29,2021-07-29,1,1,False,False,,gap_expired,-0.532740029,675.6,Healthcare,17.7
282,ALGN,2024-04-03,2024-04-03,1,1,False,False,,gap_expired,-0.481630146,310.38,Healthcare,14.33
283,ALGT,2021-06-08,2021-06-08,1,1,False,False,,gap_expired,-0.322377109,212.474189451,Industrials,17.07
284,ALK,2022-04-25,2022-04-25,1,1,False,False,,gap_expired,-0.212051959,55.6,Industrials,27.02
285,ALKS,2018-01-08,2018-01-08,1,1,False,False,,gap_expired,-0.375290549,55.42,Healthcare,9.52
286,ALKS,2018-04-16,2018-04-16,1,1,False,False,,gap_expired,-0.354216683,44.73,Healthcare,16.56
287,ALL-PRI,2024-02-09,2024-02-09,1,1,False,False,,gap_expired,-0.008248518,154.463763275,Financial Services,12.93
288,ALLY,2021-05-11,2021-05-11,1,1,False,True,,gap_expired,-0.214415694,44.946461547,Financial Services,21.84
289,ALLY,2024-08-15,2024-08-15,1,1,False,False,,gap_expired,-0.215272612,39.396931491,Financial Services,15.23
290,ALTO,2022-03-31,2022-03-31,1,1,False,False,,gap_expired,-0.704333875,7.06,Basic Materials,20.56
291,AM,2018-01-08,2018-01-08,1,1,False,False,,gap_expired,-0.334155168,9.565447104,Energy,9.52
292,AM,2022-10-13,2022-10-13,1,1,False,True,,gap_expired,0.164639145,7.99439755,Energy,31.94
293,AMAG,2019-08-12,2019-08-12,1,1,False,False,,gap_expired,-0.284446399,11.72,Basic Materials,21.09
294,AMAT,2018-01-03,2018-12-12,13,8,True,True,2018-05-11,gap_expired,-0.172853996,49.767765709,Technology,9.15
295,AMAT,2019-12-19,2020-02-11,3,2,False,False,,gap_expired,0.261391224,57.83726069,Technology,12.5
296,AMAT,2020-10-01,2021-05-25,11,6,False,True,,gap_expired,0.826291546,56.419834462,Technology,26.7
297,AMAT,2021-10-19,2022-02-01,5,3,False,False,,gap_expired,-0.230139541,128.99947105,Technology,15.7
298,AMAT,2022-04-06,2022-07-28,6,2,False,False,,gap_expired,0.051840083,115.054142526,Technology,22.1
299,AMAT,2022-12-19,2022-12-19,1,1,False,False,,gap_expired,0.330408217,99.3544449,Technology,22.42
300,AMAT,2023-07-11,2023-08-21,2,1,False,True,,gap_expired,0.490145512,136.173720481,Technology,14.84
301,AMAT,2023-11-10,2023-11-10,1,1,False,True,,gap_expired,-0.141907037,146.066369694,Technology,14.17
302,AMAT,2024-03-01,2024-05-10,4,2,False,False,,gap_expired,-0.412025249,208.625547664,Technology,13.11
303,AMAT,2024-08-12,2024-08-12,1,1,False,False,,gap_expired,-0.383005719,193.665578481,Technology,20.71
304,AMAT,2024-11-08,2024-12-12,4,3,False,True,,gap_expired,0.038798902,189.957323307,Technology,14.94
305,AMBA,2019-03-11,2019-03-11,1,1,False,True,,gap_expired,0.003713837,43.73,Technology,14.33
306,AMBA,2021-02-22,2021-02-22,1,1,False,True,,gap_expired,-0.328405319,116.49,Technology,23.45
307,AMC,2018-04-19,2018-04-19,1,1,False,False,,gap_expired,-0.113025691,143.218126474,Communication Services,15.96
308,AMC,2018-06-20,2018-06-20,1,1,False,False,,gap_expired,-0.409822904,141.434429655,Communication Services,12.79
309,AMC,2020-06-18,2020-06-18,1,1,False,False,,gap_expired,7.622717107,61.997528984,Communication Services,32.94
310,AMC,2021-05-18,2021-06-28,4,4,False,True,,gap_expired,0.009665733,129.494877369,Communication Services,21.34
311,AMC,2021-10-08,2021-11-05,2,2,False,True,,gap_expired,-0.664625061,368.48555679,Communication Services,18.77
312,AMC,2022-04-06,2022-04-06,1,1,False,True,,gap_expired,-0.671859557,206.291948751,Communication Services,22.1
313,AMC,2023-01-27,2023-01-27,1,1,False,False,,gap_expired,-0.20810589,52.8,Communication Services,18.51
314,AMCR,2020-02-25,2020-02-25,1,1,False,False,,gap_expired,-0.010776177,36.803927253,Consumer Cyclical,27.85
315,AMCR,2020-04-30,2020-04-30,1,1,False,True,,gap_expired,-0.104383566,33.953211983,Consumer Cyclical,34.15
316,AMD,2018-01-30,2024-12-02,179,73,True,True,2020-01-22,gap_expired,0.877878015,13.24,Technology,14.79
317,AME,2018-01-03,2018-01-03,1,1,False,False,,gap_expired,-0.02675437,69.79869027,Industrials,9.15
318,AME,2024-05-14,2024-05-14,1,1,False,False,,gap_expired,-0.065787184,167.601937344,Industrials,13.42
319,AMGN,2018-01-26,2018-03-06,4,1,False,True,,gap_expired,0.016239562,153.769677914,Healthcare,11.08
320,AMGN,2018-06-04,2018-06-04,1,1,False,False,,gap_expired,0.100851895,145.457318584,Healthcare,12.74
321,AMGN,2018-08-22,2019-01-07,7,3,True,False,2018-10-05,gap_expired,-0.009609484,158.119873436,Healthcare,12.25
322,AMGN,2019-05-31,2019-12-02,4,4,True,True,2019-05-31,gap_expired,0.195071268,141.034012508,Healthcare,18.71
323,AMGN,2020-05-28,2020-07-02,2,2,False,True,,gap_expired,-0.323509943,189.6364062,Healthcare,28.59
324,AMGN,2020-09-29,2020-09-29,1,1,False,False,,gap_expired,-0.430227685,211.957337154,Healthcare,26.27
325,AMGN,2023-03-27,2023-03-27,1,1,False,False,,gap_expired,-0.100779848,217.232343579,Healthcare,20.6
326,AMGN,2023-08-15,2023-10-27,3,2,False,True,,gap_expired,-0.017015176,246.419264812,Healthcare,16.46
327,AMGN,2024-02-02,2024-02-02,1,1,False,False,,gap_expired,-0.29566021,304.141110453,Healthcare,13.85
328,AMKR,2020-02-11,2020-02-11,1,1,False,True,,gap_expired,0.53807612,12.465545492,Technology,15.18
329,AMKR,2023-06-12,2023-06-12,1,1,False,False,,gap_expired,0.04841115,25.80425721,Technology,15.01
330,AMKR,2024-02-29,2024-02-29,1,1,False,False,,gap_expired,-0.481935461,30.116252134,Technology,13.4
331,AMN,2019-01-03,2019-01-03,1,1,False,False,,gap_expired,-0.205711885,55.15,Healthcare,25.45
332,AMN,2019-08-15,2019-08-15,1,1,False,False,,gap_expired,-0.266776881,55.41,Healthcare,21.18
333,AMN,2020-03-11,2020-03-11,1,1,False,False,,gap_expired,-0.377420971,65.47,Healthcare,53.9
334,AMN,2020-11-23,2020-11-23,1,1,False,False,,gap_expired,0.51248183,62.5,Healthcare,22.66
335,AMN,2022-01-20,2022-01-20,1,1,False,False,,gap_expired,0.08982338,96.5,Healthcare,25.59
336,AMN,2022-06-15,2022-06-15,1,1,False,False,,gap_expired,-0.163845059,100.63,Healthcare,29.62
337,AMP,2019-03-05,2019-03-05,1,1,False,False,,gap_expired,-0.047077408,115.053357598,Financial Services,14.74
338,AMP,2020-05-13,2020-05-13,1,1,False,True,,gap_expired,0.798437078,103.96675372,Financial Services,35.28
339,AMP,2022-10-28,2022-10-28,1,1,False,False,,gap_expired,-0.069029684,294.75049254,Financial Services,25.75
340,AMP,2023-06-09,2023-06-09,1,1,False,False,,gap_expired,0.1089426,302.778312288,Financial Services,13.83
341,AMRC,2022-11-15,2022-11-15,1,1,False,False,,gap_expired,-0.692442814,62.7,Industrials,24.54
342,AMRN,2019-10-23,2020-03-31,6,5,False,True,,gap_expired,-0.875962242,337.2,Healthcare,14.01
343,AMRN,2020-12-14,2020-12-14,1,1,False,False,,gap_expired,-0.673453374,103.6,Healthcare,24.72
344,AMSC,2021-02-01,2021-02-01,1,1,False,False,,gap_expired,-0.874611983,25.87,Industrials,30.24
345,AMT,2018-05-02,2018-05-02,1,1,False,True,,gap_expired,0.307439747,111.160277255,Real Estate,15.97
346,AMT,2019-01-07,2019-01-07,1,1,False,False,,gap_expired,0.261775055,189.323476141,Real Estate,21.4
347,AMT,2019-03-29,2019-08-01,4,2,False,True,,gap_expired,0.198085045,164.42242058,Real Estate,13.71
348,AMT,2019-10-02,2019-12-19,4,2,False,False,,gap_expired,0.143638544,185.900593806,Real Estate,20.56
349,AMT,2020-03-04,2020-04-15,2,1,False,True,,gap_expired,0.022555879,210.561829019,Real Estate,31.99
350,AMT,2021-03-17,2021-03-17,1,1,False,False,,gap_expired,-0.000862755,190.62757225,Real Estate,19.23
351,AMT,2021-08-16,2021-09-17,2,1,False,False,,gap_expired,0.033674833,245.148722596,Real Estate,16.12
352,AMT,2022-10-12,2022-10-12,1,1,False,False,,gap_expired,-0.296047879,161.320320054,Real Estate,33.57
353,AMT,2023-05-24,2023-06-08,2,1,False,True,,gap_expired,-0.257590071,168.009759279,Real Estate,20.03
354,AMTX,2021-05-03,2021-05-03,1,1,False,False,,gap_expired,-0.438431778,17.62,Basic Materials,18.31
355,AMZN,2018-01-16,2024-12-12,244,53,True,True,2018-01-16,gap_expired,0.326565548,65.612,Consumer Cyclical,11.66
356,AN,2020-06-29,2020-06-29,1,1,False,False,,gap_expired,1.092430279,37.6,Consumer Cyclical,31.78
357,AN,2020-10-08,2020-10-22,2,1,False,True,,gap_expired,0.612900584,62.27,Consumer Cyclical,26.36
358,AN,2021-09-20,2021-09-24,2,1,False,False,,gap_expired,0.01684787,120.23,Consumer Cyclical,25.71
359,AN,2023-10-23,2023-10-23,1,1,False,True,,gap_expired,-0.13103084,129.73,Consumer Cyclical,20.37
360,AN,2024-12-09,2024-12-09,1,1,False,True,,gap_expired,0.05016659,176.52,Consumer Cyclical,14.19
361,ANET,2018-02-01,2018-02-01,1,1,False,True,,gap_expired,-0.170412619,17.009375,Technology,13.47
362,ANET,2018-04-17,2018-04-17,1,1,True,False,2018-04-17,gap_expired,0.169823519,16.015049454,Technology,15.25
363,ANET,2019-04-17,2019-04-17,1,1,False,False,,gap_expired,-0.345093536,20.528800911,Technology,12.6
364,ANET,2019-06-18,2019-06-18,1,1,False,False,,gap_expired,-0.188198341,15.25125,Technology,15.15
365,ANET,2021-02-26,2021-02-26,1,1,False,False,,gap_expired,0.590302241,17.656299155,Technology,27.95
366,ANET,2023-09-20,2023-09-20,1,1,False,False,,gap_expired,0.812498736,45.0925,Technology,15.14
367,ANET,2024-01-22,2024-02-13,2,1,False,False,,gap_expired,0.672303251,66.4275,Technology,13.19
368,ANET,2024-05-08,2024-07-15,4,2,False,True,,gap_expired,0.183183105,73.0175,Technology,13.0
369,ANET,2024-10-10,2024-12-20,4,2,False,True,,gap_expired,0.228700371,102.6,Technology,20.93
370,ANF,2023-09-29,2023-09-29,1,1,False,False,,gap_expired,0.996582061,56.95,Consumer Cyclical,17.52
371,ANF,2024-03-01,2024-03-01,1,1,False,False,,gap_expired,-0.500632048,132.2,Consumer Cyclical,13.11
372,ANF,2024-05-17,2024-05-29,2,2,False,True,,gap_expired,-0.566791246,140.0,Consumer Cyclical,11.99
373,ANF,2024-08-26,2024-08-28,2,2,False,True,,gap_expired,-0.58514207,160.66,Consumer Cyclical,16.15
374,ANF,2024-11-26,2024-12-06,2,1,False,True,,gap_expired,-0.488254936,151.58,Consumer Cyclical,14.1
375,ANGI,2018-11-07,2018-11-07,1,1,False,False,,gap_expired,-0.732091444,197.9,Communication Services,16.36
376,ANGI,2020-07-02,2020-08-17,2,1,False,True,,gap_expired,-0.476141265,139.7,Communication Services,27.68
377,APA,2018-01-05,2018-01-05,1,1,False,False,,gap_expired,-0.122221604,37.355870792,Energy,9.22
378,APA,2019-04-17,2019-04-17,1,1,False,False,,gap_expired,-0.752505248,30.685681364,Energy,12.6
379,APA,2022-01-04,2022-01-04,1,1,False,False,,gap_expired,0.626584226,26.20056339,Energy,16.91
380,APA,2022-08-31,2022-08-31,1,1,False,False,,gap_expired,0.047343882,33.887247258,Energy,25.87
381,APA,2023-01-24,2023-01-24,1,1,False,False,,gap_expired,-0.497704316,39.158427673,Energy,19.2
382,APCB,2018-04-10,2018-04-10,1,1,False,True,,gap_expired,-0.343077351,60.35862254,Energy,20.47
383,APCB,2018-07-12,2018-10-15,2,2,True,False,2018-07-12,gap_expired,-0.283749052,71.9670338,Energy,12.58
384,APCB,2019-04-04,2019-04-04,1,1,False,False,,gap_expired,0.354514422,45.155808216,Energy,13.58
385,APG,2020-12-07,2020-12-07,1,1,False,False,,gap_expired,0.091310138,11.740033711,Industrials,21.3
386,APH,2021-10-27,2021-10-27,1,1,False,False,,gap_expired,0.14586289,36.658126515,Technology,16.98
387,APH,2023-03-31,2023-03-31,1,1,False,True,,gap_expired,0.158111907,39.649676142,Technology,18.7
388,APH,2024-11-19,2024-11-19,1,1,False,False,,gap_expired,0.79997193,70.699496385,Technology,16.35
389,APLE,2018-10-24,2018-10-24,1,1,False,True,,gap_expired,-0.056589118,11.058509225,Real Estate,25.23
390,APLE,2019-11-07,2019-11-07,1,1,False,True,,gap_expired,-0.447074118,12.2344,Real Estate,12.73
391,APP,2021-06-23,2021-08-16,3,3,False,False,,gap_expired,-0.469829415,85.91,Communication Services,16.32
392,APP,2024-05-29,2024-05-29,1,1,False,False,,gap_expired,2.785510371,83.51,Communication Services,14.28
393,APPN,2019-01-17,2019-01-17,1,1,False,False,,gap_expired,0.26152331,32.27,Technology,18.06
394,APPS,2020-12-16,2020-12-16,1,1,False,False,,gap_expired,-0.17038365,50.77,Technology,22.5
395,APPS,2022-06-30,2022-06-30,1,1,False,False,,gap_expired,-0.649556382,17.44,Technology,28.71
396,APTV,2018-08-20,2018-08-20,1,1,False,False,,gap_expired,-0.148271243,93.046840507,Consumer Cyclical,12.49
397,APTV,2020-10-22,2020-10-22,1,1,False,False,,gap_expired,0.349269895,101.08,Consumer Cyclical,28.11
398,AQB,2020-02-11,2020-02-11,1,1,False,False,,gap_expired,-0.965990483,180.0,Consumer Defensive,15.18
399,AQB,2020-12-10,2020-12-10,1,1,False,False,,gap_expired,-0.977443675,148.5,Consumer Defensive,22.52
400,AQN,2023-10-30,2023-10-30,1,1,False,False,,gap_expired,-0.387188502,4.515147513,Utilities,19.75
401,AR,2022-07-05,2022-07-05,1,1,False,True,,gap_expired,-0.389362418,28.89,Energy,27.54
402,AR,2022-11-07,2022-11-07,1,1,False,False,,gap_expired,-0.471931304,38.27,Energy,24.35
403,ARCB,2022-06-03,2022-06-06,2,1,False,False,,gap_expired,0.010524269,81.701265322,Industrials,24.79
404,ARCB,2024-04-04,2024-04-04,1,1,False,False,,gap_expired,-0.56341447,143.027028054,Industrials,16.35
405,ARCB,2024-11-04,2024-11-04,1,1,False,False,,gap_expired,-0.518263686,99.444860046,Industrials,21.98
406,ARE,2020-04-06,2020-05-04,2,2,True,False,2020-05-04,gap_expired,-0.302189411,114.425888251,Real Estate,45.24
407,ARLO,2021-07-14,2021-07-14,1,1,False,False,,gap_expired,-0.001340887,6.99,Industrials,16.33
408,ARLP,2022-06-23,2022-06-23,1,1,False,True,,gap_expired,-0.021117792,11.610736775,Energy,29.05
409,ARM,2023-09-14,2024-05-10,18,5,False,True,,gap_expired,-0.024948512,68.63,Technology,12.82
410,ARM,2024-08-27,2024-12-02,5,2,False,True,,gap_expired,-0.137102177,130.0,Technology,15.43
411,ARNC34,2018-01-08,2018-01-26,2,1,True,False,2018-01-08,gap_expired,-0.303306869,29.8,Industrials,9.52
412,ARNC34,2018-10-11,2018-10-11,1,1,False,True,,gap_expired,0.185490867,21.65,Industrials,24.98
413,ARNC34,2020-07-17,2020-07-17,1,1,False,True,,gap_expired,0.666387273,16.04,Industrials,25.68
414,ARRY,2023-01-24,2023-01-24,1,1,False,False,,gap_expired,-0.690179554,23.27,Technology,19.2
415,ARW,2018-04-04,2018-05-25,2,1,False,False,,gap_expired,-0.015800836,75.46,Technology,20.06
416,ARW,2019-09-12,2019-09-12,1,1,False,False,,gap_expired,-0.114726978,77.72,Technology,14.22
417,ARWR,2019-09-13,2019-10-17,2,2,False,False,,gap_expired,0.106501624,31.0,Healthcare,13.74
418,ARWR,2019-12-20,2019-12-20,1,1,False,True,,gap_expired,0.117929986,64.65,Healthcare,12.51
419,ARWR,2020-09-21,2020-09-21,1,1,False,False,,gap_expired,0.13381174,42.25,Healthcare,27.78
420,ASAN,2021-09-28,2021-09-28,1,1,False,False,,gap_expired,-0.637070678,106.32,Technology,23.25
421,ASML,2021-10-15,2021-10-15,1,1,False,False,,gap_expired,-0.327017512,741.110228373,Technology,16.3
422,ASML,2023-02-27,2023-02-27,1,1,False,False,,gap_expired,0.270153971,596.415237705,Technology,20.95
423,ASML,2023-07-05,2023-07-05,1,1,False,False,,gap_expired,0.267269906,685.357336689,Technology,14.18
424,ASMLF,2020-12-16,2020-12-16,1,1,False,False,,gap_expired,0.311609711,451.726779332,Technology,22.5
425,ASMLF,2021-05-25,2021-05-25,1,1,False,False,,gap_expired,-0.139690032,635.941863015,Technology,18.84
426,ASMLF,2022-01-04,2022-01-04,1,1,False,False,,gap_expired,-0.052516358,738.686382225,Technology,16.91
427,ASMLF,2023-07-20,2023-07-20,1,1,False,False,,gap_expired,0.118478947,672.109281459,Technology,13.99
428,ASMLF,2024-03-06,2024-03-06,1,1,False,False,,gap_expired,-0.397086247,982.739882632,Technology,14.5
429,ASO,2021-07-19,2021-09-13,3,2,False,True,,gap_expired,0.246913901,35.142804195,Consumer Cyclical,22.5
430,ASO,2021-12-15,2021-12-15,1,1,False,False,,gap_expired,0.394480471,41.911740508,Consumer Cyclical,19.29
431,ASO,2022-03-01,2022-03-01,1,1,False,True,,gap_expired,1.018025541,29.958803753,Consumer Cyclical,33.32
432,ASO,2023-04-21,2023-04-21,1,1,False,False,,gap_expired,-0.36826134,65.05518379,Consumer Cyclical,16.77
433,ASO,2023-10-09,2023-11-21,2,1,False,True,,gap_expired,0.06385761,43.171957141,Consumer Cyclical,17.7
434,ASPN,2021-02-09,2021-02-09,1,1,False,True,,gap_expired,-0.114735029,26.975,Industrials,21.63
435,ASTL,2021-11-17,2021-11-17,1,1,False,True,,gap_expired,-0.246784085,9.918212091,Basic Materials,17.11
436,ATAI,2022-01-05,2022-01-05,1,1,False,False,,gap_expired,-0.591262274,6.57,Healthcare,19.73
437,ATIW,2024-07-24,2024-07-24,1,1,False,False,,gap_expired,0.32418491,62.23,Technology,18.04
438,ATKR,2020-01-14,2020-01-14,1,1,False,False,,gap_expired,0.009005291,40.02592457,Industrials,12.39
439,ATKR,2021-05-06,2021-05-06,1,1,False,False,,gap_expired,0.336156749,84.142620604,Industrials,18.39
440,ATKR,2022-01-11,2022-01-11,1,1,False,False,,gap_expired,0.313876798,104.296159801,Industrials,18.41
441,ATKR,2022-08-23,2022-08-23,1,1,False,False,,gap_expired,0.517858779,86.391529083,Industrials,24.11
442,ATKR,2023-10-27,2023-10-27,1,1,False,False,,gap_expired,-0.732693334,121.260391916,Industrials,21.27
443,ATVI,2018-01-04,2018-09-06,9,4,True,True,2018-01-04,gap_expired,0.086695309,62.262218593,Communication Services,9.22
444,ATVI,2019-02-08,2019-02-08,1,1,False,False,,gap_expired,0.148636109,42.249473448,Communication Services,15.72
445,ATVI,2019-06-10,2019-06-10,1,1,False,True,,gap_expired,0.081013314,45.204506702,Communication Services,15.94
446,ATVI,2020-03-06,2020-04-15,3,2,False,True,,gap_expired,0.212401993,55.034938448,Communication Services,41.94
447,ATVI,2020-08-19,2020-08-19,1,1,False,False,,gap_expired,0.013884688,80.276483005,Communication Services,22.54
448,ATVI,2020-12-18,2020-12-18,1,1,False,False,,gap_expired,-0.145943263,87.577857313,Communication Services,21.57
449,ATVI,2021-04-27,2021-06-09,3,1,False,False,,gap_expired,0.05020152,90.76552091,Communication Services,17.56
450,ATVI,2022-11-10,2022-11-10,1,1,False,True,,gap_expired,0.008847719,72.96286249,Communication Services,23.53
451,ATVI,2023-02-07,2023-02-07,1,1,False,False,,gap_expired,0.178348715,72.220926053,Communication Services,18.66
452,AVAV,2024-01-03,2024-01-03,1,1,False,False,,gap_expired,0.060275552,121.47,Industrials,14.04
453,AVAV,2024-05-13,2024-07-24,5,3,False,True,,gap_expired,-0.285373893,188.74,Industrials,13.6
454,AVAV,2024-11-08,2024-11-26,2,2,False,False,,gap_expired,0.139602938,232.0,Industrials,14.94
455,AVB,2024-02-06,2024-02-06,1,1,False,False,,gap_expired,0.076393366,161.455619152,Real Estate,13.06
456,AVGDF,2024-04-17,2024-04-17,1,1,False,False,,gap_expired,-0.564264417,0.18,Basic Materials,18.21
457,AVGO,2024-01-18,2024-12-17,27,8,True,True,2024-01-18,gap_expired,0.82375728,113.168903144,Technology,14.13
458,AWK,2024-11-13,2024-11-13,1,1,False,True,,gap_expired,-0.116915041,128.828107782,Utilities,14.02
459,AXON,2024-04-24,2024-04-24,1,1,False,False,,gap_expired,0.905805059,300.99,Industrials,15.97
460,AXON,2024-10-17,2024-12-06,3,2,False,True,,gap_expired,0.440542012,438.78,Industrials,19.11
461,AXP,2024-01-04,2024-01-30,3,1,False,True,,gap_expired,0.359279814,182.82589003,Financial Services,14.13
462,AXP,2024-05-03,2024-10-21,7,3,False,True,,gap_expired,0.121031943,228.037944743,Financial Services,13.49
463,AXSM,2024-02-05,2024-02-05,1,1,False,False,,gap_expired,-0.110809262,94.25,Healthcare,13.67
464,AZEK,2020-12-03,2020-12-03,1,1,False,False,,gap_expired,-0.17575549,36.32,Industrials,21.28
465,AZEK,2021-02-12,2021-02-12,1,1,False,True,,gap_expired,-0.523854978,48.73,Industrials,19.97
466,AZEK,2021-06-17,2021-06-17,1,1,False,False,,gap_expired,-0.465838327,39.57,Industrials,17.75
467,AZEK,2021-10-07,2021-10-07,1,1,False,False,,gap_expired,-0.368849414,37.71,Industrials,19.54
468,AZEK,2023-06-07,2023-06-07,1,1,False,False,,gap_expired,0.411481514,26.72,Industrials,13.94
469,AZEK,2024-08-26,2024-08-26,1,1,False,False,,gap_expired,0.019929629,43.03,Industrials,16.15
470,AZEK,2024-12-13,2024-12-13,1,1,False,True,,gap_expired,-0.031239484,53.4,Industrials,13.81
471,AZN,2024-04-04,2024-06-11,6,2,False,True,,gap_expired,0.046586375,127.966368275,Healthcare,16.35
472,AZN,2024-11-14,2024-11-14,1,1,True,False,2024-11-14,gap_expired,0.334687951,122.160206518,Healthcare,14.31
473,AZO,2024-08-13,2024-08-13,1,1,False,False,,gap_expired,-0.096008489,3153.86,Consumer Cyclical,18.12
474,AZO,2024-11-26,2024-11-26,1,1,False,False,,gap_expired,0.010581985,3124.74,Consumer Cyclical,14.1
475,BA,2024-01-24,2024-02-07,2,1,False,True,,gap_expired,-0.226064518,208.2,Industrials,13.14
476,BA,2024-05-15,2024-06-10,3,1,False,True,,gap_expired,-0.349024896,177.6,Industrials,12.45
477,BA,2024-10-23,2024-11-06,3,1,False,False,,gap_expired,-0.002071452,152.61,Industrials,19.24
478,BABA,2024-01-24,2024-10-07,8,5,False,True,,gap_expired,0.032303693,73.965477164,Consumer Cyclical,13.14
479,BABA,2024-12-11,2024-12-13,2,1,False,False,,gap_expired,0.557299766,88.332039561,Consumer Cyclical,13.58
480,BAC,2024-01-10,2024-02-28,2,1,False,False,,gap_expired,0.172569461,31.795753136,Financial Services,12.69
481,BAC,2024-05-10,2024-05-10,1,1,False,True,,gap_expired,0.033209139,37.068428099,Financial Services,12.55
482,BAC,2024-07-16,2024-09-12,3,2,False,True,,gap_expired,-0.024845453,42.151131634,Financial Services,13.19
483,BAC,2024-12-18,2024-12-18,1,1,False,False,,gap_expired,0.121402264,42.974644075,Financial Services,27.62
484,BALL,2024-07-24,2024-07-24,1,1,False,False,,gap_expired,-0.225842198,60.599979758,Consumer Cyclical,18.04
485,BBBY,2018-01-23,2018-01-23,1,1,False,True,,gap_expired,-0.168849671,71.103773421,Consumer Cyclical,11.1
486,BBBY,2019-04-05,2019-04-05,1,1,False,False,,gap_expired,-0.341283239,15.375739617,Consumer Cyclical,12.82
487,BBBY,2019-10-10,2020-04-13,9,4,False,True,,gap_expired,-0.369388979,10.364168414,Consumer Cyclical,17.57
488,BBBY,2020-10-01,2021-01-14,7,3,False,True,,gap_expired,-0.375567985,78.94,Consumer Cyclical,26.7
489,BBBY,2021-03-29,2022-01-26,11,8,False,True,,gap_expired,-0.363789562,62.91,Consumer Cyclical,20.74
490,BBT,2018-07-09,2018-07-09,1,1,False,False,,gap_expired,-0.325369158,31.628701581,Financial Services,12.69
491,BBWI,2021-08-23,2021-08-23,1,1,False,False,,gap_expired,-0.386638908,61.956698025,Consumer Cyclical,17.15
492,BBWI,2022-04-08,2022-04-08,1,1,False,False,,gap_expired,-0.15239247,42.063769334,Consumer Cyclical,21.16
493,BBY,2018-01-09,2018-02-26,3,2,False,False,,gap_expired,-0.128030118,51.67860712,Consumer Cyclical,10.08
494,BBY,2018-08-06,2018-08-24,2,1,False,True,,gap_expired,-0.124259636,57.824952408,Consumer Cyclical,11.27
495,BBY,2019-03-01,2019-03-01,1,1,False,False,,gap_expired,0.071381167,52.002051876,Consumer Cyclical,13.57
496,BBY,2019-08-13,2019-08-13,1,1,False,False,,gap_expired,0.429202921,53.165696586,Consumer Cyclical,17.52
497,BBY,2020-02-21,2020-02-21,1,1,False,False,,gap_expired,0.154875277,67.772150668,Consumer Cyclical,17.08
498,BBY,2020-05-15,2020-05-15,1,1,False,False,,gap_expired,0.024900434,65.387565464,Consumer Cyclical,31.89
499,BBY,2020-10-05,2021-01-11,5,2,False,False,,gap_expired,-0.363194843,93.159839105,Consumer Cyclical,27.96
500,BBY,2021-05-10,2021-05-10,1,1,False,False,,gap_expired,-0.242407979,100.730488395,Consumer Cyclical,19.66
501,BBY,2021-07-14,2021-09-27,5,2,False,True,,gap_expired,-0.210427375,89.140104904,Consumer Cyclical,16.33
502,BBY,2022-02-04,2022-12-13,12,8,False,True,,gap_expired,-0.004156836,80.942818019,Consumer Cyclical,23.22
503,BBY,2023-02-24,2023-02-24,1,1,False,False,,gap_expired,-0.288690897,72.713081371,Consumer Cyclical,21.67
504,BBY,2023-11-27,2024-10-15,12,6,True,True,2024-05-24,gap_expired,-0.01176279,62.485262314,Consumer Cyclical,12.69
505,BC,2019-01-24,2019-01-24,1,1,False,False,,gap_expired,0.012705226,43.539098077,Consumer Cyclical,18.89
506,BC,2020-06-17,2020-10-26,6,3,False,True,,gap_expired,0.218811755,53.966355179,Consumer Cyclical,33.47
507,BC,2021-04-30,2021-05-03,2,1,False,False,,gap_expired,-0.284179726,99.127697315,Consumer Cyclical,18.61
508,BC,2021-07-12,2021-11-05,6,2,False,True,,gap_expired,-0.153867977,90.919217925,Consumer Cyclical,16.17
509,BC,2022-02-01,2022-02-01,1,1,False,True,,gap_expired,0.097116596,84.83894835,Consumer Cyclical,21.96
510,BC,2022-04-20,2022-04-28,2,1,False,False,,gap_expired,0.152896095,74.095858162,Consumer Cyclical,20.32
511,BC,2022-10-31,2022-12-21,2,1,False,False,,gap_expired,-0.09681344,66.77832426,Consumer Cyclical,25.88
512,BC0,2021-02-22,2021-02-22,1,1,False,False,,gap_expired,0.574231363,39.181710716,Industrials,23.45
513,BC0,2022-06-01,2022-06-01,1,1,False,False,,gap_expired,-0.06036279,66.915723279,Industrials,25.69
514,BC0,2022-08-01,2022-08-01,1,1,False,True,,gap_expired,0.556928492,59.165683002,Industrials,22.84
515,BC0,2023-11-20,2023-11-20,1,1,False,False,,gap_expired,0.034944127,101.850812972,Industrials,13.41
516,BC0,2024-07-30,2024-07-30,1,1,False,True,,gap_expired,-0.553962332,134.832279425,Industrials,17.69
517,BCO,2018-06-11,2018-06-11,1,1,False,False,,gap_expired,-0.011912343,73.754130188,Industrials,12.35
518,BCO,2018-08-13,2018-08-13,1,1,False,False,,gap_expired,0.002812683,72.047824882,Industrials,14.78
519,BCO,2019-01-17,2019-01-17,1,1,False,False,,gap_expired,0.017681313,66.116339132,Industrials,18.06
520,BCO,2019-05-14,2019-05-14,1,1,False,False,,gap_expired,-0.581125828,71.825545471,Industrials,18.06
521,BCO,2021-02-23,2021-02-23,1,1,False,False,,gap_expired,-0.236976823,76.906666278,Industrials,23.11
522,BDC,2024-04-09,2024-04-09,1,1,False,False,,gap_expired,0.019643513,87.03488619,Technology,14.98
523,BDX,2018-01-02,2018-01-02,1,1,False,False,,gap_expired,0.045387595,149.402814113,Healthcare,9.77
524,BDX,2018-08-13,2018-10-10,2,1,False,False,,gap_expired,-0.021410934,170.184352282,Healthcare,14.78
525,BDX,2019-01-24,2019-01-24,1,1,False,False,,gap_expired,-0.070665226,166.890093854,Healthcare,18.89
526,BDX,2019-05-13,2019-05-13,1,1,False,False,,gap_expired,0.165982735,154.832336299,Healthcare,20.55
527,BDX,2023-09-20,2023-11-16,2,2,False,True,,gap_expired,-0.430826663,201.014590621,Healthcare,15.14
528,BDX,2024-01-16,2024-01-16,1,1,False,False,,gap_expired,-0.179918988,176.963829217,Healthcare,13.84
529,BDX,2024-03-25,2024-05-14,2,1,False,False,,gap_expired,-0.121632851,184.016513983,Healthcare,13.19
530,BEP,2019-07-09,2019-07-09,1,1,False,True,,gap_expired,0.400405566,14.005922828,Utilities,14.09
531,BEP,2019-11-19,2019-11-19,1,1,False,True,,gap_expired,0.48592979,17.760780424,Utilities,12.86
532,BEP,2021-05-13,2021-05-13,1,1,False,False,,gap_expired,0.020764837,27.941983339,Utilities,23.13
533,BGC,2022-09-14,2022-09-14,1,1,False,False,,gap_expired,0.192902557,3.952900001,Financial Services,26.16
534,BGS,2018-01-05,2018-01-05,1,1,False,False,,gap_expired,-0.048636268,17.365088352,Consumer Defensive,9.22
535,BGS,2020-08-04,2020-09-16,2,2,False,True,,gap_expired,-0.34939636,18.39602176,Consumer Defensive,23.76
536,BGS,2021-01-05,2021-01-05,1,1,False,False,,gap_expired,-0.029260231,17.352403649,Consumer Defensive,25.34
537,BHB,2022-02-24,2022-02-24,1,1,False,False,,gap_expired,0.114909424,25.286702041,Financial Services,30.32
538,BHC,2018-06-22,2018-06-22,1,1,False,False,,gap_expired,-0.045085512,24.08,Healthcare,13.77
539,BHC,2018-11-13,2019-02-15,4,3,False,False,,gap_expired,-0.108156527,27.08,Healthcare,20.02
540,BHC,2019-05-09,2019-08-07,3,2,False,True,,gap_expired,-0.395782249,26.0,Healthcare,19.1
541,BHC,2020-02-14,2020-02-14,1,1,False,False,,gap_expired,-0.033599413,27.75,Healthcare,13.68
542,BHC,2021-12-14,2022-05-31,7,3,True,False,2022-03-22,gap_expired,-0.539648531,24.63,Healthcare,21.89
543,BHC,2023-07-24,2023-07-24,1,1,True,False,2023-07-24,gap_expired,-0.587018096,9.55,Healthcare,13.91
544,BHP,2021-05-25,2021-05-25,1,1,False,False,,gap_expired,0.102628339,46.373141574,Basic Materials,18.84
545,BHP,2023-01-18,2023-01-18,1,1,False,False,,gap_expired,-0.323132732,58.361302643,Basic Materials,20.34
546,BHP,2023-05-01,2023-05-01,1,1,False,False,,gap_expired,-0.218348097,50.989539396,Basic Materials,16.08
547,BHVN,2022-11-30,2023-01-17,2,2,False,False,,gap_expired,0.999773874,15.9,Healthcare,20.58
548,BHVN,2023-06-02,2023-06-13,2,2,False,True,,gap_expired,0.315781848,22.0,Healthcare,14.6
549,BIDU,2018-01-18,2018-07-24,10,3,False,True,,gap_expired,-0.330459704,255.87,Communication Services,12.22
550,BIDU,2019-02-28,2019-05-09,3,2,False,False,,gap_expired,-0.387436148,164.18,Communication Services,14.7
551,BIDU,2021-05-04,2021-06-29,2,1,False,False,,gap_expired,-0.386412904,201.42,Communication Services,19.48
552,BIDU,2024-01-24,2024-01-24,1,1,False,False,,gap_expired,-0.421509895,109.8,Communication Services,13.14
553,BIDU,2024-10-07,2024-10-07,1,1,False,False,,gap_expired,-0.014608727,106.36,Communication Services,22.64
554,BIIB,2018-01-31,2018-01-31,1,1,False,False,,gap_expired,-0.026492135,348.18,Healthcare,13.54
555,BIIB,2018-05-10,2018-05-10,1,1,False,False,,gap_expired,-0.226174819,274.36,Healthcare,13.23
556,BIIB,2019-04-25,2019-04-25,1,1,False,False,,gap_expired,0.314212267,230.25,Healthcare,13.25
557,BIIB,2019-10-22,2019-11-08,4,1,False,False,,gap_expired,-0.240539219,285.24,Healthcare,14.46
558,BIIB,2020-04-16,2020-04-16,1,1,False,True,,gap_expired,-0.700601265,345.97,Healthcare,40.11
559,BIIB,2023-11-27,2023-11-27,1,1,False,True,,gap_expired,-0.634523057,227.65,Healthcare,12.69
560,BILL,2019-12-16,2020-02-05,2,2,False,True,,gap_expired,2.649861518,37.26,Technology,12.14
561,BILL,2020-12-09,2020-12-09,1,1,False,False,,gap_expired,0.647039597,130.55,Technology,22.27
562,BILL,2021-02-09,2021-04-07,2,2,False,False,,gap_expired,0.217383491,176.8,Technology,21.63
563,BIO,2022-06-30,2022-06-30,1,1,False,False,,gap_expired,-0.433733907,495.01,Healthcare,28.71
564,BIPC,2023-04-14,2023-04-14,1,1,False,False,,gap_expired,-0.546746572,40.278187642,Utilities,17.07
565,BJ,2018-08-24,2018-08-24,1,1,False,False,,gap_expired,-0.116770291,29.51,Consumer Defensive,11.99
566,BJ,2020-05-26,2020-05-26,1,1,False,True,,gap_expired,-0.176835088,36.3,Consumer Defensive,28.01
567,BJ,2020-08-20,2020-08-20,1,1,False,True,,gap_expired,-0.117835469,44.8,Consumer Defensive,22.72
568,BJ,2021-07-13,2021-07-13,1,1,False,False,,gap_expired,0.588748054,47.89,Consumer Defensive,17.12
569,BJ,2022-09-30,2022-09-30,1,1,False,False,,gap_expired,-0.230468429,72.76,Consumer Defensive,31.62
570,BJ,2024-09-27,2024-09-27,1,1,False,True,,gap_expired,-0.0582067,82.54,Consumer Defensive,16.96
571,BKNG,2022-04-11,2022-04-11,1,1,False,False,,gap_expired,0.259489781,2161.580935059,Consumer Cyclical,24.37
572,BKNG,2023-02-23,2023-02-23,1,1,False,False,,gap_expired,0.129836489,2390.87910924,Consumer Cyclical,21.14
573,BKNG,2023-10-05,2024-05-03,4,4,True,True,2023-11-16,gap_expired,0.045718571,2949.232949874,Consumer Cyclical,18.49
574,BKNG,2024-12-02,2024-12-02,1,1,False,False,,gap_expired,-0.14639139,5177.16752165,Consumer Cyclical,13.34
575,BL,2019-03-05,2019-03-05,1,1,False,False,,gap_expired,0.21513243,48.19,Technology,14.74
576,BLBD,2018-09-24,2018-09-24,1,1,False,False,,gap_expired,-0.290481534,25.45,Industrials,12.2
577,BLDE,2021-09-13,2021-09-24,2,2,False,True,,gap_expired,-0.40037922,9.6,Industrials,19.37
578,BLDE,2021-12-21,2021-12-21,1,1,False,False,,gap_expired,-0.454598607,9.36,Industrials,21.01
579,BLDP,2020-11-23,2021-01-14,2,2,False,True,,gap_expired,-0.535530976,20.24,Industrials,22.66
580,BLDR,2020-08-17,2020-08-17,1,1,False,False,,gap_expired,0.321105124,30.04,Industrials,21.35
581,BLDR,2021-09-17,2021-09-17,1,1,False,True,,gap_expired,0.207543701,51.0,Industrials,20.81
582,BLDR,2023-08-15,2023-08-23,2,1,False,True,,gap_expired,-0.203228415,151.0,Industrials,16.46
583,BLDR,2023-12-04,2024-02-22,5,3,False,True,,gap_expired,-0.063796363,136.69,Industrials,13.08
584,BLDR,2024-05-07,2024-05-07,1,1,False,False,,gap_expired,-0.417560164,162.01,Industrials,13.23
585,BLDR,2024-08-06,2024-10-01,4,2,False,True,,gap_expired,-0.410398211,159.37,Industrials,27.71
586,BLK,2018-01-05,2018-01-05,1,1,False,False,,gap_expired,-0.178564945,428.865803589,Financial Services,9.22
587,BLK,2018-07-10,2018-07-19,2,1,False,False,,gap_expired,-0.112085599,413.573317576,Financial Services,12.64
588,BLK,2018-10-16,2018-11-06,2,1,False,True,,gap_expired,0.048126152,337.79858291,Financial Services,17.62
589,BLK,2019-08-14,2019-08-14,1,1,False,False,,gap_expired,0.258827225,352.424486581,Financial Services,22.1
590,BLK,2020-05-13,2020-07-01,2,2,False,False,,gap_expired,0.306657383,419.171224888,Financial Services,35.28
591,BLK,2020-12-04,2020-12-04,1,1,False,True,,gap_expired,0.049526606,623.311311559,Financial Services,20.79
592,BLK,2021-10-08,2021-10-26,2,2,False,False,,gap_expired,-0.182723772,757.274886365,Financial Services,18.77
593,BLK,2022-07-11,2022-10-26,5,4,False,True,,gap_expired,0.073900814,552.067099164,Financial Services,26.17
594,BLK,2023-01-06,2023-01-13,2,1,False,False,,gap_expired,-0.140996267,690.432131533,Financial Services,21.13
595,BLK,2023-03-28,2023-05-10,2,1,False,False,,gap_expired,-0.021344162,610.936990076,Financial Services,19.97
596,BLK,2023-07-17,2023-10-09,5,2,False,True,,gap_expired,-0.070454331,684.794442431,Financial Services,13.48
597,BLK,2024-01-25,2024-03-05,2,1,False,False,,gap_expired,0.111855999,757.349347326,Financial Services,13.45
598,BLK,2024-06-11,2024-06-11,1,1,False,False,,gap_expired,0.17748336,745.76789534,Financial Services,12.85
599,BLK,2024-10-04,2024-12-06,4,2,False,True,,gap_expired,0.062439184,928.28030596,Financial Services,19.21
600,BLMN,2018-05-04,2018-05-04,1,1,False,True,,gap_expired,-0.121790334,16.602359122,Consumer Cyclical,14.77
601,BLMN,2020-05-27,2020-05-27,1,1,False,False,,gap_expired,0.958027646,10.483832725,Consumer Cyclical,27.62
602,BLMN,2023-08-21,2023-08-21,1,1,False,False,,gap_expired,-0.597854884,24.58639003,Consumer Cyclical,17.13
603,BMBL,2020-02-11,2020-02-11,1,1,False,False,,gap_expired,-0.773726288,75.71,Communication Services,15.18
604,BMBL,2021-04-13,2021-04-13,1,1,False,False,,gap_expired,-0.653727923,60.178,Communication Services,16.65
605,BMBL,2021-06-14,2021-08-12,2,1,False,False,,gap_expired,-0.311196191,51.14,Communication Services,16.39
606,BMBL,2021-12-14,2021-12-14,1,1,False,False,,gap_expired,-0.200258476,35.24,Communication Services,21.89
607,BMBL,2022-03-17,2022-03-17,1,1,False,False,,gap_expired,-0.219105964,28.54,Communication Services,25.67
608,BMBL,2022-07-13,2022-07-13,1,1,False,False,,gap_expired,-0.58709404,32.55,Communication Services,26.82
609,BMRN,2018-05-10,2018-05-10,1,1,False,False,,gap_expired,-0.155205241,89.43,Healthcare,13.23
610,BMRN,2019-11-14,2019-11-14,1,1,False,False,,gap_expired,-0.173682905,76.0,Healthcare,13.05
611,BMRN,2020-08-24,2020-08-24,1,1,False,False,,gap_expired,-0.26749958,74.165,Healthcare,22.37
612,BMRN,2022-01-11,2022-01-11,1,1,False,False,,gap_expired,0.40573432,89.145,Healthcare,18.41
613,BMRN,2022-10-19,2023-01-11,2,2,True,True,2022-10-19,gap_expired,-0.21951,88.04,Healthcare,30.76
614,BMRN,2024-01-02,2024-01-02,1,1,False,False,,gap_expired,-0.599338887,98.99,Healthcare,13.2
615,BMY,2018-06-20,2018-06-25,2,1,False,True,,gap_expired,-0.216102911,40.776928682,Healthcare,12.79
616,BMY,2018-10-12,2018-10-12,1,1,False,True,,gap_expired,-0.167482876,44.197093982,Healthcare,21.31
617,BMY,2019-01-24,2021-02-04,46,12,True,True,2019-12-06,gap_expired,0.087162355,38.116928978,Healthcare,18.89
618,BMY,2021-06-10,2021-06-10,1,1,False,False,,gap_expired,0.210511352,56.104723435,Healthcare,16.1
619,BMY,2021-11-29,2021-11-29,1,1,False,True,,gap_expired,0.632535024,45.456226461,Healthcare,22.96
620,BMY,2022-02-22,2022-02-22,1,1,False,False,,gap_expired,0.133769502,57.487600456,Healthcare,28.81
621,BMY,2022-09-20,2022-09-20,1,1,False,False,,gap_expired,-0.259836607,59.894270271,Healthcare,27.16
622,BMY,2023-05-15,2023-05-30,2,1,False,True,,gap_expired,-0.340943628,59.851163751,Healthcare,17.12
623,BMY,2024-01-04,2024-02-05,3,1,False,True,,gap_expired,-0.119518556,47.061886262,Healthcare,14.13
624,BMY,2024-08-05,2024-08-05,1,1,False,False,,gap_expired,0.050526227,44.590236288,Healthcare,38.57
625,BMY,2024-10-09,2024-12-16,5,2,True,False,2024-12-16,gap_expired,0.042302459,49.928757025,Healthcare,20.86
626,BNGO,2021-03-22,2021-03-22,1,1,False,False,,gap_expired,-0.892609897,5340.0,Healthcare,18.88
627,BNGO,2021-07-06,2021-07-06,1,1,False,False,,gap_expired,-0.658604739,3942.0,Healthcare,16.44
628,BNS,2018-07-11,2018-07-11,1,1,False,False,,gap_expired,-0.124106154,37.669221661,Financial Services,13.63
629,BNTX,2020-11-06,2020-11-06,1,1,False,True,,gap_expired,0.683148042,114.02,Healthcare,24.86
630,BNTX,2022-05-18,2022-05-18,1,1,False,True,,gap_expired,-0.418896881,158.79,Healthcare,30.96
631,BNTX,2024-01-16,2024-01-16,1,1,False,True,,gap_expired,-0.138310136,97.8,Healthcare,13.84
632,BOOT,2018-08-09,2018-09-14,2,2,False,True,,gap_expired,0.145641393,26.09,Consumer Cyclical,11.27
633,BOOT,2018-12-13,2018-12-13,1,1,False,False,,gap_expired,1.291043112,16.39,Consumer Cyclical,20.65
634,BOOT,2019-02-14,2019-02-14,1,1,False,True,,gap_expired,-0.03044909,27.1,Consumer Cyclical,16.22
635,BOOT,2019-08-01,2019-08-01,1,1,False,True,,gap_expired,-0.534505828,32.37,Consumer Cyclical,17.87
636,BOOT,2019-10-11,2020-03-04,6,5,False,True,,gap_expired,-0.258888471,35.0,Consumer Cyclical,15.58
637,BOOT,2022-01-28,2022-01-28,1,1,False,False,,gap_expired,0.047193531,86.7,Consumer Cyclical,27.66
638,BOOT,2023-04-03,2023-04-03,1,1,False,False,,gap_expired,0.02188765,77.6,Consumer Cyclical,18.55
639,BOOT,2024-04-10,2024-04-10,1,1,False,False,,gap_expired,-0.072568237,99.22,Consumer Cyclical,15.8
640,BOX,2018-05-01,2018-05-31,3,2,False,True,,gap_expired,-0.273181341,23.39,Technology,15.49
641,BOX,2018-09-27,2018-09-27,1,1,True,False,2018-09-27,gap_expired,-0.167585188,23.64,Technology,12.41
642,BOX,2019-02-07,2019-04-01,2,2,False,True,,gap_expired,-0.143288883,22.55,Technology,16.37
643,BOX,2020-04-09,2020-04-09,1,1,False,False,,gap_expired,0.053829526,15.53,Technology,41.67
644,BOX,2020-09-16,2020-09-16,1,1,False,False,,gap_expired,-0.059672066,17.8,Technology,26.04
645,BOX,2021-02-09,2021-02-09,1,1,False,True,,gap_expired,0.301993297,18.25,Technology,21.63
646,BOX,2021-06-21,2021-06-21,1,1,False,False,,gap_expired,0.067638831,24.91,Technology,17.89
647,BOX,2024-04-09,2024-04-09,1,1,False,False,,gap_expired,0.044666735,27.52,Technology,14.98
648,BP,2018-01-02,2018-01-02,1,1,False,False,,gap_expired,0.041222884,27.230321,Energy,9.77
649,BP,2018-07-24,2020-02-10,19,9,True,True,2018-10-30,gap_expired,-0.167447877,29.359428269,Energy,12.41
650,BRK-B,2018-02-02,2018-05-29,6,2,False,False,,gap_expired,-0.013818826,205.49,Financial Services,17.31
651,BRK-B,2018-11-28,2018-12-18,2,1,False,False,,gap_expired,-0.1404479,215.85,Financial Services,18.49
652,BRK-B,2019-06-21,2019-08-15,3,1,False,True,,gap_expired,-0.204707243,206.39,Financial Services,15.4
653,BRK-B,2019-12-13,2020-02-28,3,2,False,False,,gap_expired,-0.190719955,226.77,Financial Services,12.63
654,BRK-B,2020-07-21,2020-07-21,1,1,False,True,,gap_expired,0.086587628,191.78,Financial Services,24.84
655,BRK-B,2021-09-27,2021-10-26,2,1,False,True,,gap_expired,0.118174157,279.14,Financial Services,18.76
656,BRK-B,2022-02-04,2022-02-04,1,1,False,False,,gap_expired,0.051210454,314.91,Financial Services,23.22
657,BRK-B,2022-06-09,2022-06-23,2,1,True,True,2022-06-09,gap_expired,0.011606368,296.08,Financial Services,26.09
658,BRK-B,2022-12-05,2023-07-27,9,4,False,True,,gap_expired,-0.027372846,309.95,Financial Services,20.75
659,BRK-B,2023-12-01,2023-12-01,1,1,False,True,,gap_expired,-0.035955093,355.91,Financial Services,12.63
660,BRK-B,2024-06-11,2024-11-18,5,3,False,True,,gap_expired,0.065635294,411.09,Financial Services,12.85
661,BRKR,2019-07-19,2019-07-19,1,1,False,True,,gap_expired,-0.240610134,47.354681789,Healthcare,14.45
662,BRKR,2020-01-22,2020-01-22,1,1,False,False,,gap_expired,-0.030475244,52.092949048,Healthcare,12.91
663,BRO,2020-02-19,2020-02-19,1,1,False,False,,gap_expired,-0.223975971,46.276611187,Financial Services,14.38
664,BROS,2021-11-05,2021-11-05,1,1,False,False,,gap_expired,-0.348929812,67.7,Consumer Cyclical,16.48
665,BROS,2022-01-24,2022-01-24,1,1,False,False,,gap_expired,-0.177053309,45.63,Consumer Cyclical,29.9
666,BROS,2022-05-06,2022-06-15,2,2,False,False,,gap_expired,-0.397533657,44.72,Consumer Cyclical,30.19
667,BROS,2022-09-19,2022-11-09,3,1,False,False,,gap_expired,-0.443510617,34.56,Consumer Cyclical,25.76
668,BROS,2023-02-02,2023-02-02,1,1,False,False,,gap_expired,-0.40335887,39.86,Consumer Cyclical,18.73
669,BROS,2023-04-17,2023-04-18,2,1,False,True,,gap_expired,-0.247835482,32.14,Consumer Cyclical,16.95
670,BROS,2024-05-08,2024-05-20,2,2,True,False,2024-05-20,gap_expired,1.018234398,32.41,Consumer Cyclical,13.0
671,BROS,2024-09-20,2024-12-19,3,2,True,True,2024-12-19,gap_expired,0.350345665,35.1,Consumer Cyclical,16.15
672,BSET,2022-03-15,2022-03-15,1,1,False,False,,gap_expired,0.100459961,14.98827956,Consumer Cyclical,29.83
673,BSX,2018-05-16,2018-06-13,2,1,False,True,,gap_expired,0.180654049,29.95,Healthcare,13.42
674,BSX,2018-11-27,2018-11-27,1,1,False,True,,gap_expired,0.030334678,35.47,Healthcare,19.02
675,BSX,2019-10-23,2019-10-23,1,1,False,False,,gap_expired,-0.247168826,40.22,Healthcare,14.01
676,BSX,2020-07-15,2020-07-15,1,1,True,False,2020-07-15,gap_expired,-0.227062772,36.87,Healthcare,27.76
677,BSX,2021-04-21,2021-04-21,1,1,False,False,,gap_expired,0.027372014,42.31,Healthcare,17.5
678,BSX,2022-09-22,2022-09-22,1,1,False,False,,gap_expired,0.191479504,38.88,Healthcare,27.35
679,BSX,2023-09-20,2023-09-26,2,1,False,False,,gap_expired,0.229816899,54.02,Healthcare,15.14
680,BSX,2024-05-16,2024-05-16,1,1,False,True,,gap_expired,0.280078024,74.94,Healthcare,12.42
681,BSX,2024-07-24,2024-07-30,2,1,False,False,,gap_expired,0.172530782,78.25,Healthcare,18.04
682,BSY,2021-01-11,2021-01-11,1,1,False,True,,gap_expired,-0.382472325,48.857034125,Technology,24.08
683,BTC,2020-02-08,2020-02-08,1,1,False,False,,gap_expired,-0.156654157,46184.99146609,ETF,
684,BTC,2020-12-15,2020-12-15,1,1,False,False,,gap_expired,0.708793345,19418.81840055,ETF,22.89
685,BTC,2021-06-09,2021-06-09,1,1,False,False,,gap_expired,0.175768575,37389.51565087,ETF,17.89
686,BTC,2021-09-29,2021-09-29,1,1,False,False,,gap_expired,-0.363920417,41551.270839197,ETF,22.56
687,BTC,2022-01-24,2022-01-24,1,1,False,False,,gap_expired,-0.321420619,36654.805924426,ETF,29.9
688,BTC,2023-12-06,2023-12-06,1,1,False,False,,gap_expired,0.012815633,43769.131074246,ETF,12.97
689,BTC,2024-03-04,2024-03-04,1,1,False,False,,gap_expired,0.126059485,68341.057781812,ETF,13.49
690,BTC,2024-06-05,2024-06-05,1,1,False,False,,gap_expired,0.409466889,71082.840431362,ETF,12.63
691,BTC,2024-11-06,2024-12-12,5,2,False,True,,gap_expired,0.196097884,75637.084973514,ETF,16.27
692,BTG,2021-07-14,2021-07-14,1,1,False,True,,gap_expired,-0.08585455,3.362535847,Basic Materials,16.33
693,BTU,2022-09-14,2022-11-04,2,2,False,False,,gap_expired,-0.102880116,22.158762831,Energy,26.16
694,BUD,2019-10-18,2019-10-18,1,1,False,False,,gap_expired,-0.54799438,86.104786903,Consumer Defensive,14.25
695,BUD,2020-02-10,2020-02-10,1,1,False,True,,gap_expired,-0.301833372,68.835793598,Consumer Defensive,15.04
696,BUD,2022-06-09,2022-06-09,1,1,False,True,,gap_expired,-0.025461786,48.914385802,Consumer Defensive,26.09
697,BURL,2018-06-05,2018-06-05,1,1,False,False,,gap_expired,-0.015259042,155.9,Consumer Cyclical,12.4
698,BURL,2018-08-13,2018-12-11,4,2,False,False,,gap_expired,0.026675678,160.18,Consumer Cyclical,14.78
699,BURL,2019-04-05,2019-04-05,1,1,False,False,,gap_expired,0.125468302,156.64,Consumer Cyclical,12.82
700,BURL,2019-08-07,2020-06-24,6,5,True,False,2019-08-19,gap_expired,-0.162136063,177.33,Consumer Cyclical,19.49
701,BURL,2020-11-20,2020-11-20,1,1,False,True,,gap_expired,-0.11749334,235.72,Consumer Cyclical,23.7
702,BURL,2022-05-18,2022-05-20,2,2,False,False,,gap_expired,-0.140990701,175.17,Consumer Cyclical,30.96
703,BURL,2022-10-25,2022-12-20,2,2,False,False,,gap_expired,-0.263166303,140.29,Consumer Cyclical,28.46
704,BURL,2023-07-13,2023-08-24,2,1,False,True,,gap_expired,0.255582404,166.59,Consumer Cyclical,13.61
705,BURL,2024-06-26,2024-06-26,1,1,False,False,,gap_expired,-0.14195256,235.91,Consumer Cyclical,12.55
706,BWA,2020-06-04,2020-06-04,1,1,False,False,,gap_expired,0.101725026,30.086562159,Consumer Cyclical,25.81
707,BWA,2021-03-02,2021-03-26,2,1,False,False,,gap_expired,-0.263692603,38.189154741,Consumer Cyclical,24.1
708,BWA,2024-01-03,2024-01-03,1,1,False,True,,gap_expired,-0.314378655,32.471594863,Consumer Cyclical,14.04
709,BWMN,2023-04-20,2023-04-20,1,1,False,False,,gap_expired,-0.175903783,29.3,Industrials,17.17
710,BWXT,2023-06-21,2023-06-21,1,1,False,False,,gap_expired,0.123675813,66.737918691,Industrials,13.2
711,BWXT,2024-04-29,2024-04-29,1,1,False,False,,gap_expired,0.046770066,95.314350356,Industrials,14.67
712,BX,2018-01-16,2018-01-16,1,1,False,False,,gap_expired,0.036976253,25.082072031,Financial Services,11.66
713,BX,2018-04-06,2018-05-03,3,2,True,True,2018-04-23,gap_expired,0.057073963,22.880724,Financial Services,21.49
714,BX,2018-10-12,2019-03-26,5,3,False,True,,gap_expired,0.066405717,26.834167988,Financial Services,21.31
715,BX,2019-07-02,2019-10-02,3,2,False,True,,gap_expired,0.137234234,37.49818872,Financial Services,12.93
716,BX,2020-01-16,2020-01-16,1,1,False,False,,gap_expired,-0.067105254,48.892345498,Financial Services,12.32
717,BX,2020-03-18,2020-03-18,1,1,False,True,,gap_expired,0.274101988,31.532028037,Financial Services,76.45
718,BX,2020-09-11,2020-09-11,1,1,False,False,,gap_expired,1.270834417,42.894791031,Financial Services,26.87
719,BX,2020-11-12,2020-11-12,1,1,False,True,,gap_expired,0.462624662,45.963508632,Financial Services,25.35
720,BX,2021-07-13,2021-08-05,2,2,False,True,,gap_expired,0.121374938,85.309345711,Financial Services,17.12
721,BX,2021-11-04,2021-11-12,2,1,False,True,,gap_expired,-0.154235216,124.647242526,Financial Services,15.44
722,BX,2022-04-12,2022-05-11,2,2,False,False,,gap_expired,-0.16023327,99.248230258,Financial Services,24.26
723,BX,2022-07-26,2022-08-04,2,1,False,True,,gap_expired,-0.016175391,83.836430817,Financial Services,24.69
724,BX,2022-12-06,2023-01-04,2,1,False,True,,gap_expired,0.304969394,70.420115922,Financial Services,22.17
725,BX,2023-03-22,2023-03-31,2,1,False,False,,gap_expired,0.231930202,77.480855289,Financial Services,22.26
726,BX,2023-08-03,2023-08-03,1,1,False,True,,gap_expired,0.125206868,95.632884661,Financial Services,15.92
727,BX,2023-11-06,2024-01-16,3,2,False,True,,gap_expired,0.450510137,92.074768426,Financial Services,14.89
728,BX,2024-05-28,2024-09-06,4,2,False,True,,gap_expired,0.05588144,112.867293588,Financial Services,12.92
729,BX,2024-11-25,2024-11-25,1,1,False,False,,gap_expired,-0.368094939,185.047843289,Financial Services,14.6
730,BXC,2022-04-06,2022-04-06,1,1,False,False,,gap_expired,0.161243204,60.63,Industrials,22.1
731,BXP,2023-09-07,2023-09-14,2,1,False,False,,gap_expired,-0.054373801,57.838351316,Real Estate,14.4
732,BXP,2023-11-17,2023-11-30,3,1,False,True,,gap_expired,0.19307172,49.159437239,Real Estate,13.8
733,BXP,2024-07-31,2024-08-05,2,1,False,False,,gap_expired,-0.186122125,67.209995335,Real Estate,16.36
734,BXR,2019-11-07,2019-11-07,1,1,False,False,,gap_expired,-0.484423409,16.294718117,Real Estate,12.73
735,BXR,2021-11-02,2021-11-02,1,1,False,False,,gap_expired,0.068748731,20.40873469,Real Estate,16.03
736,BYD,2018-07-12,2018-07-12,1,1,False,False,,gap_expired,-0.377803643,36.161350173,Consumer Cyclical,12.58
737,BYD,2018-10-30,2018-10-30,1,1,False,True,,gap_expired,-0.084613938,24.474920432,Consumer Cyclical,23.35
738,BYD,2019-01-09,2019-01-09,1,1,False,False,,gap_expired,-0.159497998,24.146790532,Consumer Cyclical,19.98
739,BYND,2019-08-06,2019-08-06,1,1,False,False,,gap_expired,-0.102934981,164.0,Consumer Defensive,20.17
740,BYND,2019-11-08,2019-11-08,1,1,False,False,,gap_expired,0.391052537,79.88,Consumer Defensive,12.07
741,BYND,2020-02-18,2021-09-17,21,14,True,True,2020-08-05,gap_expired,0.168443782,124.07,Consumer Defensive,14.83
742,BZUN,2018-03-07,2018-04-18,3,1,False,False,,gap_expired,-0.248956805,44.44,Consumer Cyclical,17.76
743,BZUN,2018-06-18,2018-06-18,1,1,False,False,,gap_expired,-0.263215273,60.81,Consumer Cyclical,12.31
744,C,2018-01-17,2020-01-10,39,14,True,True,2018-04-16,gap_expired,-0.140743949,59.090539714,Financial Services,11.91
745,C,2020-05-27,2020-07-15,2,1,False,True,,gap_expired,0.145221012,43.118294982,Financial Services,27.62
746,C,2021-05-06,2021-06-28,2,1,False,True,,gap_expired,-0.266139634,62.052946718,Financial Services,18.39
747,C,2021-10-08,2021-12-01,2,2,False,False,,gap_expired,-0.254421147,61.894800234,Financial Services,18.77
748,C,2022-05-17,2022-05-17,1,1,False,False,,gap_expired,-0.11531941,44.297411294,Financial Services,26.1
749,C,2022-12-07,2022-12-07,1,1,False,False,,gap_expired,-0.064420453,40.006922578,Financial Services,22.68
750,C,2024-03-26,2024-03-26,1,1,False,False,,gap_expired,0.098101469,58.439970515,Financial Services,13.24
751,C1PB34,2019-08-12,2019-09-06,2,1,False,False,,gap_expired,0.051515402,33.659246508,Consumer Defensive,21.09
752,C1PB34,2020-03-06,2020-06-29,5,2,False,False,,gap_expired,-0.459840271,40.35629773,Consumer Defensive,41.94
753,C1PB34,2020-09-16,2020-12-04,6,2,False,True,,gap_expired,-0.362788371,37.273032064,Consumer Defensive,26.04
754,C1PB34,2022-03-04,2022-03-04,1,1,False,False,,gap_expired,0.269516062,39.163487491,Consumer Defensive,31.98
755,C1PB34,2022-06-30,2022-06-30,1,1,False,False,,gap_expired,-0.206329339,42.007756218,Consumer Defensive,28.71
756,C1PB34,2022-11-10,2022-12-14,3,2,False,True,,gap_expired,-0.323145998,44.661067165,Consumer Defensive,23.53
757,C1PB34,2023-03-09,2023-03-09,1,1,False,False,,gap_expired,-0.497872531,46.899322796,Consumer Defensive,22.61
758,C1PB34,2023-06-02,2023-08-29,4,2,False,False,,gap_expired,-0.380582022,46.194481176,Consumer Defensive,14.6
759,C1PB34,2023-12-21,2023-12-21,1,1,False,True,,gap_expired,-0.282670448,39.161562021,Consumer Defensive,13.65
760,C1PB34,2024-05-31,2024-06-07,3,1,False,True,,gap_expired,-0.341068562,41.295235179,Consumer Defensive,12.92
761,CABA,2024-03-05,2024-03-05,1,1,False,False,,gap_expired,-1.032346902,22.2,Healthcare,14.46
762,CACI,2020-10-30,2020-10-30,1,1,False,False,,gap_expired,-0.056658172,211.0,Technology,38.02
763,CADE-PA,2018-01-18,2018-01-18,1,1,False,False,,gap_expired,-0.09110863,23.789506555,Financial Services,12.22
764,CAH,2018-01-29,2018-01-29,1,1,False,False,,gap_expired,-0.252892777,56.80572113,Healthcare,13.84
765,CAH,2018-07-17,2018-07-17,1,1,False,False,,gap_expired,-0.142567302,40.106290279,Healthcare,12.06
766,CAH,2023-03-01,2023-03-01,1,1,False,False,,gap_expired,0.193350895,71.949011081,Healthcare,20.58
767,CAH,2023-10-09,2023-11-28,2,2,False,False,,gap_expired,-0.065998268,87.272491378,Healthcare,17.7
768,CAH,2024-04-18,2024-04-18,1,1,False,True,,gap_expired,0.200699376,103.586918726,Healthcare,18.0
769,CAKE,2020-12-10,2020-12-10,1,1,False,False,,gap_expired,-0.214719199,33.86195103,Consumer Cyclical,22.52
770,CAKE,2021-04-12,2021-04-12,1,1,False,False,,gap_expired,-0.479109827,52.981413667,Consumer Cyclical,16.91
771,CAKE,2024-05-24,2024-05-24,1,1,False,False,,gap_expired,0.360340367,36.753995583,Consumer Cyclical,11.93
772,CALY,2018-02-27,2018-04-09,2,1,False,True,,gap_expired,-0.003679714,58.920109615,Consumer Cyclical,18.59
773,CAMT,2021-12-16,2021-12-16,1,1,False,False,,gap_expired,-0.281651885,39.844935504,Technology,20.57
774,CAO,2018-03-01,2018-03-16,3,1,False,False,,gap_expired,-0.422311469,26.361335738,Consumer Defensive,22.47
775,CAO,2018-06-08,2018-10-10,6,2,False,False,,gap_expired,-0.250117494,27.556413174,Consumer Defensive,12.18
776,CAO,2019-01-03,2019-01-03,1,1,False,True,,gap_expired,0.263720154,16.022916966,Consumer Defensive,25.45
777,CAO,2019-03-26,2019-03-26,1,1,False,False,,gap_expired,0.108687355,20.229238091,Consumer Defensive,14.68
778,CAO,2019-09-27,2019-09-27,1,1,False,False,,gap_expired,0.054337452,22.986565956,Consumer Defensive,17.22
779,CAO,2019-12-13,2019-12-19,2,2,False,False,,gap_expired,0.105383437,21.722526676,Consumer Defensive,12.63
780,CAO,2020-03-16,2020-04-15,4,2,False,False,,gap_expired,-0.274334443,21.225643109,Consumer Defensive,82.69
781,CAO,2020-06-29,2020-06-30,2,1,False,True,,gap_expired,-0.356090992,26.949325692,Consumer Defensive,31.78
782,CAO,2020-09-25,2020-10-06,3,2,True,False,2020-10-01,gap_expired,-0.336190796,27.437444554,Consumer Defensive,26.38
783,CAO,2021-02-23,2021-02-23,1,1,False,False,,gap_expired,-0.048887545,27.61345062,Consumer Defensive,23.11
784,CAO,2022-01-06,2022-01-06,1,1,False,False,,gap_expired,0.397701417,27.267990202,Consumer Defensive,19.61
785,CAO,2022-04-07,2022-04-07,1,1,False,False,,gap_expired,0.204608231,28.197999989,Consumer Defensive,21.55
786,CAO,2023-01-09,2023-02-09,2,2,False,False,,gap_expired,-0.510638687,34.099313741,Consumer Defensive,21.97
787,CAO,2023-06-13,2023-06-13,1,1,False,False,,gap_expired,-0.402021445,29.596649887,Consumer Defensive,14.61
788,CAO,2023-11-20,2023-11-20,1,1,False,False,,gap_expired,-0.314855268,24.60980661,Consumer Defensive,13.41
789,CAO,2024-03-28,2024-04-04,2,1,False,True,,gap_expired,-0.159288203,26.321578511,Consumer Defensive,13.01
790,CAO,2024-07-11,2024-07-11,1,1,False,False,,gap_expired,-0.426162983,25.402799999,Consumer Defensive,12.92
791,CAO,2024-12-19,2024-12-19,1,1,False,True,,gap_expired,-0.517364137,24.513407009,Consumer Defensive,24.09
792,CAR,2019-02-15,2019-02-15,1,1,False,False,,gap_expired,0.249795015,27.410621022,Industrials,14.91
793,CAR,2020-06-08,2020-06-08,1,1,False,True,,gap_expired,1.601380616,28.617206455,Industrials,25.81
794,CARG,2019-11-25,2019-11-25,1,1,False,False,,gap_expired,-0.54960008,39.64,Consumer Cyclical,11.87
795,CARR,2020-06-12,2020-06-12,1,1,False,True,,gap_expired,0.825402259,19.161237322,Industrials,36.09
796,CARR,2020-08-13,2020-08-13,1,1,False,True,,gap_expired,0.577433632,27.575952448,Industrials,22.13
797,CARR,2020-10-21,2020-10-21,1,1,False,False,,gap_expired,0.327046134,30.768853799,Industrials,28.65
798,CARR,2021-07-29,2021-07-29,1,1,False,False,,gap_expired,-0.193193647,50.874552423,Industrials,17.7
799,CARR,2022-01-21,2022-02-22,2,1,False,False,,gap_expired,0.02817676,43.016469539,Industrials,28.85
800,CARR,2022-07-28,2022-08-31,3,3,False,False,,gap_expired,0.392527555,37.7727118,Industrials,22.33
801,CARR,2023-03-08,2023-03-29,2,1,False,False,,gap_expired,-0.075534805,45.50843246,Industrials,19.11
802,CARR,2023-05-30,2024-02-07,12,6,False,True,,gap_expired,0.277797608,39.655668757,Industrials,17.46
803,CARR,2024-04-16,2024-10-18,6,4,False,True,,gap_expired,0.041290064,53.618192604,Industrials,18.4
804,CASY,2023-09-21,2023-11-20,2,1,False,False,,gap_expired,0.00049882,275.786130982,Consumer Cyclical,17.54
805,CASY,2024-04-23,2024-04-23,1,1,False,False,,gap_expired,0.359614479,309.62093599,Consumer Cyclical,15.69
806,CASY,2024-09-05,2024-09-05,1,1,False,True,,gap_expired,0.222032423,377.71354323,Consumer Cyclical,19.9
807,CASY,2024-12-10,2024-12-10,1,1,False,False,,gap_expired,0.171359887,417.500727431,Consumer Cyclical,14.18
808,CAT,2018-01-02,2018-05-08,8,3,False,False,,gap_expired,-0.043971045,131.520101417,Industrials,9.77
809,CAT,2018-07-11,2018-07-11,1,1,False,True,,gap_expired,-0.068448664,117.118031783,Industrials,13.63
810,CAT,2018-09-20,2020-04-08,24,9,True,True,2019-08-15,gap_expired,-0.203586619,133.261200587,Industrials,11.8
811,CAT,2020-08-10,2021-07-23,18,6,False,True,,gap_expired,0.23509596,129.835853869,Industrials,22.13
812,CAT,2021-11-23,2022-01-28,3,2,False,False,,gap_expired,0.308204783,188.582353886,Industrials,19.38
813,CAT,2022-04-21,2022-04-21,1,1,False,False,,gap_expired,0.035077317,213.536154651,Industrials,22.68
814,CAT,2022-08-18,2022-08-30,2,1,False,False,,gap_expired,0.36639646,183.833726965,Industrials,19.56
815,CAT,2022-11-14,2024-11-15,39,13,True,True,2023-01-24,gap_expired,-0.071706456,224.707509949,Industrials,23.73
816,CAVA,2023-08-07,2023-08-07,1,1,False,False,,gap_expired,0.407972296,52.2,Consumer Cyclical,15.77
817,CAVA,2023-11-03,2024-12-20,16,8,False,True,,gap_expired,2.365988603,37.15,Consumer Cyclical,14.91
818,CB,2018-01-31,2018-03-02,2,2,False,True,,gap_expired,-0.107452674,134.873365723,Financial Services,13.54
819,CB,2018-07-30,2018-07-30,1,1,False,False,,gap_expired,0.032099134,122.53790667,Financial Services,14.26
820,CB,2020-04-16,2020-04-16,1,1,False,False,,gap_expired,-0.046738283,105.040925105,Financial Services,40.11
821,CB,2022-05-06,2022-05-06,1,1,False,False,,gap_expired,-0.055610547,196.608305338,Financial Services,30.19
822,CB,2022-07-20,2022-08-30,2,1,False,False,,gap_expired,-0.058595494,174.177782741,Financial Services,23.88
823,CB,2023-04-27,2023-04-27,1,1,False,False,,gap_expired,0.034190159,191.051332454,Financial Services,17.03
824,CB,2023-08-24,2023-08-24,1,1,False,False,,gap_expired,0.097518725,194.785685223,Financial Services,17.2
825,CB,2024-06-06,2024-06-06,1,1,False,False,,gap_expired,-0.051447407,259.486896473,Financial Services,12.58
826,CB,2024-08-12,2024-12-16,4,2,False,False,,gap_expired,-0.181487562,263.77019579,Financial Services,20.71
827,CBOE,2019-08-19,2019-08-19,1,1,False,False,,gap_expired,-0.424455002,108.990345593,Financial Services,16.88
828,CBOE,2023-11-20,2023-11-20,1,1,False,False,,gap_expired,-0.123842559,172.717697784,Financial Services,13.41
829,CBRE,2018-01-17,2018-01-17,1,1,False,False,,gap_expired,0.018476704,45.0,Real Estate,11.91
830,CBRE,2018-05-15,2018-05-15,1,1,False,False,,gap_expired,-0.065062332,46.85,Real Estate,14.63
831,CBRE,2022-08-29,2022-08-29,1,1,False,False,,gap_expired,-0.067161386,79.77,Real Estate,26.21
832,CBRL,2020-02-24,2020-04-07,2,2,False,True,,gap_expired,-0.276058167,135.88009747,Consumer Cyclical,25.03
833,CBRL,2020-10-12,2020-10-12,1,1,False,False,,gap_expired,-0.095276661,96.585263531,Consumer Cyclical,25.07
834,CBRL,2021-07-13,2021-07-13,1,1,False,False,,gap_expired,-0.237263308,119.540356389,Consumer Cyclical,17.12
835,CBRL,2022-04-08,2022-04-08,1,1,False,False,,gap_expired,0.149343582,94.220262616,Consumer Cyclical,21.16
836,CBRL,2024-06-03,2024-12-04,4,4,True,True,2024-07-25,gap_expired,-0.032891946,48.63506876,Consumer Cyclical,13.11
837,CBT,2018-11-26,2018-11-26,1,1,False,False,,gap_expired,-0.16331106,39.521190202,Basic Materials,18.9
838,CBU,2018-08-23,2018-08-23,1,1,False,True,,gap_expired,-0.095686555,52.930149899,Financial Services,12.41
839,CBU,2022-08-03,2022-08-03,1,1,False,False,,gap_expired,-0.28415315,61.095937254,Financial Services,21.95
840,CBU,2024-01-10,2024-01-10,1,1,False,False,,gap_expired,0.046109549,46.580997438,Financial Services,12.69
841,CC,2022-08-04,2022-08-04,1,1,False,False,,gap_expired,-0.015054515,30.40763007,Basic Materials,21.44
842,CCI,2019-02-28,2019-02-28,1,1,False,False,,gap_expired,0.237717032,88.316923588,Real Estate,14.7
843,CCI,2019-05-03,2019-05-23,2,1,False,False,,gap_expired,0.31038191,93.190576527,Real Estate,12.87
844,CCI,2019-12-19,2020-04-23,4,2,False,True,,gap_expired,-0.056671398,109.262459213,Real Estate,12.5
845,CCI,2020-06-29,2020-10-23,7,2,False,True,,gap_expired,-0.19365999,127.192609531,Real Estate,31.78
846,CCI,2021-01-07,2021-05-14,7,2,True,True,2021-01-07,gap_expired,0.063147818,122.018119393,Real Estate,22.37
847,CCI,2021-09-17,2021-09-17,1,1,False,False,,gap_expired,-0.006637652,152.068413139,Real Estate,20.81
848,CCI,2022-10-12,2022-10-31,2,1,False,False,,gap_expired,-0.479232848,105.981747871,Real Estate,33.57
849,CCI,2023-03-30,2023-03-30,1,1,False,False,,gap_expired,-0.486610905,113.896394188,Real Estate,19.02
850,CCI,2023-11-30,2023-11-30,1,1,False,False,,gap_expired,-0.153483059,103.744874144,Real Estate,12.92
851,CCI,2024-03-27,2024-04-24,2,2,False,True,,gap_expired,-0.074772611,96.279140567,Real Estate,12.78
852,CCJ,2024-10-31,2024-10-31,1,1,False,False,,gap_expired,0.598695637,52.834002718,Energy,23.16
853,CCK,2018-11-08,2018-11-08,1,1,False,False,,gap_expired,0.444029627,45.155726938,Consumer Cyclical,16.72
854,CCK,2022-12-16,2022-12-16,1,1,False,False,,gap_expired,-0.0920389,77.761361,Consumer Cyclical,22.62
855,CCL,2018-01-02,2018-01-02,1,1,False,False,,gap_expired,-0.182874813,61.148504847,Consumer Cyclical,9.77
856,CCL,2018-03-07,2018-07-18,4,2,False,False,,gap_expired,-0.175242618,61.2791882,Consumer Cyclical,17.76
857,CCL,2018-10-10,2018-10-10,1,1,False,True,,gap_expired,-0.351130173,55.391914261,Consumer Cyclical,22.96
858,CCL,2019-03-22,2019-03-22,1,1,False,False,,gap_expired,-0.63582253,53.630717096,Consumer Cyclical,16.48
859,CCL,2019-10-07,2019-10-07,1,1,False,False,,gap_expired,-0.788428377,39.295015196,Consumer Cyclical,17.86
860,CCL,2021-06-21,2021-06-21,1,1,False,True,,gap_expired,-0.566477559,28.518185504,Consumer Cyclical,17.89
861,CCL,2023-07-26,2023-07-26,1,1,False,False,,gap_expired,-0.276969532,18.534360271,Consumer Cyclical,13.19
862,CCL,2023-10-30,2023-10-30,1,1,False,False,,gap_expired,0.539948528,11.377437956,Consumer Cyclical,19.75
863,CCL,2024-01-03,2024-01-03,1,1,False,True,,gap_expired,0.188210696,16.274799696,Consumer Cyclical,14.04
864,CCL,2024-03-22,2024-03-22,1,1,False,False,,gap_expired,0.093540977,17.260242086,Consumer Cyclical,13.06
865,CCL,2024-06-26,2024-06-26,1,1,False,False,,gap_expired,0.402284088,18.404951954,Consumer Cyclical,12.55
866,CCL,2024-12-13,2024-12-13,1,1,False,False,,gap_expired,-0.051490385,26.159097809,Consumer Cyclical,13.81
867,CCLHF,2021-09-13,2021-09-13,1,1,False,False,,gap_expired,0.114081934,0.3487,Real Estate,19.37
868,CDK,2018-11-07,2018-11-07,1,1,False,True,,gap_expired,-0.107303136,49.935412894,Technology,16.36
869,CDNA,2019-07-10,2019-07-10,1,1,False,False,,gap_expired,-0.260072338,41.27,Healthcare,13.03
870,CDNS,2019-07-01,2019-07-23,2,1,False,False,,gap_expired,0.251973537,73.35,Technology,14.06
871,CDNS,2022-08-08,2022-08-08,1,1,False,False,,gap_expired,0.127148728,183.94,Technology,21.29
872,CDNS,2023-07-11,2023-07-11,1,1,False,False,,gap_expired,0.065325105,236.04,Technology,14.84
873,CDNS,2023-10-09,2023-10-09,1,1,False,False,,gap_expired,-0.218351261,248.27,Technology,17.7
874,CDNS,2024-10-09,2024-10-17,2,1,False,True,,gap_expired,0.011275463,277.13,Technology,20.86
875,CDRE,2022-06-30,2022-06-30,1,1,False,False,,gap_expired,-0.078256903,18.916936093,Industrials,28.71
876,CDRE,2024-09-19,2024-09-19,1,1,False,False,,gap_expired,-0.198969016,36.785706634,Industrials,16.33
877,CEG,2022-03-25,2022-05-19,2,1,False,False,,gap_expired,0.50553743,52.754537915,Utilities,20.81
878,CEG,2022-08-25,2023-03-28,9,3,False,True,,gap_expired,0.201552463,80.608802689,Utilities,21.78
879,CEG,2023-07-12,2023-07-12,1,1,False,False,,gap_expired,0.968644786,94.188043335,Utilities,13.54
880,CEG,2023-09-21,2023-09-21,1,1,False,True,,gap_expired,0.994702384,107.849739851,Utilities,17.54
881,CEG,2024-01-26,2024-03-05,3,2,False,True,,gap_expired,0.279647968,119.58510571,Utilities,13.26
882,CEG,2024-05-13,2024-07-29,7,2,False,True,,gap_expired,-0.08318896,212.31974476,Utilities,13.6
883,CEG,2024-11-01,2024-12-11,3,1,False,True,,gap_expired,0.031180503,230.84260794,Utilities,21.88
884,CELH,2020-08-18,2020-08-18,1,1,False,False,,gap_expired,1.517320125,7.749999992,Consumer Defensive,21.51
885,CELH,2021-06-17,2021-07-22,2,2,True,False,2021-07-22,gap_expired,-0.028886928,21.473299979,Consumer Defensive,17.75
886,CELH,2022-08-25,2022-10-17,2,2,False,True,,gap_expired,0.548355899,38.246699962,Consumer Defensive,21.78
887,CELH,2023-05-18,2023-11-03,7,5,True,True,2023-09-08,gap_expired,0.841159278,45.176699955,Consumer Defensive,16.05
888,CELH,2024-04-26,2024-08-07,5,5,False,True,,gap_expired,-0.719228305,73.6,Consumer Defensive,15.03
889,CERS,2020-06-10,2020-06-10,1,1,False,False,,gap_expired,-0.448739901,6.35,Healthcare,27.57
890,CERT,2022-09-20,2022-09-20,1,1,False,False,,gap_expired,-0.090888927,13.52,Healthcare,27.16
891,CF,2022-03-30,2022-03-30,1,1,False,True,,gap_expired,-0.171306674,92.603946255,Basic Materials,19.33
892,CF,2022-08-25,2022-10-18,2,2,False,True,,gap_expired,-0.427878408,109.057524344,Basic Materials,21.78
893,CF,2023-01-12,2023-01-12,1,1,False,False,,gap_expired,-0.318206709,79.15523415,Basic Materials,18.83
894,CFG,2019-06-12,2019-06-12,1,1,False,False,,gap_expired,-0.298631434,25.995515377,Financial Services,15.91
895,CFG,2021-08-23,2021-08-23,1,1,False,False,,gap_expired,-0.019721576,35.484485622,Financial Services,17.15
896,CFG,2024-10-10,2024-10-10,1,1,False,False,,gap_expired,0.126079686,39.293808955,Financial Services,20.93
897,CFLT,2023-06-08,2023-11-02,7,4,False,False,,gap_expired,-0.540721353,35.61,Technology,13.65
898,CFLT,2024-02-12,2024-02-12,1,1,False,False,,gap_expired,-0.077667382,29.76,Technology,13.93
899,CFLT,2024-08-20,2024-08-20,1,1,False,False,,gap_expired,-0.340261348,21.66,Technology,15.88
900,CFR,2019-02-04,2019-02-04,1,1,False,True,,gap_expired,-0.270032241,80.492110234,Financial Services,15.73
901,CFR,2022-01-31,2022-01-31,1,1,False,True,,gap_expired,-0.015607326,125.278305158,Financial Services,24.83
902,CFR,2023-03-13,2023-03-13,1,1,False,False,,gap_expired,-0.37806281,104.182436735,Financial Services,26.52
903,CG,2018-01-16,2018-01-16,1,1,False,False,,gap_expired,-0.200829034,18.18572875,Financial Services,11.66
904,CG,2018-03-19,2018-03-19,1,1,False,False,,gap_expired,-0.146590894,16.447821481,Financial Services,19.02
905,CGC,2018-05-17,2019-08-06,41,19,True,True,2019-07-08,gap_expired,0.254960678,257.8,Healthcare,13.43
906,CGC,2020-05-26,2020-05-26,1,1,False,True,,gap_expired,-0.197190581,200.8,Healthcare,28.01
907,CGC,2020-10-20,2020-11-04,2,1,False,False,,gap_expired,-0.61380267,193.4,Healthcare,29.35
908,CGC,2021-01-20,2021-04-21,5,4,False,True,,gap_expired,-0.54893408,335.5,Healthcare,21.58
909,CGC,2022-01-27,2022-01-27,1,1,False,True,,gap_expired,0.013497128,68.9,Healthcare,30.49
910,CGC,2022-03-30,2022-03-30,1,1,False,True,,gap_expired,-0.146335608,80.6,Healthcare,19.33
911,CGC,2022-10-11,2022-10-25,2,2,False,True,,gap_expired,-0.929582688,23.8,Healthcare,33.63
912,CGC,2024-04-01,2024-05-15,3,2,False,False,,gap_expired,-0.924032042,7.59,Healthcare,13.65
913,CGNX,2020-05-29,2020-05-29,1,1,False,False,,gap_expired,0.034935337,53.411367114,Technology,27.51
914,CGNX,2024-05-08,2024-05-08,1,1,False,False,,gap_expired,-0.460857104,45.65647846,Technology,13.0
915,CHDN,2018-07-12,2018-07-12,1,1,False,False,,gap_expired,0.08084712,48.98666738,Consumer Cyclical,12.58
916,CHGG,2018-01-11,2018-01-11,1,1,False,True,,gap_expired,0.970039143,16.95,Consumer Defensive,9.88
917,CHGG,2018-03-15,2018-03-15,1,1,False,True,,gap_expired,0.864585947,21.69,Consumer Defensive,16.59
918,CHGG,2019-01-30,2019-01-30,1,1,False,True,,gap_expired,-0.041027965,34.81,Consumer Defensive,17.66
919,CHGG,2019-05-01,2019-05-01,1,1,False,False,,gap_expired,0.225118501,34.88,Consumer Defensive,14.8
920,CHGG,2019-08-06,2019-09-11,2,2,False,True,,gap_expired,0.773528163,43.0,Consumer Defensive,20.17
921,CHGG,2020-05-05,2020-09-23,7,3,False,True,,gap_expired,-0.033296645,58.66,Consumer Defensive,33.61
922,CHGG,2021-02-09,2021-02-09,1,1,False,False,,gap_expired,-0.865929715,104.31,Consumer Defensive,21.63
923,CHGG,2021-11-29,2021-11-29,1,1,False,False,,gap_expired,0.247517963,26.1,Consumer Defensive,22.96
924,CHKP,2024-01-16,2024-01-16,1,1,False,False,,gap_expired,-0.075165086,155.57,Technology,13.84
925,CHRS,2023-07-10,2023-07-10,1,1,False,False,,gap_expired,-0.97149197,5.2,Healthcare,15.07
926,CHRW,2018-01-23,2018-01-23,1,1,False,False,,gap_expired,-0.019175469,78.834087223,Industrials,11.1
927,CHWY,2019-01-07,2019-01-07,1,1,False,False,,gap_expired,0.77647309,29.5,Consumer Cyclical,21.4
928,CHWY,2019-06-14,2019-06-17,2,1,False,False,,gap_expired,-0.165352872,34.72,Consumer Cyclical,15.28
929,CHWY,2019-09-16,2019-09-16,1,1,False,True,,gap_expired,-0.138276771,30.76,Consumer Cyclical,14.67
930,CHWY,2020-01-08,2020-09-23,10,5,False,True,,gap_expired,0.63889988,29.92,Consumer Cyclical,13.45
931,CHWY,2020-12-08,2020-12-11,2,1,False,True,,gap_expired,-0.553332768,78.0,Consumer Cyclical,20.68
932,CHWY,2021-03-18,2021-03-18,1,1,False,True,,gap_expired,-0.591964936,78.5,Consumer Cyclical,21.58
933,CHWY,2021-05-26,2021-06-10,2,1,False,True,,gap_expired,-0.631069186,73.76,Consumer Cyclical,17.36
934,CHWY,2021-09-14,2021-10-26,3,3,False,True,,gap_expired,-0.386028014,72.34,Consumer Cyclical,19.46
935,CHWY,2022-12-12,2023-01-20,2,2,False,False,,gap_expired,-0.741980147,47.31,Consumer Cyclical,25.0
936,CHWY,2023-05-15,2023-05-15,1,1,False,False,,gap_expired,-0.805036617,34.13,Consumer Cyclical,17.12
937,CHWY,2023-08-01,2023-08-01,1,1,False,True,,gap_expired,-0.515089727,32.95,Consumer Cyclical,13.93
938,CHWY,2023-12-14,2024-03-04,3,2,False,False,,gap_expired,0.291371976,21.13,Consumer Cyclical,12.48
939,CHWY,2024-05-29,2024-12-09,4,4,True,False,2024-08-19,gap_expired,1.036501105,21.77,Consumer Cyclical,14.28
940,CHXMF,2023-02-06,2023-03-27,2,2,False,False,,gap_expired,-0.263185014,29.297128335,Basic Materials,19.43
941,CI,2018-03-08,2018-03-19,2,1,False,False,,gap_expired,-0.08360884,158.286949498,Healthcare,16.54
942,CI,2018-06-06,2019-01-03,7,4,False,True,,gap_expired,-0.166202125,160.234681185,Healthcare,11.64
943,CI,2019-03-08,2019-03-08,1,1,False,True,,gap_expired,0.143607093,149.371212567,Healthcare,16.05
944,CI,2019-05-14,2019-06-10,2,1,False,True,,gap_expired,0.156476191,141.907642165,Healthcare,18.06
945,CI,2020-02-06,2020-02-06,1,1,False,False,,gap_expired,-0.216978866,192.688934398,Healthcare,14.96
946,CI,2020-04-23,2020-04-23,1,1,False,True,,gap_expired,-0.161569183,169.729389869,Healthcare,41.38
947,CI,2020-07-28,2020-07-28,1,1,False,False,,gap_expired,-0.08506086,162.035572189,Healthcare,25.44
948,CI,2020-11-04,2020-11-04,1,1,False,False,,gap_expired,-0.320239151,190.743132945,Healthcare,29.57
949,CI,2021-03-19,2021-03-19,1,1,False,True,,gap_expired,-0.134821266,223.490408432,Healthcare,20.95
950,CI,2021-05-25,2021-05-25,1,1,False,False,,gap_expired,0.080349476,238.759677922,Healthcare,18.84
951,CI,2022-05-20,2022-05-20,1,1,False,False,,gap_expired,-0.096571357,245.413100357,Healthcare,29.43
952,CIEN,2018-05-08,2018-05-08,1,1,False,True,,gap_expired,0.214353143,26.74,Technology,14.71
953,CIEN,2020-06-01,2020-06-01,1,1,False,False,,gap_expired,-0.425862981,56.25,Technology,28.23
954,CL,2018-06-08,2018-06-08,1,1,False,False,,gap_expired,0.127696999,52.625913271,Consumer Defensive,12.18
955,CL,2019-01-18,2019-02-06,2,1,False,False,,gap_expired,-0.111639498,52.64355203,Consumer Defensive,17.8
956,CL,2019-04-30,2019-04-30,1,1,False,True,,gap_expired,-0.006970601,61.457072255,Consumer Defensive,13.12
957,CL,2019-07-31,2019-07-31,1,1,False,False,,gap_expired,-0.014796677,61.427901772,Consumer Defensive,16.12
958,CL,2020-02-14,2020-02-14,1,1,False,False,,gap_expired,0.005431841,66.516050877,Consumer Defensive,13.68
959,CL,2020-04-15,2020-04-24,2,1,True,False,2020-04-15,gap_expired,-0.119441154,63.29489458,Consumer Defensive,40.84
960,CL,2020-10-20,2020-10-20,1,1,False,False,,gap_expired,-0.371153658,69.872300411,Consumer Defensive,29.35
961,CL,2023-04-28,2023-04-28,1,1,False,False,,gap_expired,-0.041994818,74.838546952,Consumer Defensive,15.78
962,CL,2024-01-19,2024-01-19,1,1,False,False,,gap_expired,0.063647058,76.729733671,Consumer Defensive,13.3
963,CLDRX,2019-02-01,2019-02-28,2,1,False,False,,gap_expired,-0.470237138,13.76,Technology,16.14
964,CLDRX,2019-07-02,2019-07-02,1,1,False,True,,gap_expired,1.274464152,5.23,Technology,12.93
965,CLDRX,2020-06-01,2020-06-01,1,1,False,False,,gap_expired,0.006194618,11.48,Technology,28.23
966,CLF,2021-03-31,2021-10-28,16,8,False,True,,gap_expired,0.449958655,20.15,Basic Materials,19.4
967,CLF,2022-01-25,2022-02-04,2,1,False,True,,gap_expired,0.307101518,17.4,Basic Materials,31.16
968,CLF,2022-07-25,2022-08-23,2,1,False,False,,gap_expired,-0.126950557,16.45,Basic Materials,23.36
969,CLF,2023-04-18,2023-04-18,1,1,False,False,,gap_expired,0.010580837,16.93,Basic Materials,16.83
970,CLF,2023-11-17,2024-01-26,3,2,False,True,,gap_expired,-0.64493206,17.06,Basic Materials,13.8
971,CLF,2024-04-09,2024-04-09,1,1,False,False,,gap_expired,-0.712002291,21.52,Basic Materials,14.98
972,CLF,2024-08-12,2024-08-12,1,1,False,False,,gap_expired,-0.397747375,12.75,Basic Materials,20.71
973,CLF,2024-11-06,2024-11-14,2,2,False,True,,gap_expired,-0.43706308,14.0,Basic Materials,16.27
974,CLFD,2022-12-14,2023-01-31,3,3,False,False,,gap_expired,-0.95200961,106.83,Technology,21.14
975,CLFD,2023-07-13,2023-07-13,1,1,False,False,,gap_expired,-0.37916211,47.26,Technology,13.61
976,CLH,2018-09-04,2018-09-04,1,1,False,False,,gap_expired,0.025707311,69.01,Industrials,13.16
977,CLH,2019-02-06,2019-02-27,2,2,False,False,,gap_expired,0.191680908,58.39,Industrials,15.38
978,CLH,2020-02-28,2020-02-28,1,1,False,False,,gap_expired,-0.112497713,69.79,Industrials,40.11
979,CLH,2020-11-06,2020-12-09,2,1,True,False,2020-11-06,gap_expired,0.248682425,69.27,Industrials,24.86
980,CLH,2022-07-06,2022-07-06,1,1,False,False,,gap_expired,0.816392544,86.95,Industrials,26.73
981,CLH,2023-03-10,2023-03-10,1,1,True,False,2023-03-10,gap_expired,0.035942929,133.06,Industrials,24.8
982,CLH,2023-07-12,2023-07-12,1,1,False,False,,gap_expired,0.102476809,166.36,Industrials,13.54
983,CLNE,2021-06-10,2021-06-25,3,1,False,True,,gap_expired,-0.42427214,11.15,Energy,16.1
984,CLNE,2022-02-28,2022-02-28,1,1,False,False,,gap_expired,-0.204828642,7.4,Energy,30.15
985,CLS,2024-02-07,2024-02-07,1,1,False,False,,gap_expired,0.082090078,36.58,Technology,12.83
986,CLS,2024-05-24,2024-05-24,1,1,False,False,,gap_expired,0.768944433,60.9,Technology,11.93
987,CLX,2018-02-07,2018-05-29,6,2,False,False,,gap_expired,0.226701988,100.297592223,Consumer Defensive,27.73
988,CLX,2018-08-02,2019-01-28,11,4,False,True,,gap_expired,0.072710661,113.881782546,Consumer Defensive,12.19
989,CLX,2019-04-30,2019-04-30,1,1,False,True,,gap_expired,-0.052262926,125.174606075,Consumer Defensive,13.12
990,CLX,2019-07-16,2019-07-16,1,1,False,True,,gap_expired,-0.110871907,130.137899247,Consumer Defensive,12.86
991,CLX,2019-10-04,2019-11-22,3,1,False,True,,gap_expired,-0.099356835,124.448239727,Consumer Defensive,17.04
992,CLX,2020-01-24,2021-06-29,25,7,True,True,2020-01-31,gap_expired,0.090184248,132.507825667,Consumer Defensive,14.56
993,CLX,2021-12-16,2022-01-10,3,1,False,True,,gap_expired,-0.211384255,154.622337176,Consumer Defensive,20.57
994,CLX,2022-05-04,2022-05-05,2,1,False,True,,gap_expired,0.173601012,130.427040231,Consumer Defensive,25.42
995,CLX,2022-08-01,2022-08-15,2,1,False,False,,gap_expired,0.052451221,129.007584997,Consumer Defensive,22.84
996,CLX,2023-08-22,2023-08-22,1,1,False,False,,gap_expired,-0.244734789,137.511657748,Consumer Defensive,16.97
997,CLX,2023-11-07,2023-12-18,2,1,False,False,,gap_expired,-0.094622347,121.952680542,Consumer Defensive,14.81
998,CLX,2024-08-14,2024-08-14,1,1,False,False,,gap_expired,-0.316756164,137.1636606,Consumer Defensive,16.19
999,CMA-PB,2021-03-30,2021-03-30,1,1,False,False,,gap_expired,0.158396161,57.790068622,Financial Services,19.61
1000,CMA-PB,2023-08-01,2023-08-01,1,1,False,False,,gap_expired,-0.124507466,45.620141754,Financial Services,13.93
1001,CMC,2023-07-10,2023-07-10,1,1,False,False,,gap_expired,-0.25469175,52.293437213,Industrials,15.07
1002,CMC,2024-02-29,2024-02-29,1,1,False,False,,gap_expired,-0.274381951,52.612925382,Industrials,13.4
1003,CMCSA,2018-02-27,2019-01-25,10,4,True,True,2018-02-27,gap_expired,0.04712309,27.999755016,Communication Services,18.59
1004,CMCSA,2020-01-27,2020-01-27,1,1,False,False,,gap_expired,-0.050145705,34.873148901,Communication Services,18.23
1005,CMCSA,2021-03-19,2021-05-07,2,1,True,False,2021-03-19,gap_expired,-0.301081269,45.058034992,Communication Services,20.95
1006,CMCSA,2021-09-27,2021-09-27,1,1,True,False,2021-09-27,gap_expired,-0.282209891,45.336648634,Communication Services,18.76
1007,CME,2018-01-17,2018-01-17,1,1,False,False,,gap_expired,0.266219903,115.51903506,Financial Services,11.91
1008,CME,2018-04-12,2018-04-25,2,1,False,False,,gap_expired,-0.02955474,126.178604954,Financial Services,18.49
1009,CME,2019-06-04,2019-06-04,1,1,False,False,,gap_expired,-0.153741445,152.744832879,Financial Services,16.97
1010,CME,2019-08-19,2019-08-19,1,1,False,False,,gap_expired,-0.362010217,170.314058788,Financial Services,16.88
1011,CME,2019-10-28,2019-10-31,2,1,False,False,,gap_expired,-0.332537231,158.470615547,Financial Services,13.11
1012,CME,2021-04-13,2021-04-13,1,1,False,False,,gap_expired,0.11237436,170.339106477,Financial Services,16.65
1013,CME,2022-12-05,2022-12-05,1,1,False,False,,gap_expired,0.063569101,156.852396816,Financial Services,20.75
1014,CME,2023-09-28,2023-10-09,2,1,False,False,,gap_expired,-0.166981503,183.780674811,Financial Services,17.34
1015,CME,2024-05-07,2024-05-07,1,1,False,True,,gap_expired,0.214020781,196.140831787,Financial Services,13.23
1016,CME,2024-11-08,2024-11-08,1,1,False,True,,gap_expired,0.171125065,216.244211461,Financial Services,14.94
1017,CMG,2018-04-04,2018-06-29,5,2,False,False,,gap_expired,1.064477686,6.522,Consumer Cyclical,20.06
1018,CMG,2018-10-04,2020-12-03,44,18,False,True,,gap_expired,0.787438351,8.9382,Consumer Cyclical,14.22
1019,CMG,2021-02-02,2022-04-13,25,9,False,True,,gap_expired,-0.21882031,29.9004,Consumer Cyclical,25.56
1020,CMG,2022-07-25,2022-07-26,2,1,False,False,,gap_expired,0.26081119,26.3632,Consumer Cyclical,23.36
1021,CMG,2022-10-13,2023-05-15,15,5,False,True,,gap_expired,-0.043261756,31.586,Consumer Cyclical,31.94
1022,CMG,2023-07-26,2023-09-13,6,1,False,True,,gap_expired,0.120492927,38.5004,Consumer Cyclical,13.19
1023,CMG,2024-02-02,2024-12-06,20,6,True,True,2024-02-02,gap_expired,-0.098666704,50.0518,Consumer Cyclical,13.85
1024,CMI,2018-01-09,2018-03-06,2,2,False,False,,gap_expired,-0.173859275,147.492529118,Industrials,10.08
1025,CMI,2018-12-03,2018-12-03,1,1,False,False,,gap_expired,0.069494488,126.921443072,Industrials,16.44
1026,CMI,2019-02-07,2019-02-13,2,1,False,False,,gap_expired,-0.142105434,123.989008352,Industrials,16.37
1027,CMI,2021-02-09,2021-05-10,3,2,False,False,,gap_expired,-0.248046547,218.789291434,Industrials,21.63
1028,CMI,2021-08-02,2021-08-02,1,1,False,False,,gap_expired,0.017425222,205.018526432,Industrials,19.46
1029,CMI,2021-10-13,2021-10-13,1,1,False,False,,gap_expired,0.141384366,209.533273289,Industrials,18.64
1030,CMI,2022-05-19,2022-06-02,2,1,False,True,,gap_expired,0.027628096,185.590013132,Industrials,29.35
1031,CMI,2022-10-25,2022-10-25,1,1,False,False,,gap_expired,-0.157349361,218.685161642,Industrials,28.46
1032,CMI,2023-01-25,2023-08-24,8,3,False,True,,gap_expired,-0.237190844,230.728911413,Industrials,19.08
1033,CMI,2024-03-27,2024-04-11,2,1,False,True,,gap_expired,0.006468484,284.39852187,Industrials,12.78
1034,CMI,2024-08-13,2024-09-11,3,1,False,False,,gap_expired,0.212301828,281.980715725,Industrials,18.12
1035,CNC,2018-01-29,2018-03-14,4,1,False,False,,gap_expired,0.224250655,54.515,Healthcare,13.84
1036,CNC,2018-06-15,2019-06-07,22,8,False,True,,gap_expired,-0.181284,61.74,Healthcare,11.98
1037,CNC,2019-09-17,2020-02-04,7,3,False,True,,gap_expired,0.188835881,45.47,Healthcare,14.44
1038,CNC,2020-04-28,2020-08-27,5,3,False,True,,gap_expired,-0.579591057,68.51,Healthcare,33.57
1039,CNC,2020-10-27,2020-11-24,3,1,False,True,,gap_expired,-0.258493274,62.76,Healthcare,33.35
1040,CNC,2021-02-04,2021-02-04,1,1,False,False,,gap_expired,0.153256354,60.83,Healthcare,21.77
1041,CNC,2021-04-27,2021-06-16,4,2,False,False,,gap_expired,0.301524616,61.46,Healthcare,17.56
1042,CNC,2021-10-26,2021-11-22,2,1,False,True,,gap_expired,0.33918642,70.99,Healthcare,15.98
1043,CNC,2022-02-04,2022-03-15,2,1,False,True,,gap_expired,-0.024329358,80.66,Healthcare,23.22
1044,CNC,2022-08-02,2022-08-02,1,1,False,True,,gap_expired,-0.401590364,93.31,Healthcare,23.93
1045,CNH,2022-01-05,2022-01-05,1,1,False,False,,gap_expired,0.198222385,14.989532098,Industrials,19.73
1046,CNH,2022-08-22,2022-08-25,2,1,False,False,,gap_expired,-0.009879219,11.589109167,Industrials,23.8
1047,CNK,2020-09-14,2020-09-14,1,1,False,False,,gap_expired,0.146124071,12.033820341,Communication Services,25.85
1048,CNM,2023-04-20,2023-04-20,1,1,False,False,,gap_expired,0.946102188,25.55,Industrials,17.17
1049,CNM,2024-03-28,2024-03-28,1,1,False,False,,gap_expired,-0.202195062,57.31,Industrials,13.01
1050,CNO,2022-11-04,2022-11-04,1,1,False,False,,gap_expired,-0.03178893,20.416338623,Financial Services,24.55
1051,CNQ,2023-10-03,2023-10-26,2,1,False,False,,gap_expired,-0.180354097,27.870500903,Energy,19.78
1052,CNX,2018-05-08,2018-05-08,1,1,False,False,,gap_expired,-0.508626869,15.53,Energy,14.71
1053,COCO,2023-04-18,2023-04-18,1,1,False,False,,gap_expired,-0.095099817,20.81,Consumer Defensive,16.83
1054,COCO,2024-04-01,2024-04-01,1,1,False,False,,gap_expired,0.085175845,23.81,Consumer Defensive,13.65
1055,COF,2018-03-05,2018-03-05,1,1,False,False,,gap_expired,-0.184938776,86.116454421,Financial Services,18.73
1056,COF,2020-04-09,2020-04-09,1,1,False,True,,gap_expired,0.72615369,54.33207078,Financial Services,41.67
1057,COF,2023-01-25,2023-01-25,1,1,False,False,,gap_expired,-0.020943405,110.602833609,Financial Services,19.08
1058,COF,2023-05-19,2023-05-19,1,1,False,True,,gap_expired,0.160718414,94.56871952,Financial Services,16.81
1059,COF,2024-01-30,2024-03-20,2,1,False,True,,gap_expired,0.250415202,133.186275004,Financial Services,13.31
1060,COHR,2018-01-23,2018-01-23,1,1,False,False,,gap_expired,-0.25076213,48.35,Technology,11.1
1061,COHR,2021-05-04,2021-05-04,1,1,False,False,,gap_expired,-0.048406187,66.72,Technology,19.48
1062,COIN,2021-04-13,2021-04-14,2,1,False,False,,gap_expired,-0.682335822,381.0,Financial Services,16.65
1063,COIN,2021-07-09,2021-08-25,2,1,False,True,,gap_expired,-0.673498402,254.0,Financial Services,16.18
1064,COIN,2021-11-11,2021-11-11,1,1,False,False,,gap_expired,-0.705480529,339.25,Financial Services,17.66
1065,COIN,2024-02-09,2024-03-07,2,2,False,True,,gap_expired,0.880537824,141.1,Financial Services,12.93
1066,COIN,2024-11-06,2024-11-18,2,2,False,False,,gap_expired,0.072040042,245.63,Financial Services,16.27
1067,COLD,2019-08-27,2019-08-27,1,1,False,False,,gap_expired,-0.150709939,29.057621035,Real Estate,20.31
1068,COLM,2018-10-29,2018-10-29,1,1,False,True,,gap_expired,-0.156210435,82.063536595,Consumer Cyclical,24.7
1069,COLM,2019-01-07,2019-02-14,3,1,False,True,,gap_expired,-0.303039433,92.972522977,Consumer Cyclical,21.4
1070,COLM,2019-10-31,2019-10-31,1,1,False,False,,gap_expired,-0.277662541,83.962331027,Consumer Cyclical,13.22
1071,COLM,2020-02-11,2020-02-11,1,1,False,False,,gap_expired,-0.048644707,83.970467125,Consumer Cyclical,15.18
1072,COLM,2020-08-18,2020-08-18,1,1,False,False,,gap_expired,-0.065532666,74.427469303,Consumer Cyclical,21.51
1073,COLM,2022-02-04,2022-02-04,1,1,False,False,,gap_expired,0.036969903,89.192324158,Consumer Cyclical,23.22
1074,COLM,2022-10-28,2022-11-02,2,1,False,False,,gap_expired,-0.126074529,72.288377494,Consumer Cyclical,25.75
1075,COO,2019-12-04,2019-12-04,1,1,False,True,,gap_expired,-0.102138653,78.154805038,Healthcare,14.8
1076,COO,2024-12-10,2024-12-10,1,1,False,False,,gap_expired,-0.316770178,99.35,Healthcare,14.18
1077,COOK,2021-08-19,2021-08-19,1,1,False,False,,gap_expired,-0.644590777,26.52,Consumer Cyclical,21.67
1078,COOK,2021-11-22,2021-11-22,1,1,False,False,,gap_expired,-0.523045206,13.87,Consumer Cyclical,19.17
1079,COOK,2022-08-23,2022-08-23,1,1,False,False,,gap_expired,0.271398844,3.03,Consumer Cyclical,24.11
1080,COP,2018-10-15,2018-10-15,1,1,False,False,,gap_expired,-0.347686029,58.283892696,Energy,21.3
1081,COP,2020-01-06,2020-02-06,2,2,False,True,,gap_expired,-0.496850453,53.673086262,Energy,13.85
1082,COP,2020-06-29,2020-06-29,1,1,False,False,,gap_expired,0.120647709,33.582748666,Energy,31.78
1083,COP,2021-09-23,2021-09-27,2,1,False,False,,gap_expired,0.770249276,54.931803883,Energy,18.63
1084,COP,2022-04-29,2022-04-29,1,1,False,False,,gap_expired,0.065527196,82.551409518,Energy,33.4
1085,COP,2022-09-28,2022-11-03,2,2,False,True,,gap_expired,0.017959399,91.676497721,Energy,30.18
1086,COP,2023-02-07,2023-03-28,2,2,False,False,,gap_expired,-0.204645593,102.313159002,Energy,18.66
1087,COP,2024-04-18,2024-06-11,2,2,False,True,,gap_expired,-0.366027947,121.764099065,Energy,18.0
1088,COST,2018-01-04,2018-06-15,7,3,False,True,,gap_expired,0.091325862,169.491269161,Consumer Defensive,9.22
1089,COST,2018-09-07,2018-12-14,4,2,False,True,,gap_expired,0.147820824,219.183042204,Consumer Defensive,14.88
1090,COST,2019-03-11,2024-12-12,125,37,True,True,2019-11-25,gap_expired,0.301516007,208.802045602,Consumer Defensive,14.33
1091,COTY,2019-03-01,2019-03-01,1,1,False,False,,gap_expired,-0.290336043,11.13,Consumer Defensive,13.57
1092,COTY,2024-04-26,2024-04-26,1,1,False,False,,gap_expired,-0.673016652,11.52,Consumer Defensive,15.03
1093,CPA,2023-07-26,2023-07-26,1,1,False,False,,gap_expired,-0.397757946,102.886124022,Industrials,13.19
1094,CPRI,2019-02-06,2019-03-01,3,1,False,False,,gap_expired,-0.610575808,47.75,Consumer Cyclical,15.38
1095,CPRI,2019-06-13,2019-06-13,1,1,False,False,,gap_expired,-0.584364012,34.1,Consumer Cyclical,15.82
1096,CPRI,2021-03-16,2021-03-16,1,1,False,False,,gap_expired,-0.139282669,55.84,Consumer Cyclical,19.79
1097,CPRI,2021-05-25,2021-05-25,1,1,False,False,,gap_expired,-0.152520539,53.04,Consumer Cyclical,18.84
1098,CPRI,2022-04-25,2022-04-25,1,1,False,False,,gap_expired,-0.119147136,47.82,Consumer Cyclical,27.02
1099,CPRL34,2021-12-01,2021-12-09,2,1,False,False,,gap_expired,0.287721158,66.73413723,Industrials,31.12
1100,CPRL34,2023-07-20,2023-07-20,1,1,False,False,,gap_expired,-0.209795649,78.881910048,Industrials,13.99
1101,CPRL34,2024-01-31,2024-04-29,2,2,True,False,2024-01-31,gap_expired,-0.301757365,80.002906397,Industrials,14.35
1102,CPRT,2018-06-01,2018-06-01,1,1,False,False,,gap_expired,0.262740481,13.91,Industrials,13.46
1103,CPRT,2019-11-25,2019-11-25,1,1,False,True,,gap_expired,0.096158726,22.49,Industrials,11.87
1104,CPRT,2020-05-01,2020-05-01,1,1,False,True,,gap_expired,0.088387413,19.39,Industrials,37.19
1105,CPRT,2023-11-06,2023-11-06,1,1,False,False,,gap_expired,-0.175774363,46.1,Industrials,14.89
1106,CPRX,2023-03-24,2023-05-12,2,2,False,False,,gap_expired,-0.330048222,16.22,Healthcare,21.74
1107,CPRX,2024-04-05,2024-04-05,1,1,False,False,,gap_expired,0.417030804,15.29,Healthcare,16.03
1108,CPT,2022-04-05,2022-04-05,1,1,False,False,,gap_expired,-0.297750122,148.706872026,Real Estate,21.03
1109,CQP,2018-10-29,2018-10-29,1,1,False,False,,gap_expired,0.263481942,20.024040575,Energy,24.7
1110,CQP,2022-09-30,2022-10-03,2,1,False,False,,gap_expired,-0.18183915,43.187615807,Energy,31.62
1111,CQP,2023-11-28,2024-01-24,3,2,False,False,,gap_expired,-0.280941977,51.300886555,Energy,12.69
1112,CR,2024-08-22,2024-08-22,1,1,False,True,,gap_expired,0.114317491,150.502084545,Industrials,17.55
1113,CRH,2023-11-03,2023-11-03,1,1,False,False,,gap_expired,0.428522651,54.414218615,Basic Materials,14.91
1114,CRH,2024-05-10,2024-05-10,1,1,False,True,,gap_expired,0.055098978,80.699505211,Basic Materials,12.55
1115,CRL,2018-12-06,2018-12-06,1,1,False,False,,gap_expired,-0.074842409,130.0,Healthcare,21.19
1116,CRL,2019-02-26,2019-02-26,1,1,False,False,,gap_expired,0.042948629,140.0,Healthcare,15.17
1117,CRL,2019-11-01,2019-11-10,2,1,False,False,,gap_expired,0.660691755,133.9,Healthcare,12.3
1118,CRL,2020-02-11,2020-02-11,1,1,False,True,,gap_expired,0.487158098,173.33,Healthcare,15.18
1119,CRL,2021-02-23,2021-02-23,1,1,False,False,,gap_expired,-0.102581063,282.39,Healthcare,23.11
1120,CRL,2021-06-28,2021-06-28,1,1,False,False,,gap_expired,-0.303548696,367.0,Healthcare,15.76
1121,CRL,2022-01-12,2022-01-12,1,1,False,False,,gap_expired,-0.192861204,356.65,Healthcare,17.62
1122,CRL,2022-05-18,2022-05-18,1,1,False,True,,gap_expired,-0.198334593,224.32,Healthcare,30.96
1123,CRL,2022-08-01,2022-09-29,2,2,False,False,,gap_expired,-0.30073171,247.51,Healthcare,22.84
1124,CRL,2023-02-01,2023-02-01,1,1,False,False,,gap_expired,-0.338558446,251.04,Healthcare,17.87
1125,CRM,2018-01-02,2024-12-03,141,46,True,True,2018-06-08,gap_expired,0.358940308,103.640781554,Technology,9.77
1126,CRNC,2020-07-30,2020-07-30,1,1,False,False,,gap_expired,0.601210222,12.75,Technology,24.76
1127,CRNC,2021-06-21,2021-06-21,1,1,False,False,,gap_expired,-0.661444954,110.42,Technology,17.89
1128,CRNC,2022-01-26,2022-01-26,1,1,False,False,,gap_expired,-0.526964449,60.71,Technology,31.96
1129,CRNC,2022-11-02,2022-11-02,1,1,False,False,,gap_expired,-0.169206679,16.25,Technology,25.86
1130,CRON,2018-12-11,2019-09-26,13,10,False,True,,gap_expired,-0.638914365,12.8,Healthcare,21.76
1131,CROX,2018-11-09,2018-11-09,1,1,False,False,,gap_expired,0.199190679,26.57,Consumer Cyclical,17.36
1132,CROX,2021-02-23,2021-02-23,1,1,False,False,,gap_expired,-0.118772065,80.75,Consumer Cyclical,23.11
1133,CROX,2022-01-24,2022-05-10,3,3,False,False,,gap_expired,0.225338085,103.01,Consumer Cyclical,29.9
1134,CROX,2023-01-10,2023-01-10,1,1,False,False,,gap_expired,-0.348059128,116.73,Consumer Cyclical,20.58
1135,CROX,2024-08-06,2024-08-06,1,1,False,True,,gap_expired,-0.622485405,128.49,Consumer Cyclical,27.71
1136,CRS,2023-09-21,2023-09-21,1,1,False,False,,gap_expired,0.996887457,68.075485818,Industrials,17.54
1137,CRSP,2018-06-22,2018-06-22,1,1,False,False,,gap_expired,-0.383928435,62.8,Healthcare,13.77
1138,CRSP,2018-09-12,2018-09-12,1,1,False,False,,gap_expired,-0.135379212,54.05,Healthcare,13.14
1139,CRSP,2019-07-23,2019-07-23,1,1,False,False,,gap_expired,0.741162348,49.29,Healthcare,12.61
1140,CRSP,2020-10-08,2020-10-08,1,1,False,True,,gap_expired,-0.246297673,97.78,Healthcare,26.36
1141,CRSP,2020-12-22,2020-12-22,1,1,False,False,,gap_expired,-0.829584514,176.56,Healthcare,24.23
1142,CRSP,2021-03-22,2021-03-22,1,1,False,False,,gap_expired,-0.650947918,132.01,Healthcare,18.88
1143,CRSP,2021-07-13,2021-07-13,1,1,False,False,,gap_expired,-0.273996547,136.0,Healthcare,17.12
1144,CRSP,2023-01-31,2023-01-31,1,1,False,False,,gap_expired,0.017051096,51.57,Healthcare,19.4
1145,CRSP,2024-02-29,2024-02-29,1,1,False,True,,gap_expired,-0.640562743,84.36,Healthcare,13.4
1146,CRSP,2024-08-07,2024-08-07,1,1,False,False,,gap_expired,-0.051690969,47.55,Healthcare,27.85
1147,CRSR,2020-10-22,2020-11-16,4,2,False,True,,gap_expired,-0.299867014,24.46,Technology,28.11
1148,CRSR,2021-03-04,2021-03-04,1,1,True,False,2021-03-04,gap_expired,-0.484287098,32.59,Technology,28.57
1149,CRSR,2021-07-15,2021-07-15,1,1,False,False,,gap_expired,-0.478002259,30.77,Technology,17.01
1150,CRSR,2022-01-26,2022-01-26,1,1,False,False,,gap_expired,-0.120021005,19.2,Technology,31.96
1151,CRUS,2020-05-11,2020-06-22,2,2,False,True,,gap_expired,-0.423849803,73.89,Technology,27.57
1152,CRUS,2020-10-20,2020-12-16,2,2,False,False,,gap_expired,-0.170731042,69.87,Technology,29.35
1153,CRWD,2019-09-12,2019-09-25,2,2,False,False,,gap_expired,0.695458683,69.86,Technology,14.22
1154,CRWD,2019-12-04,2022-06-06,32,21,True,True,2020-12-04,gap_expired,1.833640817,55.0,Technology,14.8
1155,CRWD,2022-11-11,2022-11-11,1,1,False,True,,gap_expired,0.291723164,141.55,Technology,22.52
1156,CRWD,2023-03-08,2023-07-26,4,2,False,True,,gap_expired,1.178853378,128.11,Technology,19.11
1157,CRWD,2023-10-02,2024-12-20,23,9,True,True,2024-01-22,gap_expired,0.342031023,167.31,Technology,17.61
1158,CSCO,2018-01-17,2018-01-19,2,1,False,False,,gap_expired,0.153882681,32.540257246,Technology,11.91
1159,CSCO,2018-03-27,2023-01-03,73,24,True,True,2019-02-08,gap_expired,0.204670613,33.54239001,Technology,22.5
1160,CSCO,2023-05-17,2023-05-17,1,1,False,False,,gap_expired,-0.234077505,42.344139415,Technology,16.87
1161,CSCO,2023-08-24,2023-08-24,1,1,False,False,,gap_expired,-0.350710391,51.51343355,Technology,17.2
1162,CSCO,2023-11-07,2023-11-27,2,2,False,True,,gap_expired,-0.262756224,50.138750494,Technology,14.81
1163,CSCO,2024-04-01,2024-04-01,1,1,False,True,,gap_expired,0.142419929,47.282646048,Technology,13.65
1164,CSCO,2024-06-04,2024-06-04,1,1,False,False,,gap_expired,0.284219289,45.340915752,Technology,13.16
1165,CSCO,2024-11-08,2024-12-20,3,1,False,False,,gap_expired,0.211286499,57.210578203,Technology,14.94
1166,CSGP,2020-05-05,2020-05-05,1,1,False,False,,gap_expired,-0.198390356,64.11801,Real Estate,33.61
1167,CSX,2018-07-10,2018-08-15,3,2,False,True,,gap_expired,0.105051742,19.812269753,Industrials,12.64
1168,CSX,2019-01-11,2019-01-11,1,1,False,True,,gap_expired,-0.132491778,19.685170878,Industrials,18.19
1169,CSX,2019-04-12,2019-04-26,2,1,False,False,,gap_expired,-0.168550569,23.257169006,Industrials,12.01
1170,CSX,2019-10-24,2019-10-28,2,1,False,False,,gap_expired,-0.042504029,22.048653865,Industrials,13.71
1171,CSX,2020-11-10,2020-11-10,1,1,False,False,,gap_expired,-0.156172669,28.467009328,Industrials,24.8
1172,CSX,2021-03-22,2021-05-04,2,1,False,True,,gap_expired,0.031502754,29.217887206,Industrials,18.88
1173,CSX,2022-12-16,2022-12-16,1,1,False,False,,gap_expired,-0.137863386,30.278674705,Industrials,22.62
1174,CSX,2023-05-09,2023-05-09,1,1,False,False,,gap_expired,-0.195853884,30.983013987,Industrials,17.71
1175,CSX,2023-11-16,2023-11-16,1,1,False,False,,gap_expired,-0.213054175,30.421332053,Industrials,14.32
1176,CSX,2024-01-29,2024-01-31,2,2,True,False,2024-01-31,gap_expired,-0.298624405,34.27398605,Industrials,13.6
1177,CSX,2024-11-14,2024-12-20,2,2,False,False,,gap_expired,-0.167402243,34.884532075,Industrials,14.31
1178,CTAS,2018-03-14,2018-03-14,1,1,False,False,,gap_expired,0.158218258,40.282001152,Industrials,17.23
1179,CTAS,2018-09-12,2018-10-01,3,1,False,True,,gap_expired,0.113809041,49.571110039,Industrials,13.14
1180,CTAS,2019-12-13,2019-12-13,1,1,False,False,,gap_expired,0.157225171,62.87351167,Industrials,12.63
1181,CTAS,2020-05-14,2020-05-14,1,1,False,False,,gap_expired,0.083464871,53.36334384,Industrials,32.61
1182,CTAS,2020-09-14,2020-09-14,1,1,False,False,,gap_expired,-0.102412279,77.75903846,Industrials,25.85
1183,CTAS,2021-03-31,2021-03-31,1,1,False,False,,gap_expired,0.098173249,82.234203635,Industrials,19.4
1184,CTAS,2023-02-03,2023-03-29,2,1,False,True,,gap_expired,0.194463853,106.801513864,Industrials,18.33
1185,CTAS,2023-08-17,2023-08-24,2,1,False,False,,gap_expired,0.309016134,118.36542718,Industrials,17.89
1186,CTAS,2023-12-15,2024-05-08,4,3,True,True,2023-12-21,gap_expired,0.199581168,138.906500224,Industrials,12.28
1187,CTAS,2024-11-05,2024-12-11,2,1,False,False,,gap_expired,-0.303802325,212.709169475,Industrials,20.49
1188,CTRA,2018-01-05,2018-01-05,1,1,False,False,,gap_expired,-0.127141896,21.190786919,Energy,9.22
1189,CTRA,2019-04-12,2019-04-12,1,1,False,False,,gap_expired,-0.225534572,20.205304175,Energy,12.01
1190,CTRA,2021-09-23,2021-10-19,2,1,False,False,,gap_expired,0.584197432,15.524043757,Energy,18.63
1191,CTRA,2022-01-31,2024-11-22,48,18,True,True,2022-07-05,gap_expired,0.310668837,17.669048904,Energy,24.83
1192,CTSH,2019-04-30,2019-04-30,1,1,False,True,,gap_expired,-0.204465568,66.329313625,Technology,13.12
1193,CTSH,2022-04-05,2022-04-05,1,1,False,False,,gap_expired,-0.209503926,80.843561359,Technology,21.03
1194,CTVA,2020-05-26,2020-06-04,2,2,False,False,,gap_expired,0.345175605,24.285422098,Basic Materials,28.01
1195,CTVA,2020-10-08,2020-10-12,2,1,False,True,,gap_expired,0.049169978,30.58968216,Basic Materials,26.36
1196,CTVA,2022-03-22,2022-03-22,1,1,False,False,,gap_expired,0.103464196,54.87393886,Basic Materials,22.94
1197,CTVA,2022-08-25,2022-10-13,2,1,False,False,,gap_expired,-0.274192386,61.24302263,Basic Materials,21.78
1198,CTVA,2022-12-19,2023-01-04,3,1,False,True,,gap_expired,-0.448145766,56.613346158,Basic Materials,22.42
1199,CTVA,2023-05-30,2023-05-30,1,1,False,False,,gap_expired,-0.243325478,52.998592894,Basic Materials,17.46
1200,CURV,2022-01-26,2022-01-26,1,1,False,False,,gap_expired,-0.528209245,9.01,Consumer Cyclical,31.96
1201,CVE,2022-11-08,2022-11-08,1,1,False,True,,gap_expired,-0.296663174,18.981585,Energy,25.54
1202,CVGI,2021-06-15,2021-06-15,1,1,False,False,,gap_expired,-0.378908883,11.429,Consumer Cyclical,17.02
1203,CVGI,2022-01-19,2022-01-19,1,1,False,True,,gap_expired,0.010380337,8.12,Consumer Cyclical,23.85
1204,CVI,2022-08-15,2022-08-15,1,1,False,False,,gap_expired,0.222664217,21.943912239,Energy,19.95
1205,CVM,2019-09-23,2019-09-23,1,1,False,False,,gap_expired,0.389947741,258.0,Healthcare,14.91
1206,CVM,2020-02-04,2020-02-04,1,1,False,False,,gap_expired,0.223399691,447.0,Healthcare,16.05
1207,CVM,2021-03-04,2021-03-04,1,1,False,True,,gap_expired,-0.892722713,576.0,Healthcare,28.57
1208,CVNA,2018-08-14,2018-10-03,2,1,False,False,,gap_expired,-0.33698722,53.93,Consumer Cyclical,13.31
1209,CVNA,2019-05-14,2019-06-05,2,1,False,True,,gap_expired,0.349690054,64.78,Consumer Cyclical,18.06
1210,CVNA,2019-09-05,2019-09-05,1,1,False,True,,gap_expired,1.038297351,84.61,Consumer Cyclical,16.27
1211,CVNA,2020-05-14,2020-06-18,3,2,False,False,,gap_expired,1.081158923,87.94,Consumer Cyclical,32.61
1212,CVNA,2020-10-08,2020-11-30,3,2,False,True,,gap_expired,0.040216128,214.87,Consumer Cyclical,26.36
1213,CVNA,2021-03-30,2021-03-30,1,1,False,False,,gap_expired,-0.694475434,261.88,Consumer Cyclical,19.61
1214,CVNA,2021-07-07,2021-07-07,1,1,False,True,,gap_expired,-0.458803398,308.94,Consumer Cyclical,16.2
1215,CVNA,2021-09-24,2021-11-05,2,1,False,True,,gap_expired,-0.631092206,320.39,Consumer Cyclical,17.75
1216,CVNA,2024-08-22,2024-08-22,1,1,False,True,,gap_expired,0.54295155,154.54,Consumer Cyclical,17.55
1217,CVS,2018-03-29,2018-03-29,1,1,False,False,,gap_expired,-0.245046736,47.986186923,Healthcare,19.97
1218,CVS,2018-07-30,2021-05-25,53,17,True,True,2019-01-15,gap_expired,-0.222419787,52.959740277,Healthcare,14.26
1219,CVS,2021-10-19,2021-10-29,2,1,False,True,,gap_expired,0.277450546,73.177249082,Healthcare,15.7
1220,CVS,2022-01-07,2022-02-04,2,1,False,False,,gap_expired,0.012001703,90.130639797,Healthcare,18.76
1221,CVS,2022-04-29,2022-04-29,1,1,False,False,,gap_expired,-0.260554586,84.299698712,Healthcare,33.4
1222,CVS,2022-08-31,2022-08-31,1,1,False,False,,gap_expired,-0.472732114,86.152424652,Healthcare,25.87
1223,CVS,2023-01-09,2023-01-09,1,1,False,False,,gap_expired,-0.351928339,80.34888253,Healthcare,21.97
1224,CVS,2023-04-19,2023-06-01,2,1,False,False,,gap_expired,-0.248021742,65.766899984,Healthcare,16.46
1225,CVS,2023-09-12,2023-09-12,1,1,False,False,,gap_expired,-0.424881438,63.997893672,Healthcare,14.23
1226,CVS,2024-02-09,2024-02-09,1,1,False,True,,gap_expired,-0.319129833,70.016266008,Healthcare,12.93
1227,CVS,2024-10-10,2024-11-06,2,1,False,False,,gap_expired,0.088573707,63.119720263,Healthcare,20.93
1228,CVX,2018-01-02,2018-01-11,2,1,False,True,,gap_expired,-0.033127564,90.242493322,Energy,9.77
1229,CVX,2018-05-08,2018-09-13,5,3,False,True,,gap_expired,-0.094187921,91.827283736,Energy,14.71
1230,CVX,2019-03-19,2019-05-15,5,1,False,True,,gap_expired,-0.38632634,92.86884965,Energy,13.56
1231,CVX,2020-01-22,2023-03-28,86,21,True,True,2022-01-03,gap_expired,0.31532006,73.271204712,Energy,12.91
1232,CVX,2023-10-02,2023-11-03,3,2,False,False,,gap_expired,-0.402801653,150.443012597,Energy,17.61
1233,CVX,2024-03-28,2024-12-31,10,5,False,True,,gap_expired,-0.151807952,146.593259607,Energy,13.01
1234,CWEN,2021-09-17,2021-09-17,1,1,False,True,,gap_expired,0.325778401,25.026580981,Utilities,20.81
1235,CWH,2018-03-19,2018-03-19,1,1,False,True,,gap_expired,-0.646780599,22.989643894,Consumer Cyclical,19.02
1236,CWH,2019-03-26,2019-03-26,1,1,False,False,,gap_expired,-0.403384309,9.627096194,Consumer Cyclical,14.68
1237,CWH,2020-05-06,2020-10-23,7,5,False,True,,gap_expired,3.146630246,7.874299718,Consumer Cyclical,34.12
1238,CWH,2021-04-06,2021-05-10,3,2,False,False,,gap_expired,-0.370977196,29.775967952,Consumer Cyclical,18.12
1239,CWH,2021-07-20,2021-07-20,1,1,False,False,,gap_expired,-0.212373766,31.172670834,Consumer Cyclical,19.73
1240,CWH,2022-02-01,2022-02-01,1,1,False,False,,gap_expired,-0.084691421,28.242336264,Consumer Cyclical,21.96
1241,CWH,2022-06-06,2022-06-06,1,1,False,False,,gap_expired,0.158036889,21.443086552,Consumer Cyclical,25.07
1242,CWH,2022-10-28,2022-12-13,2,2,False,False,,gap_expired,-0.447142014,24.478793246,Consumer Cyclical,25.75
1243,CX,2021-03-24,2021-03-24,1,1,False,False,,gap_expired,-0.345992658,6.166893291,Basic Materials,21.2
1244,CX,2021-07-09,2021-07-09,1,1,False,False,,gap_expired,-0.423571394,8.173554756,Basic Materials,16.18
1245,CXM,2021-07-21,2021-07-21,1,1,False,True,,gap_expired,-0.33485063,19.34,Technology,17.91
1246,CXM,2023-07-12,2023-07-12,1,1,False,False,,gap_expired,-0.665250747,15.05,Technology,13.54
1247,CXU,2019-01-03,2019-01-03,1,1,False,False,,gap_expired,-0.222216272,59.028191449,Consumer Defensive,25.45
1248,CXU,2019-07-17,2019-09-11,2,1,False,True,,gap_expired,0.036741595,69.524672278,Consumer Defensive,13.97
1249,CXU,2022-12-13,2022-12-13,1,1,False,True,,gap_expired,-0.060193484,78.726014211,Consumer Defensive,22.55
1250,CYBR,2018-07-17,2018-10-08,4,2,False,False,,gap_expired,0.188858054,68.67,Technology,12.06
1251,CYBR,2018-12-19,2018-12-19,1,1,False,False,,gap_expired,0.605720469,70.67,Technology,25.58
1252,CYBR,2019-05-10,2019-05-10,1,1,False,False,,gap_expired,0.052959388,123.35,Technology,16.04
1253,CYBR,2019-08-01,2019-08-26,2,2,False,False,,gap_expired,-0.266276955,137.0,Technology,17.87
1254,CYBR,2019-12-02,2019-12-02,1,1,True,False,2019-12-02,gap_expired,-0.248921042,117.11,Technology,14.91
1255,CYBR,2022-11-09,2022-11-09,1,1,False,True,,gap_expired,0.032673008,154.25,Technology,26.09
1256,CYBR,2023-03-01,2023-03-01,1,1,False,False,,gap_expired,0.50707122,144.65,Technology,20.58
1257,CYBR,2024-11-01,2024-11-08,2,1,False,True,,gap_expired,0.63218698,276.04,Technology,21.88
1258,CYRX,2023-03-08,2023-03-08,1,1,False,False,,gap_expired,-0.578154174,22.74,Industrials,19.11
1259,CYTK,2021-09-28,2021-09-28,1,1,False,False,,gap_expired,0.576546813,34.39,Healthcare,23.25
1260,D,2018-01-04,2020-03-31,33,13,True,True,2018-03-08,gap_expired,0.019642933,54.237113228,Utilities,9.22
1261,D,2021-01-05,2021-01-05,1,1,False,False,,gap_expired,-0.168915399,59.028830756,Utilities,25.34
1262,D,2022-03-15,2022-05-20,3,2,False,True,,gap_expired,-0.213245942,67.793946327,Utilities,29.83
1263,D,2022-12-14,2022-12-14,1,1,False,True,,gap_expired,-0.360930252,50.894945076,Utilities,21.14
1264,D,2023-05-03,2023-05-03,1,1,False,True,,gap_expired,-0.319033154,48.873863733,Utilities,18.34
1265,D,2024-09-20,2024-09-20,1,1,False,False,,gap_expired,-0.092047162,54.743439316,Utilities,16.15
1266,DAL,2018-01-11,2018-01-11,1,1,False,False,,gap_expired,-0.005426754,54.241205236,Industrials,9.88
1267,DAL,2018-11-28,2019-01-04,2,2,False,False,,gap_expired,-0.063131256,55.026078003,Industrials,18.49
1268,DAL,2019-05-01,2019-05-01,1,1,False,True,,gap_expired,-0.559735487,54.620909936,Industrials,14.8
1269,DAL,2020-01-14,2020-01-14,1,1,False,False,,gap_expired,-0.499195934,59.457607018,Industrials,12.39
1270,DAL,2020-08-10,2020-08-10,1,1,False,False,,gap_expired,0.004280054,29.953766877,Industrials,22.13
1271,DAL,2020-11-16,2020-11-16,1,1,False,False,,gap_expired,-0.230314804,36.384231932,Industrials,22.45
1272,DAL,2021-06-21,2021-07-14,2,2,False,False,,gap_expired,-0.246800856,44.526835538,Industrials,17.89
1273,DAL,2021-11-30,2021-12-22,2,1,False,False,,gap_expired,0.063773058,35.868583074,Industrials,27.19
1274,DAL,2022-04-25,2022-04-25,1,1,False,False,,gap_expired,-0.206702279,41.666741269,Industrials,27.02
1275,DAL,2022-10-19,2023-02-07,5,3,False,False,,gap_expired,-0.166705769,31.520009941,Industrials,30.76
1276,DAL,2023-06-02,2023-11-06,9,4,False,True,,gap_expired,0.116690914,36.072843237,Industrials,14.6
1277,DAL,2024-01-23,2024-04-30,4,2,False,False,,gap_expired,0.539383988,37.540298496,Industrials,12.55
1278,DAL,2024-10-17,2024-10-17,1,1,False,False,,gap_expired,-0.064196634,54.89086642,Industrials,19.11
1279,DAN,2018-11-20,2018-11-20,1,1,False,False,,gap_expired,0.033305248,11.894931533,Consumer Cyclical,22.48
1280,DAN,2023-08-09,2023-08-09,1,1,False,False,,gap_expired,-0.616443546,16.593071327,Consumer Cyclical,15.96
1281,DAR,2022-03-03,2022-03-03,1,1,False,True,,gap_expired,-0.138141235,77.67,Consumer Defensive,30.48
1282,DAR,2022-08-25,2022-08-25,1,1,False,False,,gap_expired,-0.288676671,78.52,Consumer Defensive,21.78
1283,DAR,2023-06-12,2023-06-12,1,1,False,False,,gap_expired,-0.681798913,62.97,Consumer Defensive,15.01
1284,DAR,2023-11-21,2023-11-21,1,1,False,False,,gap_expired,-0.395479381,43.1,Consumer Defensive,13.35
1285,DASH,2020-12-07,2020-12-07,1,1,False,False,,gap_expired,0.361349192,102.0,Consumer Cyclical,21.3
1286,DASH,2021-09-21,2021-11-17,3,1,False,False,,gap_expired,-0.627233159,221.35,Consumer Cyclical,24.36
1287,DASH,2022-01-24,2022-01-24,1,1,False,False,,gap_expired,-0.445808242,113.0,Consumer Cyclical,29.9
1288,DASH,2022-08-04,2022-08-04,1,1,False,False,,gap_expired,-0.107723869,84.16,Consumer Cyclical,21.44
1289,DASH,2023-11-28,2023-11-28,1,1,False,False,,gap_expired,0.563908613,95.0,Consumer Cyclical,12.69
1290,DASH,2024-05-09,2024-05-13,2,1,False,True,,gap_expired,0.546035974,116.72,Consumer Cyclical,12.69
1291,DASH,2024-08-08,2024-08-08,1,1,False,True,,gap_expired,0.805939059,124.71,Consumer Cyclical,23.79
1292,DATAAX,2018-05-16,2018-05-16,1,1,False,False,,gap_expired,0.228259202,92.08,Technology,13.42
1293,DATAAX,2018-09-12,2018-11-07,2,1,False,False,,gap_expired,0.143919804,116.79,Technology,13.14
1294,DATAAX,2019-02-13,2019-02-13,1,1,False,False,,gap_expired,-0.075698614,125.58,Technology,15.65
1295,DAVA,2023-07-31,2023-07-31,1,1,False,False,,gap_expired,-0.614550035,52.33,Technology,13.63
1296,DBRG,2024-02-27,2024-02-27,1,1,False,False,,gap_expired,-0.538672018,17.675327154,Financial Services,13.43
1297,DBX,2018-03-23,2018-11-13,14,6,False,True,,gap_expired,-0.38408595,30.45,Technology,24.87
1298,DBX,2019-02-08,2019-02-26,2,1,False,True,,gap_expired,-0.529347221,25.47,Technology,15.72
1299,DBX,2019-05-21,2019-05-21,1,1,False,False,,gap_expired,-0.103542314,23.28,Technology,14.95
1300,DBX,2019-08-05,2019-08-05,1,1,False,False,,gap_expired,-0.140712841,22.24,Technology,24.59
1301,DBX,2020-02-21,2020-02-21,1,1,False,True,,gap_expired,-0.085168895,20.61,Technology,17.08
1302,DBX,2020-05-05,2020-06-01,4,2,True,True,2020-05-05,gap_expired,-0.275888836,20.21,Technology,33.61
1303,DBX,2023-08-08,2023-08-08,1,1,False,False,,gap_expired,-0.398994027,27.89,Technology,15.99
1304,DD,2018-03-26,2018-04-09,2,1,False,True,,gap_expired,-0.239936264,32.204613313,Basic Materials,21.03
1305,DD,2018-06-13,2019-08-22,15,8,True,True,2018-07-18,gap_expired,-0.267685376,34.489681332,Basic Materials,12.94
1306,DD,2020-06-02,2020-06-02,1,1,False,False,,gap_expired,0.257402344,19.855666677,Basic Materials,26.84
1307,DD,2020-08-05,2021-11-02,11,8,True,True,2020-08-11,gap_expired,0.047376747,20.636857235,Basic Materials,22.99
1308,DD,2022-12-19,2023-02-07,2,2,False,False,,gap_expired,-0.147604307,26.427666447,Basic Materials,22.42
1309,DD,2023-04-13,2023-04-13,1,1,False,False,,gap_expired,-0.197880168,27.88554798,Basic Materials,17.8
1310,DD,2023-09-20,2023-09-20,1,1,False,False,,gap_expired,-0.144298544,29.040172595,Basic Materials,15.14
1311,DD,2024-05-23,2024-10-07,6,3,True,False,2024-08-26,gap_expired,-0.243533444,31.9562524,Basic Materials,12.77
1312,DDD,2018-09-14,2018-09-14,1,1,False,False,,gap_expired,-0.599457966,18.45,Technology,12.07
1313,DDD,2021-02-04,2021-03-26,2,2,False,True,,gap_expired,-0.532658495,45.0,Technology,21.77
1314,DDOG,2019-11-15,2019-11-15,1,1,False,False,,gap_expired,0.983347837,40.72,Technology,12.05
1315,DDOG,2020-04-21,2020-04-21,1,1,False,False,,gap_expired,0.586103095,40.56,Technology,45.41
1316,DDOG,2020-07-15,2020-08-06,2,1,False,True,,gap_expired,-0.175073381,87.65,Technology,27.76
1317,DDOG,2020-12-01,2020-12-01,1,1,False,True,,gap_expired,0.535544282,93.77,Technology,20.77
1318,DDOG,2021-10-11,2021-10-11,1,1,False,True,,gap_expired,-0.258887169,143.99,Technology,20.0
1319,DDOG,2022-11-11,2022-11-11,1,1,False,True,,gap_expired,0.194613019,81.3,Technology,22.52
1320,DDOG,2023-06-22,2023-07-13,2,2,False,False,,gap_expired,0.004893798,93.0,Technology,12.91
1321,DDOG,2023-11-30,2023-11-30,1,1,False,False,,gap_expired,-0.021354055,117.29,Technology,12.92
1322,DDOG,2024-03-18,2024-03-18,1,1,False,False,,gap_expired,-0.235862587,119.44,Technology,14.33
1323,DE,2018-01-08,2018-05-11,4,2,False,True,,gap_expired,0.039287684,143.796984525,Industrials,9.52
1324,DE,2018-12-03,2019-02-08,3,2,False,False,,gap_expired,-0.100746362,144.782086863,Industrials,16.44
1325,DE,2019-08-13,2019-08-13,1,1,False,False,,gap_expired,0.148474294,131.547457178,Industrials,17.52
1326,DE,2019-10-28,2019-10-28,1,1,False,False,,gap_expired,0.221696694,158.001603691,Industrials,13.11
1327,DE,2020-01-14,2020-02-14,3,1,False,True,,gap_expired,0.601727759,159.442899365,Industrials,12.39
1328,DE,2020-10-08,2021-01-08,5,3,False,True,,gap_expired,0.154964546,219.544572019,Industrials,26.36
1329,DE,2021-05-25,2021-08-25,4,2,False,False,,gap_expired,0.003063035,337.787418226,Industrials,18.84
1330,DE,2022-03-17,2023-07-10,24,9,False,True,,gap_expired,0.073574923,386.149188227,Industrials,25.67
1331,DE,2023-10-25,2023-11-17,2,1,False,True,,gap_expired,-0.285556549,359.242530668,Industrials,20.19
1332,DE,2024-01-29,2024-01-29,1,1,False,False,,gap_expired,-0.018319612,384.023060115,Industrials,13.6
1333,DE,2024-04-29,2024-05-21,2,1,False,False,,gap_expired,0.100253831,388.020004684,Industrials,14.67
1334,DE,2024-11-21,2024-11-21,1,1,False,False,,gap_expired,-0.065829397,428.406023008,Industrials,16.87
1335,DECK,2019-02-01,2019-02-01,1,1,False,True,,gap_expired,0.094836898,23.660000047,Consumer Cyclical,16.14
1336,DECK,2022-11-02,2022-11-02,1,1,False,False,,gap_expired,0.573215387,57.888300116,Consumer Cyclical,25.86
1337,DECK,2024-05-16,2024-06-03,2,2,False,False,,gap_expired,-0.284523821,148.320000297,Consumer Cyclical,12.42
1338,DECK,2024-08-08,2024-08-08,1,1,False,True,,gap_expired,-0.50707397,146.805000294,Consumer Cyclical,23.79
1339,DECK,2024-10-25,2024-10-25,1,1,False,False,,gap_expired,-0.701503024,168.65,Consumer Cyclical,20.33
1340,DEH,2018-09-18,2018-09-18,1,1,False,False,,gap_expired,-0.203403766,35.25470847,Energy,12.79
1341,DELL,2018-10-08,2018-10-08,1,1,False,False,,gap_expired,-0.111542598,24.389251968,Technology,15.69
1342,DELL,2018-12-20,2019-03-22,5,3,False,True,,gap_expired,-0.44555155,26.4882597,Technology,28.38
1343,DELL,2019-06-21,2019-06-21,1,1,False,False,,gap_expired,-0.173975039,24.967361194,Technology,15.4
1344,DELL,2020-02-21,2020-02-21,1,1,False,False,,gap_expired,0.397072078,23.015972242,Technology,17.08
1345,DELL,2020-05-04,2020-05-04,1,1,False,True,,gap_expired,0.926317994,18.960182255,Technology,35.97
1346,DELL,2020-11-20,2020-12-01,3,1,False,True,,gap_expired,0.244030276,31.723703593,Technology,23.7
1347,DELL,2021-05-05,2022-01-26,9,5,False,False,,gap_expired,-0.055304764,45.583154561,Technology,19.15
1348,DELL,2022-08-11,2022-08-11,1,1,False,False,,gap_expired,0.136231516,44.367201171,Technology,20.2
1349,DELL,2022-12-22,2022-12-22,1,1,False,False,,gap_expired,0.755223131,36.65981597,Technology,21.97
1350,DELL,2023-11-28,2024-01-23,3,2,False,False,,gap_expired,0.404395163,71.692592595,Technology,12.69
1351,DELL,2024-03-25,2024-12-20,13,7,False,True,,gap_expired,-0.253206492,109.639455899,Technology,13.19
1352,DFH,2023-11-09,2023-11-09,1,1,False,True,,gap_expired,-0.079144508,22.79,Consumer Cyclical,15.29
1353,DFH,2024-07-25,2024-07-25,1,1,False,False,,gap_expired,-0.360147081,32.01,Consumer Cyclical,18.46
1354,DFIN,2024-04-08,2024-04-08,1,1,False,False,,gap_expired,-0.354108384,61.03,Technology,15.19
1355,DFSV,2018-05-16,2018-05-16,1,1,False,False,,gap_expired,-0.037647103,65.637717506,Financial Services,13.42
1356,DG,2018-07-09,2018-08-24,3,2,False,True,,gap_expired,0.342740451,89.180408715,Consumer Defensive,12.69
1357,DG,2018-12-11,2018-12-12,2,1,False,False,,gap_expired,0.251255648,97.595759438,Consumer Defensive,21.76
1358,DG,2019-03-14,2019-06-13,4,2,False,True,,gap_expired,0.360865403,101.73266846,Consumer Defensive,13.5
1359,DG,2020-01-14,2020-01-14,1,1,False,False,,gap_expired,0.205398212,142.610631545,Consumer Defensive,12.39
1360,DG,2020-04-15,2020-04-15,1,1,False,False,,gap_expired,-0.293279854,163.933709572,Consumer Defensive,40.84
1361,DG,2020-10-28,2020-12-21,3,1,False,True,,gap_expired,-0.365708572,194.666273708,Consumer Defensive,40.28
1362,DG,2021-02-22,2021-02-22,1,1,False,False,,gap_expired,-0.16122489,184.380964797,Consumer Defensive,23.45
1363,DG,2021-04-26,2021-04-26,1,1,False,False,,gap_expired,0.158272587,196.182811008,Consumer Defensive,17.64
1364,DG,2022-03-17,2022-03-31,2,1,False,False,,gap_expired,0.028004464,207.143304714,Consumer Defensive,25.67
1365,DG,2022-06-03,2022-08-22,4,2,False,True,,gap_expired,-0.358943282,213.628654725,Consumer Defensive,24.79
1366,DG,2023-07-20,2023-07-20,1,1,False,False,,gap_expired,-0.50818644,159.267971941,Consumer Defensive,13.99
1367,DG,2024-05-24,2024-05-24,1,1,False,False,,gap_expired,-0.435221419,138.708516644,Consumer Defensive,11.93
1368,DGII,2020-08-10,2020-08-10,1,1,False,False,,gap_expired,0.053031217,14.74,Technology,22.13
1369,DGX,2020-11-05,2020-11-05,1,1,False,False,,gap_expired,-0.228054514,115.024842231,Healthcare,27.58
1370,DHI,2018-07-18,2018-07-18,1,1,False,False,,gap_expired,-0.032623419,39.667441781,Consumer Cyclical,12.1
1371,DHI,2019-03-08,2019-03-26,2,1,False,False,,gap_expired,0.21120216,37.486885983,Consumer Cyclical,16.05
1372,DHI,2019-07-30,2019-08-05,2,1,False,False,,gap_expired,0.329468001,43.671378893,Consumer Cyclical,13.94
1373,DHI,2019-11-01,2019-11-01,1,1,False,False,,gap_expired,0.205461608,49.854558042,Consumer Cyclical,12.3
1374,DHI,2020-08-18,2020-11-10,6,2,False,True,,gap_expired,-0.035211882,69.488581487,Consumer Cyclical,21.51
1375,DHI,2021-05-10,2021-05-10,1,1,False,False,,gap_expired,-0.308912988,98.025373457,Consumer Cyclical,19.66
1376,DHI,2021-08-05,2021-08-05,1,1,False,False,,gap_expired,-0.135781974,91.916646298,Consumer Cyclical,17.28
1377,DHI,2022-12-21,2022-12-21,1,1,False,False,,gap_expired,0.450716061,86.075484302,Consumer Cyclical,20.07
1378,DHI,2023-04-21,2023-04-21,1,1,False,False,,gap_expired,0.139531955,103.399319915,Consumer Cyclical,16.77
1379,DHI,2023-08-15,2023-08-15,1,1,False,False,,gap_expired,0.14704129,123.478028737,Consumer Cyclical,16.46
1380,DHI,2023-11-03,2023-11-17,2,1,False,False,,gap_expired,0.0632931,113.902451102,Consumer Cyclical,14.91
1381,DHI,2024-03-19,2024-03-19,1,1,False,False,,gap_expired,-0.28449946,152.87439631,Consumer Cyclical,13.82
1382,DHI,2024-06-12,2024-06-12,1,1,False,False,,gap_expired,-0.267122049,140.378969988,Consumer Cyclical,12.04
1383,DHI,2024-08-15,2024-10-29,4,3,True,False,2024-10-29,gap_expired,-0.228215106,172.141634196,Consumer Cyclical,15.23
1384,DHR,2018-03-14,2018-07-24,4,3,True,False,2018-05-02,gap_expired,0.211483777,87.443457051,Healthcare,17.23
1385,DHR,2019-04-12,2020-02-05,7,4,True,True,2019-04-12,gap_expired,0.189837295,113.273449385,Healthcare,12.01
1386,DHR,2020-07-17,2020-07-17,1,1,False,False,,gap_expired,0.125464121,165.749498425,Healthcare,25.68
1387,DHR,2021-04-16,2021-04-16,1,1,False,False,,gap_expired,0.074818575,209.943183822,Healthcare,16.25
1388,DHR,2021-08-12,2021-08-12,1,1,False,False,,gap_expired,-0.015750524,274.397696503,Healthcare,15.59
1389,DHR,2022-04-21,2024-12-30,34,13,True,True,2022-04-21,gap_expired,-0.098191626,239.44625045,Healthcare,22.68
1390,DIDIY,2021-06-29,2021-06-29,1,1,False,False,,gap_expired,-0.718433107,16.65,Technology,16.02
1391,DIN,2019-07-16,2019-07-16,1,1,False,False,,gap_expired,-0.650084588,74.019774802,Consumer Cyclical,12.86
1392,DIN,2020-04-28,2020-04-28,1,1,False,False,,gap_expired,0.770795582,35.988190905,Consumer Cyclical,33.57
1393,DIS,2018-01-17,2024-12-31,194,54,True,True,2018-02-27,gap_expired,0.037969507,106.167572125,Communication Services,11.91
1394,DKNG,2020-05-29,2021-02-05,14,6,False,True,,gap_expired,-0.13174439,40.74,Consumer Cyclical,27.51
1395,DKNG,2021-04-13,2021-05-07,2,2,False,False,,gap_expired,-0.801686315,59.9,Consumer Cyclical,16.65
1396,DKNG,2021-10-06,2022-05-19,8,7,False,True,,gap_expired,-0.507208586,49.78,Consumer Cyclical,21.0
1397,DKNG,2022-08-11,2022-12-19,4,3,False,False,,gap_expired,0.419014782,19.07,Consumer Cyclical,20.2
1398,DKNG,2023-03-22,2024-06-11,20,10,True,True,2024-02-09,gap_expired,1.344877175,17.66,Consumer Cyclical,22.26
1399,DKNG,2024-11-01,2024-11-07,2,1,False,False,,gap_expired,-0.401663211,35.59,Consumer Cyclical,21.88
1400,DKS,2018-01-03,2018-01-03,1,1,False,False,,gap_expired,0.152294237,23.956709769,Consumer Cyclical,9.15
1401,DKS,2018-08-24,2018-08-24,1,1,False,False,,gap_expired,-0.04578057,28.759644934,Consumer Cyclical,11.99
1402,DKS,2019-10-07,2019-10-07,1,1,False,True,,gap_expired,0.491389075,30.817401052,Consumer Cyclical,17.86
1403,DKS,2019-12-09,2019-12-09,1,1,False,True,,gap_expired,-1.63e-06,39.088143916,Consumer Cyclical,15.86
1404,DKS,2021-02-01,2021-02-01,1,1,False,True,,gap_expired,0.622730368,58.779286558,Consumer Cyclical,30.24
1405,DKS,2021-07-13,2021-07-13,1,1,False,False,,gap_expired,0.03106491,88.043978505,Consumer Cyclical,17.12
1406,DKS,2021-12-07,2021-12-07,1,1,False,False,,gap_expired,0.270313638,100.322683267,Consumer Cyclical,21.89
1407,DKS,2022-03-04,2022-12-13,9,4,False,True,,gap_expired,0.444766375,100.467445507,Consumer Cyclical,31.98
1408,DKS,2023-08-23,2023-08-23,1,1,False,False,,gap_expired,0.902942957,104.196888208,Consumer Cyclical,15.98
1409,DKS,2023-12-14,2023-12-14,1,1,False,False,,gap_expired,0.286592885,139.213766671,Consumer Cyclical,12.48
1410,DKS,2024-03-20,2024-03-26,2,1,False,False,,gap_expired,-0.140021585,208.696160974,Consumer Cyclical,13.04
1411,DKS,2024-05-29,2024-09-04,4,2,False,True,,gap_expired,-0.352189308,218.710866706,Consumer Cyclical,14.28
1412,DKS,2024-11-26,2024-11-26,1,1,False,False,,gap_expired,-0.166631614,212.021989139,Consumer Cyclical,14.1
1413,DLO,2022-03-25,2022-03-25,1,1,False,False,,gap_expired,-0.399466808,29.427708051,Technology,20.81
1414,DLR,2018-01-10,2018-01-10,1,1,False,False,,gap_expired,0.050805382,83.177087901,Real Estate,9.82
1415,DLR,2020-04-01,2020-05-20,4,3,False,True,,gap_expired,-0.544675669,108.553419022,Real Estate,57.06
1416,DLR,2021-06-30,2021-06-30,1,1,False,True,,gap_expired,0.001547879,128.668017314,Real Estate,15.83
1417,DLR,2023-09-06,2023-09-06,1,1,False,False,,gap_expired,-0.0590479,119.896475373,Real Estate,14.45
1418,DLTH,2019-02-04,2019-02-04,1,1,False,True,,gap_expired,-0.866050804,23.65,Consumer Cyclical,15.73
1419,DLTR,2018-11-29,2019-01-14,6,1,False,False,,gap_expired,-0.152768331,88.63,Consumer Defensive,18.79
1420,DLTR,2019-05-02,2019-10-02,6,4,False,True,,gap_expired,-0.278808696,109.7,Consumer Defensive,14.42
1421,DLTR,2020-01-13,2020-03-04,2,2,False,True,,gap_expired,0.070602834,89.83,Consumer Defensive,12.32
1422,DLTR,2020-06-29,2020-06-29,1,1,False,False,,gap_expired,-0.361859244,93.23,Consumer Defensive,31.78
1423,DLTR,2021-09-29,2021-09-29,1,1,False,False,,gap_expired,0.537499015,99.41,Consumer Defensive,22.56
1424,DLTR,2022-02-25,2022-03-31,2,2,False,False,,gap_expired,0.124226801,140.7,Consumer Defensive,27.59
1425,DLTR,2022-06-03,2022-07-21,2,1,False,True,,gap_expired,-0.223812063,161.0,Consumer Defensive,24.79
1426,DLTR,2022-11-18,2023-01-05,2,2,False,True,,gap_expired,-0.467828136,164.32,Consumer Defensive,23.12
1427,DLX,2020-02-24,2020-02-24,1,1,False,False,,gap_expired,-0.109634446,28.219842358,Industrials,25.03
1428,DMBS,2021-11-19,2021-11-19,1,1,False,False,,gap_expired,-0.57495096,70.0,Technology,17.91
1429,DOC,2024-08-22,2024-08-22,1,1,False,False,,gap_expired,-0.315812122,20.227995556,Real Estate,17.55
1430,DOCN,2021-11-30,2021-11-30,1,1,False,True,,gap_expired,-0.602864249,103.43,Technology,27.19
1431,DOCS,2021-07-21,2022-02-28,10,7,False,True,,gap_expired,-0.174963981,56.98,Healthcare,17.91
1432,DOCU,2018-06-06,2018-06-14,2,1,False,True,,gap_expired,-0.240308976,58.95,Technology,11.64
1433,DOCU,2019-02-15,2019-02-15,1,1,False,False,,gap_expired,0.454280542,53.78,Technology,14.91
1434,DOCU,2019-12-03,2019-12-03,1,1,False,False,,gap_expired,2.05017472,71.01,Technology,15.96
1435,DOCU,2020-02-03,2020-03-19,4,3,False,False,,gap_expired,1.721651656,81.46,Technology,17.97
1436,DOCU,2020-05-29,2020-06-09,3,1,False,True,,gap_expired,0.003269691,142.35,Technology,27.51
1437,DOCU,2020-09-21,2021-01-05,9,6,True,True,2020-12-17,gap_expired,-0.031102434,207.56,Technology,27.78
1438,DOCU,2021-05-17,2021-07-06,2,2,False,True,,gap_expired,-0.592591257,187.03,Technology,19.72
1439,DOCU,2021-09-27,2021-09-27,1,1,False,True,,gap_expired,-0.642728376,260.0,Technology,18.76
1440,DOCU,2022-01-04,2022-01-04,1,1,False,False,,gap_expired,-0.463535814,150.26,Technology,16.91
1441,DOCU,2023-07-12,2023-07-24,2,1,False,True,,gap_expired,-0.171050475,52.36,Technology,13.54
1442,DOCU,2024-04-11,2024-04-11,1,1,False,False,,gap_expired,0.232155647,60.04,Technology,14.91
1443,DOMO,2019-04-09,2019-05-10,2,1,False,True,,gap_expired,-0.677914066,37.98,Technology,14.28
1444,DOMO,2019-09-12,2019-09-12,1,1,False,True,,gap_expired,1.129379394,17.05,Technology,14.22
1445,DOMO,2020-05-19,2020-05-19,1,1,False,False,,gap_expired,1.001715414,24.88,Technology,30.53
1446,DORM,2024-04-10,2024-04-10,1,1,False,False,,gap_expired,0.16760359,92.55,Consumer Cyclical,15.8
1447,DOUG,2022-04-06,2022-04-06,1,1,False,False,,gap_expired,-0.465068968,6.342421204,Real Estate,22.1
1448,DOV,2019-10-21,2019-10-21,1,1,False,False,,gap_expired,-0.045465437,95.077033122,Industrials,14.0
1449,DOV,2022-01-31,2022-01-31,1,1,False,True,,gap_expired,0.010995811,161.309075764,Industrials,24.83
1450,DOV,2023-03-08,2023-03-08,1,1,False,False,,gap_expired,-0.168297406,148.346529307,Industrials,19.11
1451,DOV,2024-04-29,2024-04-29,1,1,False,False,,gap_expired,-0.152163851,176.54325714,Industrials,14.67
1452,DOV,2024-07-10,2024-12-06,7,3,True,False,2024-08-13,gap_expired,-0.071835023,177.138784094,Industrials,12.85
1453,DOW,2019-04-01,2020-01-16,10,6,True,True,2019-04-26,gap_expired,-0.357126285,37.770183847,Basic Materials,13.4
1454,DOW,2020-06-02,2021-10-06,15,7,True,True,2020-06-18,gap_expired,0.415718742,30.734592068,Basic Materials,26.84
1455,DOW,2022-03-02,2022-04-21,2,2,False,False,,gap_expired,0.079201094,47.764767259,Basic Materials,30.74
1456,DOW,2022-06-28,2022-07-05,2,1,False,False,,gap_expired,-0.115651489,42.906528138,Basic Materials,28.36
1457,DOW,2022-11-14,2022-11-14,1,1,False,False,,gap_expired,-0.104869188,43.227178912,Basic Materials,23.73
1458,DOW,2023-01-19,2023-01-20,2,1,False,True,,gap_expired,-0.259969569,47.451919124,Basic Materials,20.52
1459,DOW,2024-01-04,2024-01-04,1,1,False,False,,gap_expired,-0.505646818,47.644663226,Basic Materials,14.13
1460,DOW,2024-05-10,2024-05-10,1,1,False,False,,gap_expired,-0.610966855,53.129109674,Basic Materials,12.55
1461,DOW,2024-07-10,2024-11-26,6,3,False,False,,gap_expired,-0.543658793,47.014618622,Basic Materials,12.85
1462,DPZ,2018-03-05,2019-10-08,24,11,True,True,2018-07-19,gap_expired,0.093539712,204.243109253,Consumer Cyclical,18.73
1463,DPZ,2020-02-20,2020-05-12,10,3,False,True,,gap_expired,-0.169144161,340.675153078,Consumer Cyclical,15.56
1464,DPZ,2020-07-16,2020-12-07,6,3,True,True,2020-07-23,gap_expired,-0.162671258,383.29809605,Consumer Cyclical,28.0
1465,DPZ,2021-07-22,2021-08-03,3,1,False,True,,gap_expired,-0.194396258,511.129113248,Consumer Cyclical,17.69
1466,DPZ,2021-10-08,2021-10-14,2,2,True,True,2021-10-14,gap_expired,-0.188819794,451.49992392,Consumer Cyclical,18.77
1467,DPZ,2022-03-01,2022-03-01,1,1,False,False,,gap_expired,-0.224862086,402.555022921,Consumer Cyclical,33.32
1468,DPZ,2022-10-12,2022-10-12,1,1,False,False,,gap_expired,-0.146678971,303.659656122,Consumer Cyclical,33.57
1469,DPZ,2023-01-25,2023-01-25,1,1,False,True,,gap_expired,0.006690488,338.501775885,Consumer Cyclical,19.08
1470,DPZ,2023-06-16,2023-06-16,1,1,False,False,,gap_expired,0.343052666,319.349518819,Consumer Cyclical,13.54
1471,DPZ,2023-10-23,2023-12-21,3,2,False,True,,gap_expired,-0.187039021,338.825257765,Consumer Cyclical,20.37
1472,DPZ,2024-02-23,2024-04-03,3,1,False,False,,gap_expired,-0.110292549,449.760621027,Consumer Cyclical,13.75
1473,DPZ,2024-07-17,2024-07-22,2,1,False,False,,gap_expired,0.051303222,400.558761661,Consumer Cyclical,14.48
1474,DPZ,2024-10-04,2024-11-08,2,2,False,False,,gap_expired,-0.191584465,404.70364935,Consumer Cyclical,19.21
1475,DRI,2018-01-17,2018-04-09,3,2,False,False,,gap_expired,-0.035278905,77.544678933,Consumer Cyclical,11.91
1476,DRI,2018-07-10,2018-07-10,1,1,False,False,,gap_expired,0.065345061,88.599012024,Consumer Cyclical,12.64
1477,DRI,2018-09-14,2018-09-14,1,1,False,False,,gap_expired,0.046010285,95.997790761,Consumer Cyclical,12.07
1478,DRI,2019-03-25,2019-03-25,1,1,False,False,,gap_expired,-0.388058167,97.1938162,Consumer Cyclical,16.33
1479,DRI,2019-08-12,2019-09-27,2,1,False,False,,gap_expired,-0.484207685,100.415753488,Consumer Cyclical,21.09
1480,DRI,2019-12-13,2019-12-13,1,1,False,False,,gap_expired,-0.343279426,97.407373542,Consumer Cyclical,12.63
1481,DRI,2020-04-08,2020-05-04,2,1,False,False,,gap_expired,-0.088558666,57.436128959,Consumer Cyclical,43.35
1482,DRI,2020-09-22,2020-11-23,5,2,False,True,,gap_expired,0.423796227,77.125076801,Consumer Cyclical,26.86
1483,DRI,2021-03-19,2021-04-12,3,1,False,False,,gap_expired,-0.198290134,119.953161122,Consumer Cyclical,20.95
1484,DRI,2022-04-11,2022-04-11,1,1,False,False,,gap_expired,0.275058112,114.017064931,Consumer Cyclical,24.37
1485,DRI,2023-01-17,2023-01-17,1,1,False,False,,gap_expired,-0.12762333,135.720738645,Consumer Cyclical,19.36
1486,DRI,2023-05-19,2023-05-19,1,1,False,False,,gap_expired,-0.333274362,147.860486095,Consumer Cyclical,16.81
1487,DRI,2024-02-12,2024-02-12,1,1,False,False,,gap_expired,-0.036464062,153.111649037,Consumer Cyclical,13.93
1488,DRI,2024-09-19,2024-09-19,1,1,False,False,,gap_expired,-0.063865617,164.856268955,Consumer Cyclical,16.33
1489,DRS,2023-10-24,2023-11-14,2,1,False,False,,gap_expired,0.080302988,19.010532979,Industrials,18.97
1490,DRS,2024-06-04,2024-06-04,1,1,False,True,,gap_expired,0.704937279,23.971046719,Industrials,13.16
1491,DRVN,2023-04-20,2023-04-20,1,1,False,False,,gap_expired,-0.754436084,30.71,Consumer Cyclical,17.17
1492,DT,2019-09-16,2019-10-24,2,1,False,False,,gap_expired,0.773476232,20.31,Technology,14.67
1493,DT,2020-07-30,2020-07-30,1,1,False,True,,gap_expired,0.121547912,43.2,Technology,24.76
1494,DUKB,2018-09-20,2018-09-20,1,1,False,True,,gap_expired,0.218580046,59.598641981,Utilities,11.8
1495,DUKB,2019-12-13,2019-12-13,1,1,False,False,,gap_expired,-0.120811057,70.870545125,Utilities,12.63
1496,DUKB,2022-07-13,2022-07-18,2,1,False,False,,gap_expired,-0.319116266,90.912628726,Utilities,26.82
1497,DUKB,2022-10-04,2022-10-04,1,1,False,True,,gap_expired,-0.22332511,83.583857413,Utilities,29.07
1498,DUKB,2023-06-12,2023-07-12,2,1,False,True,,gap_expired,-0.091678543,81.110149023,Utilities,15.01
1499,DUOL,2021-11-12,2021-11-12,1,1,False,False,,gap_expired,-0.36425978,147.96,Technology,16.29
1500,DVA,2019-09-16,2019-09-16,1,1,False,False,,gap_expired,0.300988401,63.2,Healthcare,14.67
1501,DVAX,2018-07-16,2018-07-16,1,1,False,False,,gap_expired,-0.847042121,14.8,Healthcare,12.83
1502,DVAX,2021-09-10,2021-09-10,1,1,False,False,,gap_expired,-0.156039192,15.3285,Healthcare,20.95
1503,DVAX,2023-09-06,2023-09-06,1,1,False,True,,gap_expired,-0.466101879,13.86,Healthcare,14.45
1504,DVN,2018-05-04,2018-05-04,1,1,False,False,,gap_expired,-0.270203762,27.362705953,Energy,14.77
1505,DVN,2021-03-24,2021-03-24,1,1,False,True,,gap_expired,1.845303776,16.937075614,Energy,21.2
1506,DVN,2021-07-06,2023-03-13,51,19,True,True,2022-02-01,gap_expired,1.130836289,22.280646922,Energy,16.44
1507,DVN,2023-09-26,2023-09-26,1,1,False,False,,gap_expired,-0.13191005,44.124986527,Energy,18.94
1508,DVN,2023-11-30,2024-01-31,3,2,False,False,,gap_expired,0.028749034,41.446883665,Energy,12.92
1509,DVN,2024-08-07,2024-12-13,4,3,True,False,2024-08-22,gap_expired,-0.097092833,41.843479601,Energy,27.85
1510,DXCM,2018-03-29,2019-06-13,9,8,True,False,2018-03-29,gap_expired,0.466216623,18.55,Healthcare,19.97
1511,DXCM,2019-10-23,2020-12-09,14,8,True,True,2019-10-23,gap_expired,1.601756327,37.0525,Healthcare,14.01
1512,DXCM,2021-07-26,2021-07-26,1,1,False,False,,gap_expired,-0.165797477,113.0725,Healthcare,17.58
1513,DXCM,2022-01-10,2022-01-10,1,1,False,False,,gap_expired,0.05638344,116.0175,Healthcare,19.4
1514,DXCM,2022-03-31,2022-03-31,1,1,False,True,,gap_expired,-0.031516167,130.625,Healthcare,20.56
1515,DXCM,2022-10-19,2022-10-19,1,1,False,False,,gap_expired,-0.263750431,95.93,Healthcare,30.76
1516,DXCM,2023-02-10,2023-02-10,1,1,False,False,,gap_expired,-0.262936046,119.69,Healthcare,20.53
1517,DXCM,2023-06-05,2023-06-16,2,1,False,False,,gap_expired,-0.352447673,125.49,Healthcare,14.73
1518,DXCM,2023-11-14,2023-11-28,2,2,False,True,,gap_expired,-0.570475058,101.38,Healthcare,14.16
1519,DY,2020-02-08,2020-02-08,1,1,False,True,,gap_expired,-0.176772245,91.59,Industrials,
1520,DY,2020-04-16,2020-04-16,1,1,False,True,,gap_expired,2.037274192,27.02,Industrials,40.11
1521,DY,2020-12-15,2020-12-15,1,1,False,False,,gap_expired,-0.119722789,76.82,Industrials,22.89
1522,DY,2021-10-29,2021-10-29,1,1,False,False,,gap_expired,0.659459241,80.34,Industrials,16.26
1523,DY,2022-11-28,2022-11-29,2,1,False,True,,gap_expired,-0.005666886,89.17,Industrials,22.21
1524,DY,2023-07-13,2023-07-13,1,1,False,True,,gap_expired,0.320442727,114.36,Industrials,13.61
1525,DY,2024-04-04,2024-04-04,1,1,False,True,,gap_expired,0.029609017,139.72,Industrials,16.35
1526,EA,2018-01-10,2018-01-30,2,2,False,False,,gap_expired,-0.167689272,109.441585532,Communication Services,9.82
1527,EA,2018-08-01,2018-08-01,1,1,False,False,,gap_expired,-0.337123675,123.257884689,Communication Services,13.15
1528,EA,2019-03-07,2019-03-26,2,1,False,True,,gap_expired,0.006566938,95.246081776,Communication Services,16.59
1529,EA,2020-03-05,2020-03-05,1,1,False,False,,gap_expired,-0.128352193,103.500898981,Communication Services,39.62
1530,EA,2020-12-18,2020-12-18,1,1,False,False,,gap_expired,-0.347829997,137.889726613,Communication Services,21.57
1531,EA,2023-08-24,2023-08-24,1,1,False,False,,gap_expired,-0.046758517,118.388014177,Communication Services,17.2
1532,EADSY,2024-01-09,2024-01-09,1,1,False,False,,gap_expired,-0.220771124,37.987199991,Industrials,12.76
1533,EAT,2020-08-17,2020-08-17,1,1,False,False,,gap_expired,0.074584255,37.07,Consumer Cyclical,21.35
1534,EAT,2023-02-01,2023-02-01,1,1,False,False,,gap_expired,-0.111972812,40.39,Consumer Cyclical,17.87
1535,EAT,2023-06-02,2023-06-07,2,1,False,False,,gap_expired,0.569066915,39.71,Consumer Cyclical,14.6
1536,EAT,2024-02-01,2024-02-01,1,1,False,False,,gap_expired,2.852108539,45.82,Consumer Cyclical,13.88
1537,EAT,2024-04-10,2024-08-14,5,4,False,True,,gap_expired,2.028650588,47.82,Consumer Cyclical,15.8
1538,EAT,2024-11-12,2024-11-12,1,1,False,True,,gap_expired,-0.118227465,119.93,Consumer Cyclical,14.71
1539,EB,2020-01-25,2020-01-25,1,1,False,False,,gap_expired,-0.404476072,18.92,Communication Services,
1540,EB,2021-11-01,2021-11-01,1,1,False,False,,gap_expired,-0.531890035,21.12,Communication Services,16.41
1541,EBAY,2018-06-04,2018-06-04,1,1,False,False,,gap_expired,-0.110047408,34.912740462,Consumer Cyclical,12.74
1542,EBAY,2019-01-22,2019-05-02,5,3,False,False,,gap_expired,-0.197989252,29.724361229,Consumer Cyclical,20.8
1543,EBAY,2019-07-23,2019-08-06,2,1,False,True,,gap_expired,0.269582841,36.650419028,Consumer Cyclical,12.61
1544,EBAY,2019-11-25,2019-11-25,1,1,False,True,,gap_expired,0.256105339,32.102610277,Consumer Cyclical,11.87
1545,EBAY,2020-08-04,2021-02-03,4,3,True,False,2020-08-04,gap_expired,-0.146446075,51.434642043,Consumer Cyclical,23.76
1546,EBAY,2021-07-15,2021-07-28,2,1,False,False,,gap_expired,-0.242590394,63.079077004,Consumer Cyclical,17.01
1547,EBS,2020-08-03,2020-08-12,2,1,False,False,,gap_expired,-0.842899514,120.24,Healthcare,24.28
1548,EBS,2020-12-02,2020-12-02,1,1,False,False,,gap_expired,-0.755283274,84.0,Healthcare,21.17
1549,EBS,2021-03-03,2021-03-03,1,1,False,False,,gap_expired,-0.708406735,93.36,Healthcare,26.67
1550,ECL,2018-04-17,2018-04-17,1,1,True,False,2018-04-17,gap_expired,0.155921834,136.689532179,Basic Materials,15.25
1551,ECL,2019-04-30,2019-04-30,1,1,False,False,,gap_expired,0.059282777,170.856060286,Basic Materials,13.12
1552,ECL,2024-05-08,2024-05-17,2,1,False,True,,gap_expired,-0.058655303,228.968435717,Basic Materials,13.0
1553,ED,2018-03-07,2018-03-07,1,1,False,False,,gap_expired,0.134955016,56.369507356,Utilities,17.76
1554,ED,2018-05-15,2018-05-15,1,1,False,False,,gap_expired,0.128905533,57.129231618,Utilities,14.63
1555,ED,2018-10-01,2018-11-06,2,1,False,False,,gap_expired,0.252473184,58.497322284,Utilities,12.0
1556,ED,2019-01-14,2019-01-16,2,1,False,True,,gap_expired,-0.054578876,57.59465993,Utilities,19.07
1557,ED,2019-08-01,2019-10-01,3,2,False,False,,gap_expired,-0.23774253,68.862028348,Utilities,17.87
1558,ED,2020-01-06,2020-03-31,7,3,False,True,,gap_expired,-0.335406883,70.787252184,Utilities,13.85
1559,ED,2024-09-03,2024-09-03,1,1,False,True,,gap_expired,-0.228200422,99.249166184,Utilities,20.72
1560,EDIT,2018-07-09,2018-07-09,1,1,False,False,,gap_expired,-0.454198197,38.59,Healthcare,12.69
1561,EDVR,2021-10-18,2021-10-18,1,1,False,False,,gap_expired,-0.026428845,8.970615806,Financial Services,16.31
1562,EE,2022-05-09,2022-06-02,2,2,False,False,,gap_expired,-0.172078205,24.042434594,Energy,34.75
1563,EFX,2021-07-06,2021-07-06,1,1,False,False,,gap_expired,-0.128465034,238.307393405,Industrials,16.44
1564,EHTH,2020-08-03,2020-08-03,1,1,False,False,,gap_expired,-0.620936544,68.15,Financial Services,24.28
1565,EL,2018-01-12,2018-05-07,3,2,False,False,,gap_expired,0.027510905,116.941163429,Consumer Defensive,10.16
1566,EL,2018-07-23,2018-07-23,1,1,False,False,,gap_expired,0.264753224,129.131796069,Consumer Defensive,12.62
1567,EL,2018-10-09,2018-10-09,1,1,False,False,,gap_expired,0.38429773,124.309609932,Consumer Defensive,15.95
1568,EL,2019-01-03,2019-02-11,3,2,False,True,,gap_expired,0.310980353,116.657348287,Consumer Defensive,25.45
1569,EL,2019-04-26,2019-05-10,2,1,False,False,,gap_expired,-0.003570178,158.134408619,Consumer Defensive,12.73
1570,EL,2019-07-15,2019-10-25,4,2,False,True,,gap_expired,-0.023478237,173.049762151,Consumer Defensive,12.68
1571,EL,2020-01-28,2020-06-16,5,3,True,False,2020-01-28,gap_expired,0.070763843,183.614401463,Consumer Defensive,16.28
1572,EL,2020-10-22,2020-11-23,3,1,False,False,,gap_expired,0.085208283,217.328403916,Consumer Defensive,28.11
1573,EL,2021-02-05,2021-02-22,2,1,False,False,,gap_expired,-0.034568109,260.821004838,Consumer Defensive,20.87
1574,EL,2021-04-27,2021-05-18,2,2,True,False,2021-05-18,gap_expired,-0.184320392,294.623075896,Consumer Defensive,17.56
1575,EL,2021-10-05,2021-10-05,1,1,False,True,,gap_expired,-0.129919592,287.222139704,Consumer Defensive,21.3
1576,EL,2022-01-26,2022-04-29,5,2,False,False,,gap_expired,-0.010149872,279.388844555,Consumer Defensive,31.96
1577,EL,2022-08-19,2022-08-19,1,1,False,False,,gap_expired,-0.501391398,251.752676019,Consumer Defensive,20.6
1578,EL,2022-11-01,2023-05-30,8,5,True,True,2022-12-14,gap_expired,-0.563104292,180.752408202,Consumer Defensive,25.81
1579,EL,2024-04-24,2024-05-30,2,2,True,False,2024-04-24,gap_expired,-0.203068984,141.939505449,Consumer Defensive,15.97
1580,ELAN,2019-08-26,2019-09-20,2,1,False,False,,gap_expired,-0.150338966,26.2,Healthcare,19.32
1581,ELAN,2020-01-08,2020-02-14,2,1,False,False,,gap_expired,-0.090870342,28.53,Healthcare,13.45
1582,ELAN,2020-08-06,2020-08-06,1,1,False,False,,gap_expired,-0.136328692,24.52,Healthcare,22.65
1583,ELAN,2020-10-09,2020-10-09,1,1,False,True,,gap_expired,-0.288562859,33.2,Healthcare,25.0
1584,ELAN,2021-05-07,2021-05-07,1,1,False,False,,gap_expired,-0.297973762,33.25,Healthcare,16.69
1585,ELAN,2024-01-18,2024-01-18,1,1,False,False,,gap_expired,-0.482465698,15.06,Healthcare,14.13
1586,ELAN,2024-06-25,2024-06-25,1,1,False,False,,gap_expired,-0.35146868,17.87,Healthcare,12.84
1587,ELF,2020-05-29,2020-05-29,1,1,False,False,,gap_expired,0.181918607,17.38,Consumer Defensive,27.51
1588,ELF,2020-08-05,2020-08-05,1,1,False,False,,gap_expired,0.085724303,20.84,Consumer Defensive,22.99
1589,ELF,2020-11-16,2020-11-16,1,1,False,True,,gap_expired,0.171611891,21.94,Consumer Defensive,22.45
1590,ELF,2021-02-03,2021-02-03,1,1,False,True,,gap_expired,0.100649947,22.24,Consumer Defensive,22.91
1591,ELF,2022-02-03,2022-02-03,1,1,False,False,,gap_expired,1.576778806,28.56,Consumer Defensive,24.35
1592,ELF,2022-06-07,2022-08-23,4,2,False,True,,gap_expired,2.765029183,27.35,Consumer Defensive,24.02
1593,ELF,2022-11-03,2022-11-03,1,1,False,False,,gap_expired,0.659604539,49.21,Consumer Defensive,25.3
1594,ELF,2023-02-03,2023-02-03,1,1,False,True,,gap_expired,0.788093676,69.54,Consumer Defensive,18.33
1595,ELF,2023-04-10,2023-05-18,4,2,False,True,,gap_expired,0.268911536,84.14,Consumer Defensive,18.97
1596,ELF,2023-09-14,2024-02-07,6,5,False,True,,gap_expired,-0.154864389,130.19,Consumer Defensive,12.82
1597,ELF,2024-04-09,2024-05-23,5,2,False,True,,gap_expired,-0.505446415,168.49,Consumer Defensive,14.98
1598,ELF,2024-09-16,2024-12-09,5,3,False,True,,gap_expired,0.158790934,113.5,Consumer Defensive,17.14
1599,EME,2023-02-09,2023-02-09,1,1,False,False,,gap_expired,0.442762899,143.962755884,Industrials,20.71
1600,EMN,2021-06-17,2021-06-17,1,1,False,False,,gap_expired,-0.111029916,98.338930498,Basic Materials,17.75
1601,EMN,2023-04-17,2023-04-17,1,1,False,False,,gap_expired,-0.030900056,75.350811481,Basic Materials,16.95
1602,EMN,2024-09-06,2024-09-06,1,1,False,False,,gap_expired,-0.499922346,91.651933045,Basic Materials,22.38
1603,EMR,2018-01-09,2018-03-19,3,2,False,True,,gap_expired,-0.018410161,59.018231877,Industrials,10.08
1604,EMR,2018-06-04,2018-11-08,5,3,True,False,2018-06-20,gap_expired,0.004715898,59.925821109,Industrials,12.74
1605,EMR,2019-11-01,2019-11-01,1,1,False,True,,gap_expired,-0.111483439,62.7259423,Industrials,12.3
1606,EMR,2020-04-16,2020-04-16,1,1,False,True,,gap_expired,0.45122462,42.969337993,Industrials,40.11
1607,EMR,2020-10-19,2020-10-20,2,1,False,False,,gap_expired,0.077939902,62.7899917,Industrials,29.18
1608,EMR,2021-03-03,2021-03-03,1,1,False,False,,gap_expired,-0.082189881,79.9013026,Industrials,26.67
1609,EMR,2021-10-19,2021-11-10,2,1,False,False,,gap_expired,0.022979102,88.520303262,Industrials,15.7
1610,EMR,2022-08-08,2022-08-08,1,1,False,False,,gap_expired,0.02224714,81.376401026,Industrials,21.29
1611,EMR,2022-11-29,2022-11-29,1,1,False,False,,gap_expired,-0.202163463,88.683016926,Industrials,21.89
1612,EMR,2023-06-12,2023-11-03,3,2,True,True,2023-06-12,gap_expired,0.048484454,80.249474977,Industrials,15.01
1613,EMR,2024-04-08,2024-04-08,1,1,False,True,,gap_expired,-0.137745234,111.106708925,Industrials,15.19
1614,ENB,2018-07-16,2018-07-16,1,1,False,True,,gap_expired,-0.000625858,21.536626089,Energy,12.83
1615,ENB,2021-10-05,2022-09-30,13,7,True,True,2021-10-29,gap_expired,0.109062634,30.255815942,Energy,21.3
1616,ENB,2023-02-28,2023-03-29,2,1,False,True,,gap_expired,-0.320311328,31.330584529,Energy,20.7
1617,ENB,2023-07-12,2023-09-12,5,2,False,False,,gap_expired,-0.228309952,31.339386539,Energy,13.54
1618,ENB,2023-11-28,2024-07-02,10,3,False,True,,gap_expired,0.01863711,30.207794128,Energy,12.69
1619,ENB,2024-09-25,2024-11-22,3,1,False,False,,gap_expired,0.131529198,38.113932088,Energy,15.41
1620,ENPH,2019-03-01,2019-03-01,1,1,False,False,,gap_expired,0.730136253,9.19,Technology,13.57
1621,ENPH,2020-02-03,2020-04-07,3,3,False,True,,gap_expired,4.623210922,33.8,Technology,17.97
1622,ENPH,2020-09-29,2020-11-18,2,2,False,True,,gap_expired,0.536553338,81.37,Technology,26.27
1623,ENPH,2021-02-24,2021-02-24,1,1,False,True,,gap_expired,-0.290372115,179.41,Technology,21.34
1624,ENPH,2021-04-27,2021-04-27,1,1,False,False,,gap_expired,0.090238384,150.36,Technology,17.56
1625,ENPH,2021-07-12,2021-07-12,1,1,False,False,,gap_expired,0.15797153,185.45,Technology,16.17
1626,ENPH,2021-09-15,2022-03-25,11,6,False,True,,gap_expired,1.188025753,153.94,Technology,18.18
1627,ENPH,2022-09-22,2023-09-27,19,7,False,True,,gap_expired,-0.740301776,279.03,Technology,27.35
1628,ENPH,2023-12-14,2024-02-09,2,1,False,False,,gap_expired,-0.715884388,125.82,Technology,12.48
1629,ENR,2022-08-15,2022-08-15,1,1,False,False,,gap_expired,0.079635715,27.780404864,Industrials,19.95
1630,ENSG,2024-07-24,2024-07-24,1,1,False,False,,gap_expired,-0.08949444,137.354460715,Healthcare,18.04
1631,ENTG,2023-01-12,2023-01-12,1,1,False,False,,gap_expired,0.220382856,76.932416646,Technology,18.83
1632,EOG,2018-05-01,2018-05-01,1,1,False,False,,gap_expired,-0.352851379,88.55371907,Energy,15.49
1633,EOG,2018-10-15,2018-10-15,1,1,False,False,,gap_expired,-0.553620072,92.864614363,Energy,21.3
1634,EOG,2019-04-09,2019-04-30,2,1,False,True,,gap_expired,-0.529500794,75.254804214,Energy,14.28
1635,EOG,2020-04-09,2020-06-12,5,4,False,False,,gap_expired,0.061472636,35.450095619,Energy,41.67
1636,EOG,2021-10-26,2021-10-26,1,1,False,True,,gap_expired,0.718220424,75.320991915,Energy,15.98
1637,EOG,2022-08-09,2022-08-09,1,1,False,True,,gap_expired,0.216279497,93.080885452,Energy,21.77
1638,EOG,2023-03-27,2023-03-27,1,1,False,False,,gap_expired,-0.109071195,97.321531341,Energy,20.6
1639,EOG,2023-10-11,2023-10-23,2,1,False,False,,gap_expired,-0.293518745,117.698313462,Energy,16.09
1640,EOLS,2019-08-12,2019-08-12,1,1,False,False,,gap_expired,-0.978158291,17.8,Healthcare,21.09
1641,EPAM,2018-06-01,2018-06-01,1,1,False,False,,gap_expired,0.310576915,125.0,Technology,13.46
1642,EPAM,2022-08-30,2022-08-30,1,1,False,False,,gap_expired,-0.54209661,427.71,Technology,26.21
1643,EPC,2019-05-22,2019-05-22,1,1,False,False,,gap_expired,-0.179122823,29.248265024,Consumer Defensive,14.75
1644,EPD,2018-01-02,2018-01-02,1,1,False,False,,gap_expired,0.09229433,14.705138613,Energy,9.77
1645,EPD,2019-03-01,2019-03-22,2,1,False,False,,gap_expired,-0.170403686,16.501359441,Energy,13.57
1646,EPD,2019-07-29,2019-07-29,1,1,False,False,,gap_expired,-0.434882863,17.794595438,Energy,12.83
1647,EPD,2019-12-20,2019-12-20,1,1,False,True,,gap_expired,-0.375524974,17.41247,Energy,12.51
1648,EPD,2020-03-03,2020-03-03,1,1,False,True,,gap_expired,-0.21848588,15.38552057,Energy,36.82
1649,EPD,2021-03-05,2021-03-05,1,1,False,True,,gap_expired,0.065724977,16.258384912,Energy,24.66
1650,EPD,2021-05-07,2021-06-10,2,1,False,False,,gap_expired,0.247511396,16.573856902,Energy,16.69
1651,EPD,2021-10-19,2021-10-19,1,1,False,False,,gap_expired,0.27603882,17.702891009,Energy,15.7
1652,EPD,2021-12-20,2022-01-05,2,2,False,False,,gap_expired,0.357395503,15.392831177,Energy,22.87
1653,EPD,2022-03-14,2022-08-08,6,3,False,True,,gap_expired,0.173170778,18.01220844,Energy,31.77
1654,EPD,2023-03-22,2023-05-15,3,1,False,False,,gap_expired,-0.089580497,20.24651294,Energy,22.26
1655,EPD,2023-09-20,2024-01-03,4,2,False,False,,gap_expired,-0.16044897,22.819254595,Energy,15.14
1656,EPD,2024-03-28,2024-04-23,2,1,False,False,,gap_expired,0.158938436,25.425474965,Energy,13.01
1657,EPD,2024-11-08,2024-11-08,1,1,False,False,,gap_expired,-0.017730088,27.991614077,Energy,14.94
1658,EPR,2018-01-08,2018-01-08,1,1,False,True,,gap_expired,-0.055413604,37.977934212,Real Estate,9.52
1659,EPR,2018-05-07,2018-05-07,1,1,False,False,,gap_expired,0.324208693,35.918243532,Real Estate,14.75
1660,EPR,2018-08-06,2018-08-06,1,1,False,True,,gap_expired,0.145258069,43.442253588,Real Estate,11.27
1661,EPR,2019-01-17,2019-01-17,1,1,False,True,,gap_expired,-0.168782434,45.688102299,Real Estate,18.06
1662,EPR,2019-07-18,2019-07-18,1,1,False,False,,gap_expired,-0.670934537,50.45743865,Real Estate,13.53
1663,EPR,2020-01-09,2020-02-21,4,1,False,False,,gap_expired,-0.686688354,48.499051724,Real Estate,12.54
1664,EPSN,2022-10-21,2022-10-21,1,1,False,True,,gap_expired,-0.278154411,5.697378898,Energy,29.69
1665,EQH,2019-07-17,2019-07-17,1,1,False,False,,gap_expired,-0.163214441,18.780992691,Financial Services,13.97
1666,EQIX,2019-08-21,2019-08-21,1,1,False,True,,gap_expired,0.259966983,491.304462159,Real Estate,15.8
1667,EQIX,2020-04-06,2020-04-06,1,1,False,False,,gap_expired,-0.485149673,609.855169774,Real Estate,45.24
1668,EQIX,2020-07-01,2020-07-01,1,1,False,False,,gap_expired,-0.29153576,660.908159162,Real Estate,28.62
1669,EQIX,2020-10-09,2020-10-09,1,1,False,False,,gap_expired,-0.33191962,753.766673575,Real Estate,25.0
1670,EQIX,2021-09-17,2021-09-17,1,1,False,False,,gap_expired,-0.168905198,792.016698932,Real Estate,20.81
1671,EQIX,2023-02-22,2023-02-22,1,1,False,True,,gap_expired,-0.013142063,664.150686976,Real Estate,22.29
1672,EQT,2021-09-23,2021-09-23,1,1,False,False,,gap_expired,1.217149973,18.232485886,Energy,18.63
1673,EQT,2022-08-25,2022-08-25,1,1,False,True,,gap_expired,-0.21416538,47.275128013,Energy,21.78
1674,EQT,2022-10-28,2022-12-12,2,1,False,False,,gap_expired,-0.023439886,37.98942492,Energy,25.75
1675,EQT,2023-02-22,2023-02-22,1,1,False,False,,gap_expired,-0.137978581,31.393399066,Energy,22.29
1676,EQT,2023-09-22,2023-09-22,1,1,False,False,,gap_expired,-0.415795404,37.184271832,Energy,17.2
1677,EQT,2023-12-19,2023-12-21,2,1,False,False,,gap_expired,-0.136807673,37.711183812,Energy,12.53
1678,EQT,2024-11-22,2024-12-02,2,1,False,False,,gap_expired,0.140702503,47.015226732,Energy,15.24
1679,ERIC,2019-01-29,2019-02-06,2,1,False,False,,gap_expired,-0.340635615,7.138301007,Technology,19.13
1680,ERIC,2019-04-26,2019-04-29,2,1,False,False,,gap_expired,-0.164941066,8.184264437,Technology,12.73
1681,ERIC,2020-01-21,2020-01-21,1,1,False,False,,gap_expired,0.160223842,7.346891179,Technology,12.85
1682,ESI,2021-10-08,2021-11-01,2,1,False,False,,gap_expired,-0.120931058,21.800582181,Basic Materials,18.77
1683,ET,2021-05-11,2021-05-11,1,1,False,True,,gap_expired,0.145286131,6.578663875,Energy,21.84
1684,ET,2022-02-23,2022-06-06,3,2,False,False,,gap_expired,0.457548571,6.929077737,Energy,31.02
1685,ET,2022-09-22,2023-02-24,8,3,False,True,,gap_expired,0.211352461,8.259051236,Energy,27.35
1686,ET,2023-05-11,2024-03-25,13,5,False,True,,gap_expired,0.119918548,9.913382138,Energy,16.93
1687,ET,2024-06-04,2024-06-04,1,1,False,True,,gap_expired,0.09381961,13.506540956,Energy,13.16
1688,ET,2024-08-13,2024-12-10,7,3,False,True,,gap_expired,-0.006659822,13.983613903,Energy,18.12
1689,ETH,2021-06-09,2021-06-09,1,1,False,False,,gap_expired,0.247590887,2611.14265155,ETF,17.89
1690,ETH,2021-09-24,2022-01-24,4,4,True,False,2021-09-24,gap_expired,-0.399186029,3065.837985074,ETF,17.75
1691,ETH,2024-06-05,2024-06-05,1,1,False,False,,gap_expired,-0.413555796,3864.263326475,ETF,12.63
1692,ETH,2024-11-25,2024-11-25,1,1,True,False,2024-11-25,gap_expired,-0.329425391,3412.950839717,ETF,14.6
1693,ETN,2018-11-12,2018-11-12,1,1,False,True,,gap_expired,0.140969064,62.359979111,Industrials,20.45
1694,ETN,2020-03-04,2020-03-04,1,1,False,True,,gap_expired,0.21344876,84.467347997,Industrials,31.99
1695,ETN,2020-11-04,2020-11-04,1,1,False,True,,gap_expired,0.253353485,99.051694725,Industrials,29.57
1696,ETN,2021-03-03,2021-03-03,1,1,False,False,,gap_expired,0.017226812,123.571090226,Industrials,26.67
1697,ETN,2022-11-07,2022-11-07,1,1,False,False,,gap_expired,0.249318488,151.524919326,Industrials,24.35
1698,ETN,2023-03-08,2023-03-08,1,1,False,False,,gap_expired,0.370331658,171.596283967,Industrials,19.11
1699,ETN,2023-06-08,2023-08-02,4,2,False,True,,gap_expired,0.455759134,181.80423501,Industrials,13.65
1700,ETN,2023-11-17,2024-08-13,8,3,True,False,2023-11-17,gap_expired,0.279646728,221.321752964,Industrials,13.8
1701,ETN,2024-12-20,2024-12-20,1,1,False,True,,gap_expired,-0.214112295,332.861543466,Industrials,18.36
1702,ETON,2024-05-13,2024-05-13,1,1,False,False,,gap_expired,4.103562386,3.6,Healthcare,13.6
1703,ETR,2018-06-22,2018-06-22,1,1,False,False,,gap_expired,0.228222351,30.289424856,Utilities,13.77
1704,ETR,2019-04-29,2019-04-29,1,1,False,True,,gap_expired,0.051403132,36.920428438,Utilities,13.11
1705,ETR,2022-06-17,2022-06-17,1,1,False,False,,gap_expired,-0.187528212,44.759695875,Utilities,31.13
1706,ETR,2023-11-27,2023-11-27,1,1,False,False,,gap_expired,0.267462545,47.104240642,Utilities,12.69
1707,ETR,2024-11-15,2024-11-15,1,1,False,False,,gap_expired,0.164544052,71.824232941,Utilities,16.14
1708,ETSY,2018-03-07,2018-11-07,9,4,False,True,,gap_expired,1.65050333,26.29,Consumer Cyclical,17.76
1709,ETSY,2019-02-11,2022-04-04,34,23,True,True,2019-02-25,gap_expired,-0.293387374,53.94,Consumer Cyclical,15.97
1710,ETSY,2022-09-14,2022-09-14,1,1,False,False,,gap_expired,-0.575475271,110.86,Consumer Cyclical,26.16
1711,ETSY,2022-11-30,2023-02-02,5,2,False,False,,gap_expired,-0.51017484,132.86,Consumer Cyclical,20.58
1712,ETSY,2023-08-03,2023-08-21,2,2,False,False,,gap_expired,-0.534427662,84.31,Consumer Cyclical,15.92
1713,ETSY,2023-10-25,2023-11-16,2,2,False,True,,gap_expired,-0.632632463,62.45,Consumer Cyclical,20.19
1714,ETSY,2024-01-17,2024-01-17,1,1,False,True,,gap_expired,-0.535184649,69.09,Consumer Cyclical,14.79
1715,ETSY,2024-05-02,2024-05-02,1,1,False,True,,gap_expired,-0.346818446,60.03,Consumer Cyclical,14.68
1716,EVER,2020-07-01,2020-07-01,1,1,False,False,,gap_expired,-0.872549278,60.58,Communication Services,28.62
1717,EVGO,2020-01-25,2020-01-25,1,1,False,False,,gap_expired,-0.773776115,21.49,Consumer Cyclical,
1718,EVLO,2021-10-29,2021-10-29,1,1,False,False,,gap_expired,-0.614570533,190.2,Healthcare,16.26
1719,EVLV,2023-08-01,2023-08-01,1,1,False,False,,gap_expired,-0.708893547,6.58,Industrials,13.93
1720,EVRG,2020-01-31,2020-02-06,2,1,False,False,,gap_expired,-0.429772741,57.102854404,Utilities,18.84
1721,EVRG,2023-06-22,2023-06-22,1,1,False,False,,gap_expired,-0.331687112,52.709227098,Utilities,12.91
1722,EVRG,2024-08-26,2024-08-26,1,1,False,False,,gap_expired,0.085838143,56.343127501,Utilities,16.15
1723,EW,2018-01-09,2018-01-29,2,1,False,False,,gap_expired,0.320203586,39.65329996,Healthcare,10.08
1724,EW,2018-06-05,2018-06-05,1,1,False,False,,gap_expired,0.23696754,47.123299953,Healthcare,12.4
1725,EW,2018-10-08,2018-10-08,1,1,False,False,,gap_expired,0.493740038,49.116699951,Healthcare,15.69
1726,EW,2018-12-13,2019-03-13,3,2,False,True,,gap_expired,0.205327201,54.219999946,Healthcare,20.65
1727,EW,2019-07-09,2019-07-09,1,1,False,False,,gap_expired,0.0086283,63.009999937,Healthcare,14.09
1728,EW,2019-10-23,2019-12-05,2,1,False,True,,gap_expired,-0.147135167,78.509999921,Healthcare,14.01
1729,EW,2020-12-10,2021-03-01,2,2,True,False,2020-12-10,gap_expired,0.104060462,86.2,Healthcare,22.52
1730,EW,2021-12-17,2022-02-01,2,1,False,False,,gap_expired,-0.241294322,120.44,Healthcare,21.57
1731,EW,2022-05-02,2022-05-05,2,1,False,False,,gap_expired,-0.160188475,105.58,Healthcare,32.34
1732,EW,2022-12-15,2022-12-15,1,1,False,False,,gap_expired,-0.225628861,73.41,Healthcare,22.83
1733,EW,2023-05-01,2023-05-22,2,1,False,False,,gap_expired,-0.268546108,87.99,Healthcare,16.08
1734,EW,2024-04-30,2024-04-30,1,1,False,False,,gap_expired,-0.245119199,84.1,Healthcare,15.65
1735,EW,2024-12-17,2024-12-17,1,1,False,False,,gap_expired,0.02064316,73.85,Healthcare,15.87
1736,EXAS,2018-01-08,2018-01-08,1,1,False,False,,gap_expired,0.537295354,52.08,Healthcare,9.52
1737,EXAS,2018-08-02,2018-08-22,2,2,False,False,,gap_expired,1.149922373,51.61,Healthcare,12.19
1738,EXAS,2018-10-31,2018-10-31,1,1,False,False,,gap_expired,0.083292662,71.5,Healthcare,21.23
1739,EXAS,2019-01-25,2019-01-25,1,1,False,True,,gap_expired,-0.142217718,80.82,Healthcare,17.42
1740,EXAS,2019-06-03,2019-10-23,5,4,False,True,,gap_expired,-0.280551799,102.81,Healthcare,18.86
1741,EXAS,2020-03-03,2020-03-03,1,1,False,True,,gap_expired,0.379875335,74.09,Healthcare,36.82
1742,EXAS,2020-12-22,2020-12-22,1,1,False,True,,gap_expired,-0.748648126,143.02,Healthcare,24.23
1743,EXAS,2021-03-15,2021-06-07,2,2,True,False,2021-03-15,gap_expired,-0.65153286,132.0,Healthcare,20.03
1744,EXC,2018-09-06,2018-09-06,1,1,False,True,,gap_expired,0.07058279,24.419294843,Utilities,14.65
1745,EXC,2018-12-03,2018-12-03,1,1,False,True,,gap_expired,-0.152455836,26.054492207,Utilities,16.44
1746,EXC,2021-12-22,2021-12-22,1,1,False,False,,gap_expired,0.313697089,33.643023923,Utilities,18.63
1747,EXC,2023-01-09,2023-01-09,1,1,False,True,,gap_expired,-0.39344686,39.214795339,Utilities,21.97
1748,EXC,2024-02-23,2024-02-23,1,1,False,False,,gap_expired,0.110644045,33.41197609,Utilities,13.75
1749,EXEL,2018-02-05,2018-02-05,1,1,False,False,,gap_expired,-0.297587802,27.87,Healthcare,37.32
1750,EXEL,2018-06-19,2018-06-19,1,1,False,False,,gap_expired,-0.016725005,20.0,Healthcare,13.35
1751,EXEL,2019-01-14,2019-02-13,2,1,False,False,,gap_expired,-0.418708855,23.22,Healthcare,19.07
1752,EXEL,2019-05-09,2019-05-09,1,1,False,True,,gap_expired,0.355395562,19.58,Healthcare,19.1
1753,EXEL,2019-12-09,2019-12-09,1,1,False,True,,gap_expired,-0.0829052,16.93,Healthcare,15.86
1754,EXEL,2020-04-30,2020-05-11,2,2,False,True,,gap_expired,-0.472442742,24.35,Healthcare,34.15
1755,EXEL,2020-08-17,2020-08-17,1,1,False,True,,gap_expired,-0.523463857,23.0,Healthcare,21.35
1756,EXEL,2024-01-11,2024-01-11,1,1,False,False,,gap_expired,0.393391394,22.59,Healthcare,12.44
1757,EXK,2021-07-28,2021-07-28,1,1,False,False,,gap_expired,-0.057024779,25.11207875,Basic Materials,18.31
1758,EXK,2022-04-01,2022-04-01,1,1,False,False,,gap_expired,-0.170762978,29.097380324,Basic Materials,19.63
1759,EXP,2022-12-23,2022-12-23,1,1,False,False,,gap_expired,0.272623268,131.764411329,Basic Materials,20.87
1760,EXP,2023-11-20,2023-11-20,1,1,False,False,,gap_expired,0.436770355,174.216680544,Basic Materials,13.41
1761,EXPD,2019-02-28,2019-02-28,1,1,False,False,,gap_expired,-0.156084126,69.364187478,Industrials,14.7
1762,EXPE,2018-07-30,2018-10-11,4,2,False,False,,gap_expired,-0.084809709,130.920088532,Consumer Cyclical,14.26
1763,EXPE,2019-09-19,2019-09-19,1,1,False,True,,gap_expired,-0.430602231,133.362762466,Consumer Cyclical,14.05
1764,EXPE,2021-06-25,2021-06-25,1,1,False,False,,gap_expired,-0.328196447,168.678432417,Consumer Cyclical,15.62
1765,EXPE,2022-04-11,2022-06-02,2,2,False,False,,gap_expired,-0.438576044,179.679621449,Consumer Cyclical,24.37
1766,EXPE,2022-08-04,2022-09-12,2,1,False,False,,gap_expired,-0.086862223,106.153147602,Consumer Cyclical,21.44
1767,EXPE,2023-08-22,2023-08-22,1,1,False,False,,gap_expired,-0.025617083,107.720492723,Consumer Cyclical,16.97
1768,EXPE,2023-11-06,2023-11-06,1,1,False,False,,gap_expired,0.170725471,110.994026951,Consumer Cyclical,14.89
1769,EXPI,2020-08-12,2020-08-12,1,1,False,True,,gap_expired,1.780870368,14.799480673,Real Estate,22.28
1770,EXPI,2021-02-05,2021-02-23,2,1,False,False,,gap_expired,-0.7863036,66.926033998,Real Estate,20.87
1771,EXPI,2022-04-05,2022-04-05,1,1,False,True,,gap_expired,-0.299946169,18.135066812,Real Estate,21.03
1772,EXTR,2022-12-02,2022-12-02,1,1,False,False,,gap_expired,-0.335697589,19.98,Technology,19.06
1773,EZU,2018-01-05,2018-01-05,1,1,False,False,,gap_expired,-0.124296041,36.052409147,ETF,9.22
1774,F,2018-04-12,2018-04-12,1,1,False,False,,gap_expired,-0.230478674,7.507401147,Consumer Cyclical,18.49
1775,F,2018-06-18,2018-09-12,3,2,False,False,,gap_expired,-0.189391961,7.923177625,Consumer Cyclical,12.31
1776,F,2018-11-26,2018-11-26,1,1,False,True,,gap_expired,-0.172376103,6.483575538,Consumer Cyclical,18.9
1777,F,2019-04-09,2019-05-09,4,2,False,True,,gap_expired,-0.36632201,6.497999138,Consumer Cyclical,14.28
1778,F,2019-08-05,2019-09-12,2,1,False,True,,gap_expired,-0.421025914,6.838741142,Consumer Cyclical,24.59
1779,F,2020-01-25,2020-01-25,1,1,True,False,2020-01-25,gap_expired,0.633150749,8.487553625,Consumer Cyclical,
1780,F,2020-06-10,2020-08-04,2,2,False,True,,gap_expired,1.133140543,4.555173574,Consumer Cyclical,27.57
1781,F,2020-10-05,2024-07-17,99,32,True,True,2021-03-15,gap_expired,0.702526051,5.29813553,Consumer Cyclical,27.96
1782,FANG,2018-01-02,2018-01-26,2,1,False,False,,gap_expired,-0.171273233,98.748767906,Energy,9.77
1783,FANG,2018-07-16,2018-09-25,4,2,False,False,,gap_expired,-0.28661796,99.768304046,Energy,12.83
1784,FANG,2020-04-09,2020-06-12,4,2,False,False,,gap_expired,-0.416668524,29.049424272,Energy,41.67
1785,FANG,2021-07-12,2021-07-12,1,1,False,True,,gap_expired,0.398253572,73.513445887,Energy,16.17
1786,FANG,2021-09-23,2021-10-29,4,3,False,True,,gap_expired,0.510199909,71.788020463,Energy,18.63
1787,FANG,2022-01-03,2022-02-02,2,2,False,False,,gap_expired,0.457851817,93.660220916,Energy,16.6
1788,FANG,2022-05-05,2022-07-27,4,2,False,True,,gap_expired,0.002346709,117.460768219,Energy,31.2
1789,FANG,2023-03-27,2023-03-27,1,1,False,False,,gap_expired,0.286674781,115.273924897,Energy,20.6
1790,FANG,2023-10-23,2023-11-03,2,1,False,False,,gap_expired,-0.2304017,151.081213102,Energy,20.37
1791,FANG,2024-04-26,2024-04-26,1,1,False,False,,gap_expired,-0.434170556,195.717381729,Energy,15.03
1792,FANG,2024-11-22,2024-11-22,1,1,False,False,,gap_expired,-0.303198772,179.39671963,Energy,15.24
1793,FCEL,2021-02-01,2021-02-23,2,2,False,True,,gap_expired,-0.353970361,661.8,Industrials,30.24
1794,FCFS,2018-04-09,2018-04-09,1,1,False,True,,gap_expired,-0.004312773,74.120447123,Financial Services,21.77
1795,FCX,2018-03-12,2018-04-20,2,1,False,True,,gap_expired,-0.356202294,16.930221372,Basic Materials,15.78
1796,FCX,2020-02-11,2020-02-11,1,1,False,True,,gap_expired,0.254485236,28.836087309,Basic Materials,15.18
1797,FCX,2020-09-17,2020-09-17,1,1,False,False,,gap_expired,-0.014521481,15.918882949,Basic Materials,26.46
1798,FCX,2020-12-18,2020-12-18,1,1,False,True,,gap_expired,0.36008641,22.370505556,Basic Materials,21.57
1799,FCX,2021-04-28,2021-05-06,2,1,False,False,,gap_expired,0.027315954,37.382796341,Basic Materials,17.28
1800,FCX,2022-03-04,2022-03-04,1,1,False,False,,gap_expired,-0.095836566,46.103314085,Basic Materials,31.98
1801,FCX,2024-04-24,2024-05-15,2,1,False,False,,gap_expired,-0.354239436,47.800807568,Basic Materials,15.97
1802,FDC,2018-09-18,2018-09-18,1,1,False,False,,gap_expired,0.004445358,25.94,Financial Services,12.79
1803,FDS,2019-08-06,2019-08-06,1,1,False,False,,gap_expired,0.116772444,254.967459074,Financial Services,20.17
1804,FDX,2018-03-16,2018-03-16,1,1,False,False,,gap_expired,-0.344635021,219.464286439,Industrials,15.8
1805,FDX,2018-06-12,2018-07-05,2,2,False,False,,gap_expired,-0.429973485,232.349761338,Industrials,12.34
1806,FDX,2018-09-28,2018-09-28,1,1,False,True,,gap_expired,-0.416596123,212.950861739,Industrials,12.12
1807,FDX,2019-02-25,2019-07-10,8,3,True,True,2019-03-19,gap_expired,-0.325090213,159.290023162,Industrials,14.85
1808,FDX,2019-11-26,2020-01-15,3,1,False,False,,gap_expired,0.628851521,144.144377216,Industrials,11.54
1809,FDX,2020-04-08,2020-04-08,1,1,False,False,,gap_expired,0.765010782,116.575657849,Industrials,43.35
1810,FDX,2020-09-16,2020-11-23,4,2,False,True,,gap_expired,-0.284708903,219.904014465,Industrials,26.04
1811,FDX,2021-08-03,2021-08-03,1,1,False,False,,gap_expired,-0.097715336,255.023863178,Industrials,18.04
1812,FDX,2021-11-10,2021-11-29,2,1,False,False,,gap_expired,-0.153454669,228.360560763,Industrials,18.73
1813,FDX,2022-07-20,2022-07-20,1,1,False,False,,gap_expired,-0.001424228,209.730438345,Industrials,23.88
1814,FDX,2022-10-19,2023-01-27,6,3,False,True,,gap_expired,0.431314288,142.434203566,Industrials,30.76
1815,FDX,2023-03-31,2023-05-22,3,1,False,False,,gap_expired,-0.03621946,214.302443366,Industrials,18.7
1816,FDX,2023-10-24,2024-01-04,7,3,False,False,,gap_expired,-0.237596932,229.33161447,Industrials,18.97
1817,FDX,2024-09-12,2024-09-12,1,1,False,False,,gap_expired,-0.388844657,279.54187869,Industrials,17.07
1818,FDX,2024-12-13,2024-12-19,2,1,False,True,,gap_expired,-0.09270495,276.829886952,Industrials,13.81
1819,FERG,2022-03-24,2022-03-24,1,1,False,False,,gap_expired,0.061519919,130.578382252,Industrials,21.67
1820,FERG,2024-04-08,2024-05-31,2,1,False,True,,gap_expired,-0.286270914,217.71733411,Industrials,15.19
1821,FERG,2024-08-12,2024-09-14,2,1,False,False,,gap_expired,-0.015786078,191.489564778,Industrials,20.71
1822,FGEN,2020-11-02,2020-11-02,1,1,False,False,,gap_expired,-1.087198168,980.5,Healthcare,37.13
1823,FHN,2018-01-24,2018-04-25,4,2,False,False,,gap_expired,-0.196900527,15.218575675,Financial Services,11.47
1824,FHN,2018-10-17,2018-12-13,2,2,False,False,,gap_expired,-0.085345406,12.281758295,Financial Services,17.4
1825,FHN,2019-04-17,2019-04-17,1,1,False,False,,gap_expired,-0.436565953,11.582988586,Financial Services,12.6
1826,FHN,2019-07-24,2019-07-24,1,1,False,False,,gap_expired,-0.465659154,12.670026101,Financial Services,12.07
1827,FHN,2019-11-06,2019-11-21,2,1,False,True,,gap_expired,-0.505771345,13.612432963,Financial Services,12.62
1828,FHN,2020-01-22,2020-07-22,8,6,True,True,2020-01-23,gap_expired,0.074501132,12.231105811,Financial Services,12.91
1829,FHN,2021-07-09,2021-07-19,2,1,False,True,,gap_expired,0.055368065,14.128894203,Financial Services,16.18
1830,FHN,2022-01-20,2022-01-20,1,1,False,False,,gap_expired,0.065898435,15.085082909,Financial Services,25.59
1831,FHN,2023-05-17,2023-06-02,2,1,False,False,,gap_expired,0.238610433,9.838258779,Financial Services,16.87
1832,FHN,2024-01-12,2024-01-19,2,1,False,False,,gap_expired,0.381797276,12.606520251,Financial Services,12.7
1833,FHN,2024-04-17,2024-04-17,1,1,False,False,,gap_expired,0.178338144,13.47243698,Financial Services,18.21
1834,FHN,2024-10-16,2024-10-16,1,1,False,True,,gap_expired,0.061508822,16.909815947,Financial Services,19.58
1835,FICO,2019-08-01,2019-08-01,1,1,False,True,,gap_expired,0.080411756,358.67,Technology,17.87
1836,FICO,2020-01-10,2020-01-10,1,1,False,False,,gap_expired,0.033201542,405.05,Technology,12.56
1837,FICO,2021-02-26,2021-02-26,1,1,False,True,,gap_expired,-0.135435083,465.59,Technology,27.95
1838,FICO,2023-09-15,2023-09-15,1,1,False,True,,gap_expired,0.856982241,889.12,Technology,13.79
1839,FICO,2023-12-08,2024-01-26,2,1,False,False,,gap_expired,0.600974123,1131.81,Technology,12.35
1840,FICO,2024-04-26,2024-04-26,1,1,False,False,,gap_expired,0.684196976,1116.4,Technology,15.03
1841,FICO,2024-10-10,2024-11-18,2,2,False,True,,gap_expired,-0.349781234,1998.39,Technology,20.93
1842,FIGS,2022-09-15,2022-09-15,1,1,False,False,,gap_expired,-0.596355486,10.1,Consumer Cyclical,26.27
1843,FIGS,2024-10-04,2024-10-04,1,1,False,False,,gap_expired,-0.150173452,6.68,Consumer Cyclical,19.21
1844,FIS,2019-09-23,2019-09-23,1,1,False,False,,gap_expired,-0.00427388,116.35565972,Technology,14.91
1845,FIS,2021-05-07,2021-05-07,1,1,False,True,,gap_expired,-0.322067699,135.075539208,Technology,16.69
1846,FISV,2018-03-13,2018-03-13,1,1,False,True,,gap_expired,0.129500366,73.97,Financial Services,16.35
1847,FISV,2021-08-19,2021-08-19,1,1,False,False,,gap_expired,-0.03478623,116.37,Financial Services,21.67
1848,FISV,2024-01-08,2024-01-08,1,1,False,True,,gap_expired,0.24658565,134.34,Financial Services,13.08
1849,FITB,2018-03-22,2018-03-22,1,1,False,True,,gap_expired,-0.293619096,24.035081407,Financial Services,23.34
1850,FITB,2018-10-23,2018-10-23,1,1,False,False,,gap_expired,0.024380435,19.751056869,Financial Services,20.71
1851,FITB,2019-02-20,2019-02-20,1,1,False,False,,gap_expired,-0.608762558,6.65,Financial Services,14.02
1852,FITB,2019-08-30,2019-08-30,1,1,False,False,,gap_expired,0.196242407,3.07,Financial Services,18.98
1853,FIVE,2018-03-14,2018-03-16,2,1,False,False,,gap_expired,0.646474449,68.7,Consumer Cyclical,17.23
1854,FIVE,2018-06-06,2018-06-08,2,1,False,True,,gap_expired,0.266383437,97.67,Consumer Cyclical,11.64
1855,FIVE,2018-09-07,2019-01-17,7,3,False,True,,gap_expired,-0.098270255,131.93,Consumer Cyclical,14.88
1856,FIVE,2019-03-28,2019-04-18,2,1,True,False,2019-03-28,gap_expired,-0.120168559,130.11,Consumer Cyclical,14.43
1857,FIVE,2019-12-04,2020-03-13,5,3,False,True,,gap_expired,0.090285575,124.54,Consumer Cyclical,14.8
1858,FIVE,2021-03-23,2021-03-23,1,1,False,False,,gap_expired,-0.306824345,193.37,Consumer Cyclical,20.3
1859,FIVE,2022-01-10,2022-01-10,1,1,False,True,,gap_expired,0.182495293,179.46,Consumer Cyclical,19.4
1860,FIVE,2022-12-01,2022-12-01,1,1,False,False,,gap_expired,-0.064794957,185.51,Consumer Cyclical,19.84
1861,FIVE,2023-03-10,2023-03-10,1,1,False,False,,gap_expired,-0.304072494,193.38,Consumer Cyclical,24.8
1862,FIVE,2023-05-18,2023-06-05,2,1,False,False,,gap_expired,-0.624918599,200.6,Consumer Cyclical,16.05
1863,FIVE,2024-03-21,2024-03-21,1,1,False,False,,gap_expired,-0.38771135,177.5,Consumer Cyclical,12.92
1864,FIVE,2024-06-24,2024-06-24,1,1,False,True,,gap_expired,-0.370460494,115.86,Consumer Cyclical,13.33
1865,FIVE,2024-12-05,2024-12-05,1,1,False,False,,gap_expired,0.364364456,117.32,Consumer Cyclical,13.54
1866,FIVN,2019-03-26,2019-03-26,1,1,False,False,,gap_expired,0.425383845,54.05,Technology,14.68
1867,FIVN,2019-09-16,2019-11-22,3,2,False,True,,gap_expired,1.034252155,54.82,Technology,14.67
1868,FIVN,2020-05-19,2020-05-19,1,1,False,True,,gap_expired,0.201743526,105.83,Technology,30.53
1869,FIVN,2020-08-13,2020-09-24,2,1,False,False,,gap_expired,0.181548622,120.06,Technology,22.13
1870,FIVN,2021-10-01,2021-12-02,3,2,False,True,,gap_expired,-0.41119756,166.575,Technology,21.15
1871,FIVN,2022-05-02,2022-05-02,1,1,False,False,,gap_expired,-0.502068166,115.15,Technology,32.34
1872,FIX,2024-05-24,2024-05-24,1,1,False,False,,gap_expired,0.265214062,343.383174083,Industrials,11.93
1873,FIZZ,2018-11-12,2018-11-12,1,1,False,True,,gap_expired,-0.714819962,40.14874448,Consumer Defensive,20.45
1874,FLEX,2020-06-03,2020-06-03,1,1,False,False,,gap_expired,0.342578831,7.58751631,Technology,25.66
1875,FLEX,2022-07-13,2022-07-13,1,1,False,False,,gap_expired,0.76161121,9.787883583,Technology,26.82
1876,FLEX,2023-01-17,2023-01-17,1,1,False,False,,gap_expired,0.160689007,16.554616073,Technology,19.36
1877,FLGT,2020-09-17,2020-09-17,1,1,False,False,,gap_expired,1.445781123,32.22,Healthcare,26.46
1878,FLGT,2021-12-01,2021-12-01,1,1,False,True,,gap_expired,-0.485369231,84.0,Healthcare,31.12
1879,FLIR,2018-12-17,2018-12-17,1,1,False,True,,gap_expired,-0.025934749,41.23847796,Technology,24.52
1880,FLIR,2020-05-11,2020-05-11,1,1,False,False,,gap_expired,-0.208850566,48.206095855,Technology,27.57
1881,FLIR,2020-08-12,2020-08-12,1,1,False,False,,gap_expired,0.316603226,36.521493712,Technology,22.28
1882,FLIR,2020-10-30,2020-10-30,1,1,False,False,,gap_expired,0.421101676,34.734071046,Technology,38.02
1883,FLNG,2022-10-03,2022-12-23,3,2,False,False,,gap_expired,-0.150700195,22.219380844,Energy,30.1
1884,FLR,2018-01-30,2018-01-30,1,1,False,False,,gap_expired,-0.367314201,57.532781344,Industrials,14.79
1885,FLT,2019-06-05,2019-06-05,1,1,False,False,,gap_expired,-0.029533996,252.0,Consumer Cyclical,16.09
1886,FLUT,2024-08-20,2024-08-20,1,1,False,False,,gap_expired,0.293454367,206.1,Consumer Cyclical,15.88
1887,FLWS,2020-02-04,2020-02-04,1,1,False,False,,gap_expired,0.727282088,15.89,Consumer Cyclical,16.05
1888,FLWS,2022-04-14,2022-04-14,1,1,False,False,,gap_expired,-0.134186601,13.41,Consumer Cyclical,22.7
1889,FMC,2018-03-01,2018-03-01,1,1,False,True,,gap_expired,0.106627736,55.355589608,Basic Materials,22.47
1890,FMC,2018-05-24,2018-05-24,1,1,False,False,,gap_expired,-0.088423438,63.012308843,Basic Materials,12.53
1891,FMC,2018-08-07,2018-09-28,2,1,False,False,,gap_expired,0.142252555,62.024068663,Basic Materials,10.93
1892,FMC,2019-05-07,2019-05-07,1,1,False,True,,gap_expired,0.204635328,64.808818781,Basic Materials,19.32
1893,FMC,2022-03-29,2022-03-29,1,1,False,False,,gap_expired,0.045995959,114.588606443,Basic Materials,18.9
1894,FMC,2023-10-06,2023-10-06,1,1,False,False,,gap_expired,-0.352120035,56.821187975,Basic Materials,17.45
1895,FMS,2024-10-09,2024-10-09,1,1,False,True,,gap_expired,0.242924527,19.472810019,Healthcare,20.86
1896,FND,2018-01-11,2018-01-11,1,1,False,False,,gap_expired,-0.336137346,47.0,Consumer Cyclical,9.88
1897,FND,2023-07-13,2023-07-13,1,1,False,False,,gap_expired,-0.43185993,113.03,Consumer Cyclical,13.61
1898,FNKO,2019-03-06,2019-05-06,4,2,False,False,,gap_expired,-0.725013625,18.71,Consumer Cyclical,15.74
1899,FNKO,2021-03-16,2021-03-16,1,1,False,False,,gap_expired,-0.166875925,18.33,Consumer Cyclical,19.79
1900,FNV,2020-02-20,2020-04-30,4,2,False,False,,gap_expired,-0.187296418,112.257744037,Basic Materials,15.56
1901,FNV,2020-10-07,2020-10-07,1,1,False,False,,gap_expired,-0.290366805,129.280108022,Basic Materials,28.06
1902,FNV,2023-06-01,2023-06-01,1,1,False,False,,gap_expired,-0.463907307,146.238723887,Basic Materials,15.65
1903,FNV,2024-01-11,2024-01-11,1,1,False,False,,gap_expired,-0.066524045,105.864832129,Basic Materials,12.44
1904,FOLD,2018-01-05,2018-01-05,1,1,False,False,,gap_expired,-0.204046016,15.15,Healthcare,9.22
1905,FOUR,2020-10-08,2020-10-08,1,1,False,False,,gap_expired,-0.020812353,54.27,Technology,26.36
1906,FOX,2023-09-18,2023-09-18,1,1,False,False,,gap_expired,0.004883031,28.398360972,Communication Services,14.0
1907,FOXA,2019-05-13,2019-05-13,1,1,False,True,,gap_expired,-0.361251969,34.642672193,Communication Services,20.55
1908,FOXA,2024-04-04,2024-04-04,1,1,False,True,,gap_expired,0.559978276,30.72402269,Communication Services,16.35
1909,FOXA,2024-07-31,2024-07-31,1,1,False,False,,gap_expired,0.30050507,37.652216026,Communication Services,16.36
1910,FOXF,2018-11-05,2018-11-05,1,1,False,False,,gap_expired,-0.159462528,65.17,Consumer Cyclical,19.96
1911,FPI,2022-06-14,2022-06-14,1,1,False,False,,gap_expired,-0.282446101,11.324934503,Real Estate,32.69
1912,FROG,2020-10-19,2020-11-02,2,2,False,False,,gap_expired,-0.884098286,79.66,Technology,29.18
1913,FROG,2021-01-08,2021-01-08,1,1,False,False,,gap_expired,-0.810193243,62.0,Technology,21.56
1914,FROG,2021-04-14,2021-04-14,1,1,False,False,,gap_expired,-0.595325201,52.28,Technology,16.99
1915,FRPT,2020-02-19,2020-02-19,1,1,False,False,,gap_expired,0.929459355,76.53,Consumer Defensive,14.38
1916,FRT,2018-11-01,2018-11-01,1,1,False,False,,gap_expired,-0.032638805,92.699141116,Real Estate,19.34
1917,FRT,2020-08-11,2020-08-11,1,1,False,False,,gap_expired,0.173974788,65.328215014,Real Estate,24.03
1918,FRT,2020-10-29,2020-11-23,2,2,False,True,,gap_expired,0.422658069,55.361286858,Real Estate,37.59
1919,FRT,2021-02-09,2021-03-01,2,1,False,False,,gap_expired,0.182929798,77.949854323,Real Estate,21.63
1920,FRT,2022-08-04,2022-09-27,4,2,False,True,,gap_expired,-0.097744899,90.217887531,Real Estate,21.44
1921,FRT,2022-12-06,2023-02-02,3,1,False,False,,gap_expired,-0.216965965,92.50095542,Real Estate,22.17
1922,FRT,2023-07-18,2023-09-22,4,2,False,True,,gap_expired,-0.09725537,91.119426047,Real Estate,13.3
1923,FRT,2023-11-30,2023-11-30,1,1,False,False,,gap_expired,-0.101087378,86.620926936,Real Estate,12.92
1924,FRT,2024-01-30,2024-01-30,1,1,False,False,,gap_expired,-0.154115989,95.322699901,Real Estate,13.31
1925,FRT,2024-05-08,2024-05-09,2,1,True,False,2024-05-08,gap_expired,-0.163018615,95.019049288,Real Estate,13.0
1926,FSLR,2018-01-11,2018-01-11,1,1,False,False,,gap_expired,-0.339584965,75.56,Technology,9.88
1927,FSLR,2018-04-10,2018-04-10,1,1,False,True,,gap_expired,-0.2557323,70.55,Technology,20.47
1928,FSLR,2019-03-05,2019-03-05,1,1,False,False,,gap_expired,-0.231276199,52.1,Technology,14.74
1929,FSLR,2020-10-20,2020-11-06,3,2,False,True,,gap_expired,-0.096164993,85.47,Technology,29.35
1930,FSLR,2021-06-23,2021-07-12,2,1,False,False,,gap_expired,-0.120036875,86.39,Technology,16.32
1931,FSLR,2023-07-12,2023-11-17,7,3,False,False,,gap_expired,-0.186173108,196.69,Technology,13.54
1932,FSLR,2024-02-23,2024-02-23,1,1,False,False,,gap_expired,-0.179588242,143.16,Technology,13.75
1933,FSLR,2024-04-24,2024-06-03,3,2,False,True,,gap_expired,-0.348789082,176.9,Technology,15.97
1934,FSLR,2024-11-06,2024-11-06,1,1,False,False,,gap_expired,0.190719791,194.75,Technology,16.27
1935,FSLY,2020-05-29,2020-08-03,5,3,False,True,,gap_expired,0.012051233,44.16,Technology,27.51
1936,FSLY,2020-10-14,2020-10-14,1,1,False,False,,gap_expired,-0.797260351,86.62,Technology,26.4
1937,FSLY,2021-01-15,2021-01-15,1,1,False,False,,gap_expired,-0.890971226,90.3,Technology,24.34
1938,FSLY,2021-04-05,2021-04-05,1,1,False,True,,gap_expired,-0.861905379,69.43,Technology,17.91
1939,FTI,2022-04-25,2022-04-25,1,1,False,False,,gap_expired,0.767056692,7.518249471,Energy,27.02
1940,FTI,2022-08-11,2022-08-11,1,1,False,False,,gap_expired,1.024042877,8.558564756,Energy,20.2
1941,FTNT,2018-09-06,2018-09-06,1,1,False,False,,gap_expired,-0.12133817,16.888,Technology,14.65
1942,FTNT,2019-08-01,2019-08-01,1,1,False,False,,gap_expired,0.429441359,17.6,Technology,17.87
1943,FTNT,2020-05-15,2020-05-15,1,1,False,False,,gap_expired,-0.056054531,29.77,Technology,31.89
1944,FTNT,2020-11-06,2020-11-06,1,1,False,True,,gap_expired,1.65944401,23.572,Technology,24.86
1945,FTNT,2022-04-26,2022-04-26,1,1,False,True,,gap_expired,0.014530225,61.316,Technology,33.52
1946,FTNT,2023-05-09,2023-05-09,1,1,False,False,,gap_expired,-0.408207213,66.97,Technology,17.71
1947,FTV,2018-09-12,2018-09-12,1,1,False,True,,gap_expired,-0.24167849,52.42629948,Technology,13.14
1948,FTV,2022-11-16,2022-11-16,1,1,False,False,,gap_expired,-0.154366203,49.094700781,Technology,24.11
1949,FULT,2024-10-11,2024-10-11,1,1,False,False,,gap_expired,-0.176790537,17.077410211,Financial Services,20.46
1950,FVRR,2021-03-15,2021-04-16,2,2,False,True,,gap_expired,-0.842201761,243.04,Communication Services,20.03
1951,FWONA,2023-11-16,2023-11-16,1,1,False,False,,gap_expired,-0.034659041,57.42,Communication Services,14.32
1952,FWONB,2022-04-01,2022-04-01,1,1,False,False,,gap_expired,0.107197347,61.888125049,Communication Services,19.63
1953,FWONB,2023-05-08,2023-05-08,1,1,False,False,,gap_expired,-0.282044004,63.574749863,Communication Services,16.98
1954,FXLV,2021-07-22,2021-07-22,1,1,False,False,,gap_expired,-0.695864882,16.96,Consumer Cyclical,17.69
1955,FXLV,2022-03-23,2022-03-23,1,1,False,False,,gap_expired,-0.797418866,11.99,Consumer Cyclical,23.57
1956,GAP,2020-10-08,2020-11-20,5,2,False,False,,gap_expired,-0.153063211,16.49379102,Consumer Cyclical,26.36
1957,GAP,2021-05-03,2021-10-26,7,4,False,False,,gap_expired,-0.632039853,29.197563419,Consumer Cyclical,18.31
1958,GAP,2024-03-07,2024-05-31,4,4,False,False,,gap_expired,-0.070304388,19.842498798,Consumer Cyclical,14.44
1959,GAP,2024-08-29,2024-08-29,1,1,False,False,,gap_expired,-0.063873403,21.295466164,Consumer Cyclical,15.65
1960,GAP,2024-11-15,2024-11-22,2,2,False,False,,gap_expired,-0.025573801,20.815078658,Consumer Cyclical,16.14
1961,GD,2018-02-02,2018-02-02,1,1,False,False,,gap_expired,-0.217247953,183.822976789,Industrials,17.31
1962,GD,2018-04-17,2018-04-17,1,1,False,False,,gap_expired,-0.288006844,188.117382285,Industrials,15.25
1963,GD,2018-10-17,2018-10-17,1,1,False,False,,gap_expired,-0.161292026,162.56962068,Industrials,17.4
1964,GD,2020-03-13,2020-05-06,3,1,False,True,,gap_expired,-0.240700057,109.85576672,Industrials,57.83
1965,GD,2020-11-03,2020-11-03,1,1,False,False,,gap_expired,0.074309875,123.764742557,Industrials,35.55
1966,GD,2021-09-24,2021-09-24,1,1,False,True,,gap_expired,0.295715714,180.036917341,Industrials,17.75
1967,GD,2022-08-30,2022-08-30,1,1,False,False,,gap_expired,-0.145003345,214.890271944,Industrials,26.21
1968,GD,2023-08-08,2023-10-02,2,1,False,False,,gap_expired,0.126543252,213.9296895,Industrials,15.99
1969,GD,2024-07-17,2024-07-17,1,1,False,False,,gap_expired,-0.097308065,283.009444718,Industrials,14.48
1970,GDDY,2024-08-13,2024-09-11,2,1,False,False,,gap_expired,-0.301180405,160.32,Technology,18.12
1971,GDOT,2018-08-09,2018-08-09,1,1,False,False,,gap_expired,-0.70059783,83.03,Financial Services,11.27
1972,GDRX,2020-01-21,2020-01-21,1,1,False,False,,gap_expired,-0.619737085,43.43,Healthcare,12.85
1973,GDRX,2020-09-23,2020-12-08,3,2,False,False,,gap_expired,-0.503005094,49.12,Healthcare,28.58
1974,GDRX,2021-04-14,2021-04-14,1,1,False,False,,gap_expired,-0.591096353,38.0,Healthcare,16.99
1975,GDRX,2021-07-08,2021-07-08,1,1,False,False,,gap_expired,-0.709369875,33.3,Healthcare,19.0
1976,GDRX,2021-09-24,2021-10-18,2,1,False,False,,gap_expired,-0.718514148,43.92,Healthcare,17.75
1977,GE,2018-05-01,2018-07-09,7,2,False,False,,gap_expired,-0.341376978,64.181536467,Industrials,15.49
1978,GE,2019-01-03,2019-04-08,7,4,False,True,,gap_expired,0.215864434,38.022000365,Industrials,25.45
1979,GE,2019-06-14,2021-11-29,32,17,True,True,2019-07-15,gap_expired,-0.36781172,49.300287565,Industrials,15.28
1980,GE,2022-04-14,2022-04-14,1,1,False,False,,gap_expired,0.436378104,55.627450966,Industrials,22.7
1981,GE,2022-08-17,2022-08-17,1,1,False,True,,gap_expired,0.75982266,48.837106205,Industrials,19.9
1982,GE,2022-11-03,2023-01-25,3,2,False,False,,gap_expired,0.619221384,49.032478814,Industrials,25.3
1983,GE,2023-03-28,2023-08-07,8,3,False,True,,gap_expired,0.545475479,73.927795456,Industrials,19.97
1984,GE,2023-10-26,2023-10-30,2,1,False,False,,gap_expired,0.58395274,86.066534166,Industrials,20.68
1985,GE,2024-01-04,2024-05-03,11,4,False,True,,gap_expired,0.464744417,98.466278284,Industrials,14.13
1986,GE,2024-09-05,2024-10-31,3,1,False,False,,gap_expired,0.533102278,163.070295177,Industrials,19.9
1987,GEHC,2023-03-28,2024-11-15,30,11,True,True,2023-05-22,gap_expired,-0.165384496,76.98266987,Healthcare,19.97
1988,GETY,2023-03-27,2023-05-08,3,2,False,False,,gap_expired,-0.418568186,4.5,Communication Services,20.6
1989,GETY,2024-01-24,2024-01-24,1,1,False,False,,gap_expired,-0.667653289,4.37,Communication Services,13.14
1990,GEV,2024-04-02,2024-12-04,12,7,True,True,2024-04-24,gap_expired,0.920840849,141.859340444,Industrials,14.61
1991,GEVO,2021-06-21,2021-06-21,1,1,False,False,,gap_expired,-0.588255301,7.93,Basic Materials,17.89
1992,GFL,2021-05-19,2021-05-19,1,1,False,False,,gap_expired,-0.065359902,31.602893049,Industrials,22.18
1993,GFL,2023-01-06,2023-01-06,1,1,False,False,,gap_expired,-0.207569167,31.626252094,Industrials,21.13
1994,GFS,2021-10-29,2021-12-02,2,2,False,True,,gap_expired,0.20247928,54.27,Technology,16.26
1995,GFS,2022-05-11,2022-05-11,1,1,False,False,,gap_expired,0.062327805,48.01,Technology,32.56
1996,GFS,2023-07-11,2023-07-11,1,1,False,True,,gap_expired,-0.436193756,65.18,Technology,14.84
1997,GH,2019-03-19,2019-03-19,1,1,False,True,,gap_expired,-0.107996216,91.09,Healthcare,13.56
1998,GH,2019-07-22,2019-07-22,1,1,False,False,,gap_expired,-0.235365183,94.22,Healthcare,13.53
1999,GH,2020-10-09,2020-10-09,1,1,False,False,,gap_expired,-0.310870963,109.37,Healthcare,25.0
2000,GILD,2018-06-22,2018-07-17,2,1,False,True,,gap_expired,-0.106595907,53.147163572,Healthcare,13.77
2001,GILD,2018-09-24,2018-12-10,3,2,False,True,,gap_expired,-0.171464334,57.331519678,Healthcare,12.2
2002,GILD,2020-02-18,2020-04-16,5,2,False,True,,gap_expired,0.033632946,53.297432496,Healthcare,14.83
2003,GILD,2020-12-07,2020-12-07,1,1,False,False,,gap_expired,-0.093185561,49.422385328,Healthcare,21.3
2004,GILT,2021-09-22,2021-09-22,1,1,False,False,,gap_expired,-0.280671123,9.34,Technology,20.87
2005,GIS,2018-01-03,2018-09-07,12,5,False,True,,gap_expired,-0.240894697,43.610485799,Consumer Defensive,9.15
2006,GIS,2018-11-21,2019-04-03,7,4,False,False,,gap_expired,0.049976851,33.418503791,Consumer Defensive,20.8
2007,GIS,2019-07-12,2019-08-30,4,1,False,True,,gap_expired,0.181430548,42.481753988,Consumer Defensive,12.39
2008,GIS,2020-03-13,2020-03-17,2,2,False,False,,gap_expired,-0.429183111,39.96124989,Consumer Defensive,57.83
2009,GIS,2020-06-09,2020-07-01,2,1,False,True,,gap_expired,-0.313055192,51.441764634,Consumer Defensive,27.57
2010,GIS,2020-09-18,2020-09-23,2,1,False,False,,gap_expired,-0.297398062,46.877993751,Consumer Defensive,25.83
2011,GIS,2022-06-24,2022-06-30,3,1,False,False,,gap_expired,-0.017702529,61.435436701,Consumer Defensive,27.23
2012,GIS,2022-09-16,2022-10-27,3,1,False,True,,gap_expired,-0.26674389,66.029778019,Consumer Defensive,26.3
2013,GIS,2023-01-09,2023-01-09,1,1,False,True,,gap_expired,-0.483537845,75.646155582,Consumer Defensive,21.97
2014,GIS,2023-03-31,2023-08-30,6,3,False,True,,gap_expired,-0.422507199,75.957049083,Consumer Defensive,18.7
2015,GIS,2024-03-12,2024-03-22,2,1,False,False,,gap_expired,-0.154823031,60.70579765,Consumer Defensive,13.84
2016,GIS,2024-07-02,2024-07-02,1,1,False,False,,gap_expired,-0.289516175,58.333395406,Consumer Defensive,12.03
2017,GIS,2024-09-14,2024-09-25,2,1,False,False,,gap_expired,-0.497326407,69.721210997,Consumer Defensive,
2018,GLAXF,2021-12-06,2021-12-06,1,1,False,True,,gap_expired,-0.159789687,22.184094147,Healthcare,27.18
2019,GLAXF,2024-02-05,2024-02-05,1,1,False,False,,gap_expired,-0.333076325,18.907491639,Healthcare,13.67
2020,GLD,2018-04-04,2019-02-21,19,5,False,True,,gap_expired,-0.135430513,125.45,ETF,20.06
2021,GLD,2019-05-09,2020-04-14,21,5,False,True,,gap_expired,0.268058393,121.41,ETF,19.1
2022,GLD,2020-11-03,2020-11-03,1,1,False,False,,gap_expired,-0.452136998,178.93,ETF,35.55
2023,GLD,2021-08-02,2021-08-02,1,1,False,False,,gap_expired,0.011941474,169.42,ETF,19.46
2024,GLD,2022-07-13,2022-08-03,2,1,False,False,,gap_expired,-0.08467498,159.02,ETF,26.82
2025,GLD,2023-01-19,2023-01-23,2,1,False,False,,gap_expired,-0.212154438,179.06,ETF,20.52
2026,GLD,2023-08-30,2024-03-15,12,3,False,True,,gap_expired,0.037304232,180.37,ETF,13.88
2027,GLD,2024-06-05,2024-07-01,2,1,False,False,,gap_expired,0.262964901,218.36,ETF,12.63
2028,GLD,2024-09-25,2024-09-27,2,1,False,False,,gap_expired,0.268476503,246.44,ETF,15.41
2029,GLDD,2020-01-31,2020-01-31,1,1,False,False,,gap_expired,0.132259108,10.5,Industrials,18.84
2030,GLDD,2024-06-07,2024-06-07,1,1,False,False,,gap_expired,0.139418947,9.05,Industrials,12.22
2031,GLW,2018-01-29,2018-03-12,2,1,False,True,,gap_expired,0.080949179,25.947138647,Technology,13.84
2032,GLW,2020-11-16,2020-11-16,1,1,False,False,,gap_expired,-0.250694948,31.922020789,Technology,22.45
2033,GLW,2022-02-01,2022-02-01,1,1,False,True,,gap_expired,-0.053694989,37.961458064,Technology,21.96
2034,GM,2018-01-04,2018-01-19,2,1,False,True,,gap_expired,-0.145694012,39.096601918,Consumer Cyclical,9.22
2035,GM,2018-05-02,2018-05-02,1,1,False,True,,gap_expired,-0.036544248,31.941498324,Consumer Cyclical,15.97
2036,GM,2018-07-18,2018-07-18,1,1,False,False,,gap_expired,-0.033434817,35.434219023,Consumer Cyclical,12.1
2037,GM,2020-09-30,2021-10-06,21,10,False,True,,gap_expired,0.495768291,28.48184436,Consumer Cyclical,26.37
2038,GM,2022-03-21,2022-05-05,3,2,False,True,,gap_expired,-0.128879741,42.684153877,Consumer Cyclical,23.53
2039,GM,2022-07-14,2022-08-18,3,2,False,True,,gap_expired,0.01839216,31.115804684,Consumer Cyclical,26.4
2040,GM,2022-11-17,2022-11-17,1,1,False,False,,gap_expired,-0.444106332,38.197900433,Consumer Cyclical,23.93
2041,GM,2023-04-03,2023-05-02,3,2,False,False,,gap_expired,-0.052522165,35.467411678,Consumer Cyclical,18.55
2042,GM,2023-07-10,2023-08-16,2,2,False,True,,gap_expired,-0.056261061,38.547040752,Consumer Cyclical,15.07
2043,GM,2023-11-09,2024-05-21,12,4,False,True,,gap_expired,0.785411965,26.089850505,Consumer Cyclical,15.29
2044,GM,2024-07-23,2024-12-04,8,4,False,False,,gap_expired,0.081155882,44.613621296,Consumer Cyclical,14.72
2045,GMBL,2021-05-07,2021-05-07,1,1,False,False,,gap_expired,-0.91810591,461283.720975,Consumer Cyclical,16.69
2046,GME,2020-09-22,2020-09-22,1,1,False,False,,gap_expired,16.683326236,2.65,Consumer Cyclical,26.86
2047,GME,2021-05-26,2021-06-09,2,2,False,True,,gap_expired,-0.418319487,57.45,Consumer Cyclical,17.36
2048,GNRC,2020-02-10,2020-03-05,2,1,False,False,,gap_expired,1.334158277,110.3,Industrials,15.04
2049,GNRC,2020-08-27,2020-10-20,2,2,False,False,,gap_expired,1.029391448,188.96,Industrials,24.47
2050,GNRC,2021-05-04,2021-07-29,5,2,False,True,,gap_expired,-0.220627413,318.9,Industrials,19.48
2051,GNRC,2021-11-22,2021-11-22,1,1,False,False,,gap_expired,-0.631113326,440.0,Industrials,19.17
2052,GNRC,2022-02-03,2022-02-03,1,1,False,False,,gap_expired,-0.502524485,276.97,Industrials,24.35
2053,GNRC,2022-04-14,2022-10-12,7,4,True,False,2022-04-14,gap_expired,-0.55072423,250.0,Industrials,22.7
2054,GNRC,2023-07-12,2023-07-12,1,1,False,True,,gap_expired,-0.244164341,150.74,Industrials,13.54
2055,GNRC,2023-11-27,2023-12-05,2,2,False,True,,gap_expired,0.362631817,112.05,Industrials,12.69
2056,GNRC,2024-02-14,2024-03-05,2,1,False,False,,gap_expired,-0.04493191,118.84,Industrials,14.38
2057,GNRC,2024-07-18,2024-07-18,1,1,False,True,,gap_expired,-0.189044355,157.11,Industrials,15.93
2058,GNTX,2022-07-07,2022-07-07,1,1,False,False,,gap_expired,-0.085385293,27.029546257,Consumer Cyclical,26.08
2059,GO,2019-11-10,2019-12-06,3,1,False,False,,gap_expired,0.182857572,31.28,Consumer Defensive,
2060,GOGO,2021-11-11,2021-11-11,1,1,False,False,,gap_expired,0.117881164,15.18,Communication Services,17.66
2061,GOLD,2018-04-05,2018-04-05,1,1,False,False,,gap_expired,-0.222968925,4.715127126,Financial Services,18.94
2062,GOLD,2018-08-20,2018-08-20,1,1,False,False,,gap_expired,0.045875081,4.946473606,Financial Services,12.49
2063,GOLD,2018-11-27,2018-12-20,2,1,False,True,,gap_expired,-0.419899588,4.665806663,Financial Services,19.02
2064,GOLF,2018-04-09,2018-04-09,1,1,False,False,,gap_expired,-0.111744231,21.017453999,Consumer Cyclical,21.77
2065,GOLF,2019-10-11,2019-10-11,1,1,False,False,,gap_expired,0.146564349,24.115632305,Consumer Cyclical,15.58
2066,GOLF,2020-08-03,2020-08-03,1,1,False,False,,gap_expired,0.043451338,35.704217806,Consumer Cyclical,24.28
2067,GOLF,2022-04-07,2022-04-07,1,1,False,False,,gap_expired,0.333535551,38.683180368,Consumer Cyclical,21.55
2068,GOLF,2023-08-23,2023-08-23,1,1,False,False,,gap_expired,-0.111057675,55.772883948,Consumer Cyclical,15.98
2069,GOLF,2024-04-10,2024-04-10,1,1,False,False,,gap_expired,-0.05238571,60.561928187,Consumer Cyclical,15.8
2070,GOOG,2020-05-27,2020-05-27,1,1,False,False,,gap_expired,0.321562705,69.323095692,Communication Services,27.62
2071,GOOG,2020-11-04,2020-12-16,2,1,False,False,,gap_expired,0.315456017,88.387036998,Communication Services,29.57
2072,GOOG,2022-04-26,2022-04-26,1,1,False,True,,gap_expired,-0.067546534,113.521520465,Communication Services,33.52
2073,GOOG,2022-08-18,2022-08-18,1,1,False,True,,gap_expired,0.034095948,118.977672736,Communication Services,19.56
2074,GOOG,2022-10-20,2022-10-20,1,1,False,True,,gap_expired,0.244603261,97.726983318,Communication Services,29.98
2075,GOOG,2023-09-22,2023-09-26,2,1,True,False,2023-09-22,gap_expired,-0.096751568,129.796521835,Communication Services,17.2
2076,GOOGL,2018-02-01,2019-09-11,46,10,True,True,2018-03-21,gap_expired,0.028085935,55.94831784,Communication Services,13.47
2077,GOOGL,2020-01-31,2024-12-12,108,30,True,True,2020-02-10,gap_expired,0.110954914,72.534455794,Communication Services,18.84
2078,GOOS,2018-01-09,2018-03-21,3,2,False,True,,gap_expired,0.074456616,32.98,Consumer Cyclical,10.08
2079,GOOS,2018-07-09,2019-02-14,10,5,False,True,,gap_expired,-0.402982489,60.46,Consumer Cyclical,12.69
2080,GOOS,2019-06-13,2019-06-13,1,1,False,False,,gap_expired,-0.439370457,36.33,Consumer Cyclical,15.82
2081,GOOS,2020-02-12,2020-02-12,1,1,False,True,,gap_expired,0.164595156,31.76,Consumer Cyclical,13.74
2082,GPC,2024-10-22,2024-10-22,1,1,False,False,,gap_expired,-0.003304044,109.570240366,Consumer Cyclical,18.2
2083,GPI,2020-10-08,2020-10-08,1,1,False,True,,gap_expired,0.191739881,123.90802992,Consumer Cyclical,26.36
2084,GPN,2018-04-13,2018-06-12,3,1,False,False,,gap_expired,0.14740789,105.294837163,Industrials,17.41
2085,GPN,2019-02-14,2019-02-14,1,1,False,False,,gap_expired,0.452729459,116.508340627,Industrials,16.22
2086,GPN,2019-07-31,2019-07-31,1,1,False,True,,gap_expired,-0.032014846,156.448229854,Industrials,16.12
2087,GPN,2021-06-09,2021-06-09,1,1,False,False,,gap_expired,-0.438626795,184.182864384,Industrials,17.89
2088,GPN,2021-08-09,2021-08-09,1,1,False,False,,gap_expired,-0.286743089,166.599201183,Industrials,16.72
2089,GPN,2021-11-23,2021-11-23,1,1,False,True,,gap_expired,0.04449365,119.895167683,Industrials,19.38
2090,GPRK,2018-07-10,2018-07-10,1,1,False,False,,gap_expired,-0.157227431,15.343816922,Energy,12.64
2091,GPRO,2018-10-19,2018-10-19,1,1,False,False,,gap_expired,-0.519775132,6.64,Technology,19.89
2092,GPRO,2019-02-20,2019-02-20,1,1,False,False,,gap_expired,-0.584259255,6.1,Technology,14.02
2093,GPRO,2019-08-30,2019-08-30,1,1,False,False,,gap_expired,-0.045795202,3.83,Technology,18.98
2094,GRAB,2021-04-19,2021-04-19,1,1,False,False,,gap_expired,-0.843101289,13.36,Technology,17.29
2095,GRAB,2021-07-14,2021-07-14,1,1,False,False,,gap_expired,-0.680869346,11.45,Technology,16.33
2096,GRAB,2022-01-10,2022-01-10,1,1,False,False,,gap_expired,-0.319298234,6.59,Technology,19.4
2097,GRMN,2019-05-02,2019-05-02,1,1,False,True,,gap_expired,0.045641087,67.938623185,Technology,14.42
2098,GRMN,2021-02-12,2021-02-12,1,1,False,True,,gap_expired,-0.192987281,117.840615414,Technology,19.97
2099,GRMN,2022-04-13,2022-04-13,1,1,False,False,,gap_expired,-0.045083848,104.267044859,Technology,21.82
2100,GRMN,2024-02-28,2024-02-28,1,1,False,False,,gap_expired,0.479932184,132.896861331,Technology,13.84
2101,GRMN,2024-09-12,2024-09-12,1,1,False,False,,gap_expired,0.180342759,169.863837383,Technology,17.07
2102,GRPN,2018-05-10,2018-05-10,1,1,False,False,,gap_expired,-0.383138095,102.6,Communication Services,13.23
2103,GRPN,2018-09-28,2018-09-28,1,1,False,True,,gap_expired,-0.331190883,76.2,Communication Services,12.12
2104,GRPN,2021-03-03,2021-03-03,1,1,False,False,,gap_expired,-0.852337755,60.0,Communication Services,26.67
2105,GRWG,2020-08-17,2020-08-18,2,1,False,False,,gap_expired,0.33814604,18.79,Consumer Cyclical,21.35
2106,GRWG,2020-10-20,2021-01-08,4,3,False,True,,gap_expired,1.608020463,18.27,Consumer Cyclical,29.35
2107,GRWG,2021-03-25,2021-03-25,1,1,False,False,,gap_expired,-0.968940146,47.19,Consumer Cyclical,19.81
2108,GRWG,2021-05-25,2021-07-12,3,2,False,False,,gap_expired,-0.841677199,40.1328,Consumer Cyclical,18.84
2109,GS,2018-01-04,2022-07-18,57,21,True,True,2018-04-16,gap_expired,-0.268849041,215.524428867,Financial Services,9.22
2110,GS,2022-12-20,2023-04-04,4,3,False,True,,gap_expired,-0.127014696,322.986186027,Financial Services,21.48
2111,GS,2023-07-10,2023-10-02,6,3,False,False,,gap_expired,0.139517299,300.076778721,Financial Services,15.07
2112,GS,2024-01-17,2024-01-17,1,1,False,True,,gap_expired,-0.042989851,363.90803063,Financial Services,14.79
2113,GS,2024-04-17,2024-05-01,2,1,False,False,,gap_expired,0.105970799,390.731174076,Financial Services,18.21
2114,GS,2024-07-16,2024-07-16,1,1,False,False,,gap_expired,0.002341554,487.625235604,Financial Services,13.19
2115,GS,2024-10-11,2024-12-13,4,2,False,True,,gap_expired,0.343885602,504.796238027,Financial Services,20.46
2116,GSK,2018-04-06,2018-04-26,2,1,False,False,,gap_expired,-0.03609542,28.20862248,Healthcare,21.49
2117,GSK,2018-08-14,2018-08-14,1,1,False,False,,gap_expired,0.006019193,28.933603684,Healthcare,13.31
2118,GSK,2019-01-07,2019-01-16,3,1,False,False,,gap_expired,-0.015480991,27.86823246,Healthcare,21.4
2119,GSK,2019-08-27,2019-10-30,3,2,False,False,,gap_expired,-0.231173097,31.164234365,Healthcare,20.31
2120,GSK,2020-01-13,2020-01-13,1,1,False,True,,gap_expired,-0.335047119,35.724781565,Healthcare,12.32
2121,GSK,2020-05-13,2020-05-13,1,1,False,False,,gap_expired,-0.321108235,32.047696381,Healthcare,35.28
2122,GSK,2021-03-05,2021-03-05,1,1,False,True,,gap_expired,-0.023966453,28.414472901,Healthcare,24.66
2123,GSK,2021-12-20,2021-12-20,1,1,False,False,,gap_expired,0.00027794,36.559296419,Healthcare,22.87
2124,GSK,2023-05-15,2023-05-15,1,1,False,False,,gap_expired,-0.010525681,32.629096528,Healthcare,17.12
2125,GSK,2024-10-09,2024-10-09,1,1,False,False,,gap_expired,-0.018222044,38.193501993,Healthcare,20.86
2126,GT,2021-04-07,2021-05-04,2,1,False,False,,gap_expired,-0.38270573,17.72,Consumer Cyclical,17.16
2127,GT,2021-11-08,2021-11-08,1,1,False,False,,gap_expired,-0.391409141,23.67,Consumer Cyclical,17.22
2128,GT,2022-02-04,2022-02-04,1,1,False,False,,gap_expired,-0.399575202,21.01,Consumer Cyclical,23.22
2129,GT,2023-05-15,2023-05-15,1,1,False,False,,gap_expired,-0.415537026,14.83,Consumer Cyclical,17.12
2130,GTBIF,2018-09-07,2018-09-07,1,1,False,True,,gap_expired,-0.42030136,15.4875,Healthcare,14.88
2131,GTBIF,2020-11-06,2020-11-06,1,1,False,True,,gap_expired,-0.204166189,20.4,Healthcare,24.86
2132,GTLB,2023-07-18,2023-07-18,1,1,False,False,,gap_expired,-0.207876351,52.75,Technology,13.3
2133,GTLB,2024-03-01,2024-03-01,1,1,False,False,,gap_expired,-0.355152346,74.9,Technology,13.11
2134,GTLS,2023-09-19,2023-09-19,1,1,False,False,,gap_expired,-0.59559573,174.52,Industrials,14.11
2135,GTLS,2024-03-26,2024-03-26,1,1,False,False,,gap_expired,-0.210271766,164.87,Industrials,13.24
2136,GTM,2020-06-24,2020-08-12,3,2,False,False,,gap_expired,-0.368962598,50.91,Technology,33.84
2137,GTN,2020-02-07,2020-02-07,1,1,False,False,,gap_expired,-0.327649747,17.31811533,Communication Services,15.47
2138,GTT,2018-05-24,2018-05-24,1,1,False,True,,gap_expired,-0.51026899,46.95,Communication Services,12.53
2139,GWRE,2018-10-05,2018-10-05,1,1,False,False,,gap_expired,0.055249903,96.21,Technology,14.82
2140,GWW,2018-09-12,2018-09-12,1,1,False,False,,gap_expired,-0.079865303,322.414123664,Industrials,13.14
2141,GXO,2021-08-23,2021-08-23,1,1,False,False,,gap_expired,-0.357777575,80.6,Industrials,17.15
2142,GXO,2021-11-01,2021-11-01,1,1,False,False,,gap_expired,-0.446653212,92.71,Industrials,16.41
2143,GXO,2022-05-04,2022-05-04,1,1,False,False,,gap_expired,-0.139491366,62.65,Industrials,25.42
2144,GXO,2022-08-31,2022-10-06,2,2,False,False,,gap_expired,0.243553373,44.25,Industrials,25.87
2145,GXO,2023-10-04,2023-10-04,1,1,False,True,,gap_expired,-0.467299602,55.31,Industrials,18.58
2146,GXO,2024-10-16,2024-10-16,1,1,False,True,,gap_expired,-0.277890546,62.51,Industrials,19.58
2147,HAE,2021-06-30,2021-06-30,1,1,False,False,,gap_expired,0.109231383,66.6,Healthcare,15.83
2148,HAIN,2020-12-08,2020-12-08,1,1,False,False,,gap_expired,-0.249601324,38.0,Consumer Defensive,20.68
2149,HAL,2021-10-19,2021-10-19,1,1,False,False,,gap_expired,0.409169731,23.939212024,Energy,15.7
2150,HAL,2022-03-17,2024-01-24,23,12,True,True,2022-03-17,gap_expired,-0.021068011,33.109246362,Energy,25.67
2151,HAL,2024-07-15,2024-07-15,1,1,False,False,,gap_expired,-0.087552637,33.749839708,Energy,13.12
2152,HAS,2018-02-07,2018-07-23,8,4,False,True,,gap_expired,-0.124530426,76.36954858,Consumer Cyclical,27.73
2153,HAS,2018-10-19,2019-02-20,6,3,False,True,,gap_expired,0.023876885,69.31802934,Consumer Cyclical,19.89
2154,HAS,2019-04-23,2019-04-23,1,1,False,False,,gap_expired,-0.23349827,78.478273856,Consumer Cyclical,12.28
2155,HAS,2019-07-12,2019-11-15,8,3,False,True,,gap_expired,-0.378066825,85.523157792,Consumer Cyclical,12.39
2156,HAS,2022-08-19,2022-08-19,1,1,False,False,,gap_expired,-0.236574722,71.612802384,Consumer Cyclical,20.6
2157,HAS,2023-08-30,2023-08-30,1,1,False,False,,gap_expired,-0.25154904,64.728188893,Consumer Cyclical,13.88
2158,HAS,2024-03-12,2024-03-12,1,1,False,False,,gap_expired,0.080580573,49.133312825,Consumer Cyclical,13.84
2159,HAS,2024-07-02,2024-07-25,2,1,False,False,,gap_expired,0.25535873,53.671818626,Consumer Cyclical,12.03
2160,HAS,2024-09-25,2024-09-25,1,1,False,False,,gap_expired,-0.070245785,68.090832253,Consumer Cyclical,15.41
2161,HAS,2024-12-05,2024-12-05,1,1,False,False,,gap_expired,0.124772945,64.669161478,Consumer Cyclical,13.54
2162,HASI,2019-04-09,2019-04-09,1,1,False,False,,gap_expired,0.022583514,18.582451923,Financial Services,14.28
2163,HASI,2020-02-28,2020-02-28,1,1,False,False,,gap_expired,0.439131042,25.684011886,Financial Services,40.11
2164,HAYW,2022-03-18,2022-03-18,1,1,False,False,,gap_expired,-0.271274521,17.68,Industrials,23.87
2165,HB1,2024-05-31,2024-06-14,2,1,False,False,,gap_expired,-0.429041493,77.995750141,Basic Materials,12.92
2166,HBAN,2018-03-22,2018-03-22,1,1,False,False,,gap_expired,-0.229299616,10.751262727,Financial Services,23.34
2167,HBAN,2019-01-14,2019-01-14,1,1,False,False,,gap_expired,-0.120632964,9.272844723,Financial Services,19.07
2168,HBAN,2022-01-21,2022-01-21,1,1,False,False,,gap_expired,0.08055363,12.580081462,Financial Services,28.85
2169,HBAN,2022-04-21,2022-06-14,2,2,False,False,,gap_expired,-0.144461261,12.080345669,Financial Services,22.68
2170,HBAN,2022-10-21,2022-12-20,2,1,False,False,,gap_expired,-0.443592678,12.585789898,Financial Services,29.69
2171,HBAN,2023-03-14,2023-08-21,6,3,True,True,2023-03-21,gap_expired,-0.03938692,9.311581938,Financial Services,23.73
2172,HBAN,2024-01-19,2024-01-19,1,1,False,False,,gap_expired,0.10105639,11.814415703,Financial Services,13.3
2173,HBAN,2024-07-30,2024-10-10,3,3,True,False,2024-07-30,gap_expired,-0.047529157,14.316319673,Financial Services,17.69
2174,HBIO,2020-03-31,2020-07-21,4,3,False,False,,gap_expired,0.842618125,2.19,Healthcare,53.54
2175,HBIO,2021-05-14,2021-05-18,2,1,False,False,,gap_expired,-0.451625498,7.02,Healthcare,18.81
2176,HCAT,2019-08-08,2019-09-16,3,2,False,True,,gap_expired,-0.386455531,44.87,Healthcare,16.91
2177,HD,2018-01-17,2022-01-21,81,23,True,True,2019-03-06,gap_expired,-0.052321103,164.495908641,Consumer Cyclical,11.91
2178,HD,2022-07-05,2022-11-03,5,2,False,True,,gap_expired,-0.074923238,260.772482857,Consumer Cyclical,27.54
2179,HD,2023-01-09,2023-01-09,1,1,False,True,,gap_expired,-0.090224331,293.072671446,Consumer Cyclical,21.97
2180,HD,2023-03-21,2023-05-17,5,1,False,True,,gap_expired,0.054977648,270.733798417,Consumer Cyclical,21.38
2181,HD,2023-07-20,2023-09-21,5,2,False,True,,gap_expired,-0.087438369,301.803896376,Consumer Cyclical,13.99
2182,HD,2024-01-04,2024-02-28,6,2,False,True,,gap_expired,-0.110212758,321.770091421,Consumer Cyclical,14.13
2183,HD,2024-07-11,2024-12-06,15,4,True,True,2024-10-01,gap_expired,-0.102337623,342.47015856,Consumer Cyclical,12.92
2184,HEI,2018-10-17,2018-10-17,1,1,False,False,,gap_expired,0.282381936,85.454475727,Industrials,17.4
2185,HI,2024-04-04,2024-04-04,1,1,False,False,,gap_expired,-0.562027752,45.538986335,Industrials,16.35
2186,HIG,2021-04-26,2021-04-27,2,1,False,False,,gap_expired,0.034045361,62.217357584,Financial Services,17.64
2187,HIG,2024-06-25,2024-06-25,1,1,False,False,,gap_expired,0.102401888,100.41419714,Financial Services,12.84
2188,HII,2018-05-17,2018-05-17,1,1,False,False,,gap_expired,-0.102220657,187.807571588,Industrials,13.43
2189,HII,2022-05-12,2022-05-12,1,1,False,True,,gap_expired,-0.068435397,187.903363451,Industrials,31.77
2190,HII,2024-03-26,2024-03-26,1,1,False,False,,gap_expired,-0.368886584,280.240230071,Industrials,13.24
2191,HIMS,2024-02-27,2024-02-27,1,1,False,False,,gap_expired,1.914111022,13.19,Healthcare,13.43
2192,HIMS,2024-07-10,2024-07-22,2,1,False,False,,gap_expired,1.288959205,20.93,Healthcare,12.85
2193,HJ1,2018-02-06,2018-02-06,1,1,False,False,,gap_expired,-0.450344684,105.4992244,Energy,29.98
2194,HJ1,2019-05-02,2019-05-02,1,1,False,False,,gap_expired,-0.66892833,57.503124335,Energy,14.42
2195,HL,2024-07-24,2024-07-24,1,1,False,False,,gap_expired,-0.112082579,5.590108551,Basic Materials,18.04
2196,HLI,2018-01-09,2018-01-09,1,1,False,False,,gap_expired,-0.088856645,40.986954134,Financial Services,10.08
2197,HLLY,2022-03-23,2022-03-23,1,1,False,True,,gap_expired,-0.729174496,14.0,Consumer Cyclical,23.57
2198,HLN,2023-11-03,2023-11-14,2,1,False,False,,gap_expired,-0.170809888,7.775465106,Healthcare,14.91
2199,HLT,2023-01-17,2023-01-17,1,1,False,True,,gap_expired,0.139668051,136.370660946,Consumer Cyclical,19.36
2200,HLT,2023-06-05,2023-06-05,1,1,False,True,,gap_expired,0.142991746,141.738687768,Consumer Cyclical,14.73
2201,HLT,2024-11-05,2024-11-05,1,1,False,True,,gap_expired,-0.046823647,244.156013788,Consumer Cyclical,20.49
2202,HMSY,2020-05-11,2020-05-11,1,1,False,False,,gap_expired,-0.182552771,28.73,Healthcare,27.57
2203,HOG,2020-10-27,2020-12-17,2,1,False,False,,gap_expired,-0.326029353,31.618833325,Consumer Cyclical,33.35
2204,HOG,2021-08-18,2021-08-18,1,1,False,False,,gap_expired,0.066538529,36.518387892,Consumer Cyclical,21.57
2205,HOG,2021-11-01,2021-11-01,1,1,False,False,,gap_expired,0.282227108,36.565743115,Consumer Cyclical,16.41
2206,HOLX,2019-08-01,2019-08-01,1,1,False,False,,gap_expired,0.270477672,50.52,Healthcare,17.87
2207,HOLX,2020-11-05,2020-11-05,1,1,False,False,,gap_expired,-0.440308814,77.43,Healthcare,27.58
2208,HOLX,2021-02-03,2021-02-03,1,1,False,False,,gap_expired,-0.294662485,82.7,Healthcare,22.91
2209,HOLX,2022-10-03,2022-10-03,1,1,False,False,,gap_expired,-0.114075408,66.48,Healthcare,30.1
2210,HOLX,2023-10-02,2023-10-02,1,1,False,True,,gap_expired,-0.19860686,68.57,Healthcare,17.61
2211,HOMB,2021-05-10,2021-05-10,1,1,False,False,,gap_expired,-0.209778679,23.910429865,Financial Services,19.66
2212,HON,2018-01-09,2022-03-17,62,23,True,True,2018-01-19,gap_expired,-0.03312805,119.391075157,Industrials,10.08
2213,HON,2022-07-19,2024-12-30,35,14,True,True,2022-07-19,gap_expired,0.033137335,154.634892111,Industrials,24.5
2214,HOOD,2021-08-02,2021-08-03,2,2,False,False,,gap_expired,-0.686770415,37.911,Financial Services,19.46
2215,HOOD,2022-02-01,2022-02-01,1,1,False,False,,gap_expired,-0.170312833,14.59,Financial Services,21.96
2216,HOOD,2024-05-03,2024-05-03,1,1,False,False,,gap_expired,1.953059179,17.63,Financial Services,13.49
2217,HOOD,2024-10-10,2024-12-05,4,4,False,True,,gap_expired,4.040943222,25.75,Financial Services,20.93
2218,HPE,2018-02-27,2018-02-27,1,1,False,False,,gap_expired,-0.149615616,14.79119366,Technology,18.59
2219,HPE,2024-06-13,2024-06-24,2,1,False,False,,gap_expired,-0.113423467,20.872634906,Technology,11.94
2220,HPE,2024-09-16,2024-10-30,3,2,False,False,,gap_expired,-0.091808329,17.265911698,Technology,17.14
2221,HPK,2022-04-12,2022-04-12,1,1,False,False,,gap_expired,-0.059020288,25.551943499,Energy,24.26
2222,HPK,2022-07-05,2022-07-05,1,1,False,False,,gap_expired,-0.653789375,23.528136302,Energy,27.54
2223,HPK,2023-01-18,2023-01-18,1,1,False,False,,gap_expired,-0.731485951,24.525626704,Energy,20.34
2224,HPK,2023-07-25,2023-07-25,1,1,False,False,,gap_expired,-0.052184241,14.047958977,Energy,13.86
2225,HPK,2024-04-03,2024-04-03,1,1,False,False,,gap_expired,-0.41683693,15.685899129,Energy,14.33
2226,HPQ,2018-01-23,2018-09-27,8,4,False,False,,gap_expired,-0.005604217,18.334615769,Technology,11.1
2227,HPQ,2018-12-11,2019-01-29,2,1,False,False,,gap_expired,-0.200867051,17.852165845,Technology,21.76
2228,HPQ,2019-06-20,2019-06-20,1,1,False,False,,gap_expired,-0.124133342,16.646444932,Technology,14.75
2229,HPQ,2020-02-20,2020-05-13,3,3,False,True,,gap_expired,0.071420996,18.34853498,Technology,15.56
2230,HPQ,2020-08-27,2020-08-27,1,1,False,False,,gap_expired,0.276291557,15.98258579,Technology,24.47
2231,HPQ,2021-11-23,2021-11-23,1,1,False,False,,gap_expired,0.036518179,29.24546839,Technology,19.38
2232,HPQ,2022-01-26,2022-05-31,4,2,False,True,,gap_expired,-0.102871497,31.176858852,Technology,31.96
2233,HPQ,2022-11-22,2022-11-22,1,1,False,False,,gap_expired,-0.140124673,25.784392117,Technology,21.29
2234,HPQ,2023-05-30,2023-05-30,1,1,False,False,,gap_expired,-0.008402631,26.84821689,Technology,17.46
2235,HPQ,2024-01-18,2024-01-23,2,1,False,False,,gap_expired,-0.094260139,26.621806733,Technology,14.13
2236,HPQ,2024-06-10,2024-06-10,1,1,False,False,,gap_expired,-0.441722461,33.787908029,Technology,12.74
2237,HQY,2019-05-07,2019-05-07,1,1,False,False,,gap_expired,-0.225620666,70.02,Healthcare,19.32
2238,HR,2022-03-18,2022-03-18,1,1,False,False,,gap_expired,-0.012646319,16.761731596,Real Estate,23.87
2239,HRL,2018-01-03,2018-01-18,2,1,False,True,,gap_expired,0.240399435,28.883654316,Consumer Defensive,9.15
2240,HRL,2018-12-20,2018-12-20,1,1,False,False,,gap_expired,-0.244122502,35.04177056,Consumer Defensive,28.38
2241,HRL,2019-10-04,2019-10-10,2,1,False,False,,gap_expired,-0.018412662,36.187817662,Consumer Defensive,17.04
2242,HRL,2020-02-11,2020-05-15,6,3,False,True,,gap_expired,-0.131345427,41.37740052,Consumer Defensive,15.18
2243,HRL,2020-11-20,2020-11-20,1,1,False,False,,gap_expired,-0.445489106,42.621279145,Consumer Defensive,23.7
2244,HRL,2021-03-19,2021-03-19,1,1,False,True,,gap_expired,-0.090677879,40.931959786,Consumer Defensive,20.95
2245,HRL,2021-12-09,2021-12-09,1,1,False,False,,gap_expired,0.203140131,39.349253059,Consumer Defensive,21.58
2246,HRL,2022-08-30,2022-08-30,1,1,False,False,,gap_expired,-0.372301845,44.98089705,Consumer Defensive,26.21
2247,HRL,2022-11-30,2022-11-30,1,1,False,True,,gap_expired,-0.440187921,41.795236403,Consumer Defensive,20.58
2248,HRL,2023-09-08,2023-09-08,1,1,False,False,,gap_expired,-0.380347939,33.676492585,Consumer Defensive,13.84
2249,HRL,2023-12-04,2023-12-04,1,1,False,False,,gap_expired,-0.279058708,29.059615553,Consumer Defensive,13.08
2250,HRL,2024-02-29,2024-02-29,1,1,False,False,,gap_expired,-0.316030732,32.596644901,Consumer Defensive,13.4
2251,HRL,2024-05-30,2024-06-07,2,1,False,False,,gap_expired,-0.114663682,28.573087583,Consumer Defensive,14.47
2252,HSIC,2018-08-22,2018-08-22,1,1,False,False,,gap_expired,-0.080028625,64.108398084,Healthcare,12.25
2253,HSIC,2023-01-12,2023-01-12,1,1,False,False,,gap_expired,-0.303302113,79.34,Healthcare,18.83
2254,HST,2023-08-22,2023-08-22,1,1,False,False,,gap_expired,-0.143038304,13.838073595,Real Estate,16.97
2255,HSY,2018-10-12,2018-10-12,1,1,False,True,,gap_expired,0.070206724,88.584193579,Consumer Defensive,21.31
2256,HSY,2019-07-23,2019-07-23,1,1,False,False,,gap_expired,0.10832183,126.121073342,Consumer Defensive,12.61
2257,HSY,2022-04-11,2022-04-11,1,1,False,False,,gap_expired,0.217873837,203.848546227,Consumer Defensive,24.37
2258,HSY,2022-08-18,2022-08-18,1,1,False,True,,gap_expired,-0.105982151,212.288904576,Consumer Defensive,19.56
2259,HSY,2023-02-03,2023-02-03,1,1,False,True,,gap_expired,-0.397915367,218.572764624,Consumer Defensive,18.33
2260,HSY,2023-04-21,2023-04-21,1,1,False,False,,gap_expired,-0.508233141,242.09496413,Consumer Defensive,16.77
2261,HSY,2023-08-22,2023-08-22,1,1,False,False,,gap_expired,-0.356759487,200.419730834,Consumer Defensive,16.97
2262,HSY,2023-11-28,2024-01-02,2,2,True,False,2024-01-02,gap_expired,-0.371578067,176.851089768,Consumer Defensive,12.69
2263,HTLF,2024-05-02,2024-05-02,1,1,False,True,,gap_expired,0.241173035,42.570239782,Financial Services,14.68
2264,HTZ,2022-02-25,2022-07-26,5,3,False,True,,gap_expired,-0.019418608,20.24,Industrials,27.59
2265,HTZ,2022-10-07,2023-04-04,6,4,True,False,2023-01-03,gap_expired,-0.556825738,17.22,Industrials,31.36
2266,HTZ,2024-01-16,2024-03-05,2,2,False,False,,gap_expired,-0.670810674,8.17,Industrials,13.84
2267,HTZ,2024-05-14,2024-05-14,1,1,False,True,,gap_expired,-0.517455394,6.06,Industrials,13.42
2268,HUBB,2023-06-13,2023-06-13,1,1,False,False,,gap_expired,-0.057381508,305.683343864,Industrials,14.61
2269,HUBB,2024-07-17,2024-08-13,2,1,False,False,,gap_expired,0.027578548,364.74146586,Industrials,14.48
2270,HUBS,2018-09-12,2018-09-12,1,1,False,False,,gap_expired,-0.030868956,159.75,Technology,13.14
2271,HUBS,2019-09-16,2019-11-04,3,1,False,True,,gap_expired,0.532687066,164.5,Technology,14.67
2272,HUBS,2020-02-10,2020-02-10,1,1,False,False,,gap_expired,1.107591321,184.94,Technology,15.04
2273,HUBS,2021-02-24,2021-02-24,1,1,False,False,,gap_expired,-0.098063923,517.95,Technology,21.34
2274,HUBS,2023-07-17,2023-07-17,1,1,False,False,,gap_expired,-0.379157695,556.69,Technology,13.48
2275,HUBS,2023-11-14,2023-11-14,1,1,False,False,,gap_expired,0.162542618,457.02,Technology,14.16
2276,HUBS,2024-12-06,2024-12-06,1,1,False,True,,gap_expired,-0.627631441,744.23,Technology,12.77
2277,HUM,2018-08-13,2018-08-13,1,1,False,False,,gap_expired,-0.121765798,304.273407944,Healthcare,14.78
2278,HUM,2018-11-06,2018-11-06,1,1,False,False,,gap_expired,-0.180802811,315.218000125,Healthcare,19.91
2279,HUM,2019-07-11,2019-07-11,1,1,False,True,,gap_expired,0.297304871,265.771070821,Healthcare,12.93
2280,HUM,2019-11-06,2019-11-06,1,1,False,False,,gap_expired,0.284953318,290.633205586,Healthcare,12.62
2281,HUM,2020-11-04,2020-11-04,1,1,False,False,,gap_expired,-0.368272956,438.719780426,Healthcare,29.57
2282,HUM,2021-05-17,2021-05-25,2,1,False,False,,gap_expired,-0.008841568,430.348375052,Healthcare,19.72
2283,HUM,2021-10-29,2021-10-29,1,1,False,False,,gap_expired,0.351502106,446.710238074,Healthcare,16.26
2284,HUM,2022-06-13,2023-11-29,18,7,True,False,2022-07-26,gap_expired,-0.093133281,408.403185241,Healthcare,34.02
2285,HWC,2022-08-03,2022-08-03,1,1,False,False,,gap_expired,-0.153791041,43.639688577,Financial Services,21.95
2286,HWKN,2024-02-09,2024-02-09,1,1,False,False,,gap_expired,0.550779945,62.769972405,Basic Materials,12.93
2287,HWM,2022-04-14,2022-04-14,1,1,False,False,,gap_expired,0.261658867,34.989143292,Industrials,22.7
2288,HWM,2022-11-21,2022-11-21,1,1,False,False,,gap_expired,0.228269325,37.254782728,Industrials,22.36
2289,HWM,2024-01-09,2024-01-09,1,1,False,False,,gap_expired,0.85086237,54.655767485,Industrials,12.76
2290,HWM,2024-07-30,2024-07-30,1,1,False,False,,gap_expired,0.761189496,93.926443414,Industrials,17.69
2291,HWM,2024-10-10,2024-10-10,1,1,False,True,,gap_expired,0.718542303,101.757539556,Industrials,20.93
2292,HYFM,2021-05-03,2021-05-17,2,1,False,False,,gap_expired,-0.867101065,646.4,Industrials,18.31
2293,HYLN,2020-12-22,2020-12-22,1,1,False,False,,gap_expired,-0.920285371,17.86,Consumer Cyclical,24.23
2294,HYLN,2021-03-31,2021-05-20,2,2,False,True,,gap_expired,-0.756169871,11.29,Consumer Cyclical,19.4
2295,IAC,2018-08-16,2018-08-16,1,1,False,False,,gap_expired,0.304047882,33.584695243,Communication Services,13.45
2296,IAC,2019-02-07,2019-02-07,1,1,False,True,,gap_expired,-0.169599649,38.424366587,Communication Services,16.37
2297,IAC,2019-05-17,2019-05-17,1,1,False,False,,gap_expired,0.062820314,41.659184527,Communication Services,15.96
2298,IAC,2019-08-20,2019-08-20,1,1,False,False,,gap_expired,0.338957344,45.680277133,Communication Services,17.5
2299,IAC,2019-10-24,2019-10-24,1,1,False,False,,gap_expired,0.541563005,40.481374563,Communication Services,13.71
2300,IAC,2020-03-16,2020-03-16,1,1,False,False,,gap_expired,3.143780881,27.116877133,Communication Services,82.69
2301,IAC,2022-11-04,2022-11-04,1,1,False,False,,gap_expired,-0.200219833,37.71121722,Communication Services,24.55
2302,IBB,2018-01-25,2018-01-25,1,1,False,False,,gap_expired,-0.024664154,114.615960917,ETF,11.58
2303,IBB,2018-04-03,2018-04-03,1,1,False,False,,gap_expired,-0.021739364,99.224196118,ETF,21.1
2304,IBB,2019-03-15,2019-03-15,1,1,False,False,,gap_expired,-0.020976008,112.043246596,ETF,12.88
2305,IBKR,2018-07-09,2018-07-09,1,1,False,False,,gap_expired,-0.247976052,15.440661911,Financial Services,12.69
2306,IBKR,2024-04-02,2024-04-02,1,1,False,False,,gap_expired,0.284922228,28.598331393,Financial Services,14.61
2307,IBM,2018-01-18,2018-01-23,2,1,False,False,,gap_expired,-0.178620596,110.258392021,Technology,12.22
2308,IBM,2018-04-13,2018-04-13,1,1,False,False,,gap_expired,-0.145888935,106.963702855,Technology,17.41
2309,IBM,2018-07-06,2018-11-05,6,3,False,False,,gap_expired,-0.068799443,97.609089748,Technology,13.37
2310,IBM,2019-01-15,2019-08-26,15,4,False,True,,gap_expired,-0.103419854,85.197369923,Technology,18.6
2311,IBM,2020-01-21,2020-07-28,11,3,False,True,,gap_expired,-0.211362783,105.248713828,Technology,12.85
2312,IBM,2020-10-14,2021-01-05,3,2,False,True,,gap_expired,-0.090008321,94.527619357,Technology,26.4
2313,IBM,2021-04-27,2021-07-20,4,2,False,True,,gap_expired,0.02500845,111.935343747,Technology,17.56
2314,IBM,2021-09-21,2021-10-18,3,1,False,True,,gap_expired,0.159081882,107.119225352,Technology,24.36
2315,IBM,2021-12-21,2022-01-07,2,1,False,False,,gap_expired,0.309712386,109.585119478,Technology,21.01
2316,IBM,2022-04-14,2022-04-14,1,1,False,False,,gap_expired,0.08335517,108.791111662,Technology,22.7
2317,IBM,2022-06-14,2022-06-14,1,1,False,False,,gap_expired,-0.12592883,118.295258133,Technology,32.69
2318,IBM,2022-10-20,2023-01-20,5,2,False,False,,gap_expired,-0.051349828,113.074624722,Technology,29.98
2319,IBM,2023-10-27,2024-02-05,5,3,False,True,,gap_expired,0.066340068,132.448491178,Technology,21.27
2320,IBM,2024-08-07,2024-12-13,6,4,False,True,,gap_expired,0.056718319,178.757755313,Technology,27.85
2321,IBN,2024-07-29,2024-07-29,1,1,False,False,,gap_expired,0.028967629,28.253598343,Financial Services,16.6
2322,IBP,2018-07-06,2018-07-06,1,1,False,False,,gap_expired,-0.103950546,52.158955033,Consumer Cyclical,13.37
2323,IBP,2024-07-24,2024-07-24,1,1,False,False,,gap_expired,-0.331724677,240.458737805,Consumer Cyclical,18.04
2324,IBRX,2021-07-07,2021-07-07,1,1,False,False,,gap_expired,-0.520345035,11.98,Healthcare,16.2
2325,ICE,2019-08-19,2019-08-19,1,1,False,False,,gap_expired,-0.048744113,85.424199949,Financial Services,16.88
2326,ICE,2020-03-25,2020-03-25,1,1,False,False,,gap_expired,-0.0874764,70.093037569,Financial Services,63.95
2327,ICL,2022-09-01,2022-09-16,2,2,False,False,,gap_expired,-0.441139572,7.827021011,Basic Materials,25.56
2328,ICLR,2022-07-28,2022-07-28,1,1,False,False,,gap_expired,-0.094326357,238.74,Healthcare,22.33
2329,IDCC,2020-02-11,2020-02-11,1,1,False,False,,gap_expired,-0.157687275,62.889178472,Technology,15.18
2330,IDCC,2023-03-30,2023-03-30,1,1,False,False,,gap_expired,0.038331808,69.865822052,Technology,19.02
2331,IDCC,2023-12-04,2023-12-04,1,1,False,False,,gap_expired,0.576080991,98.984632294,Technology,13.08
2332,IDCC,2024-11-08,2024-11-08,1,1,False,True,,gap_expired,0.759480532,182.255905457,Technology,14.94
2333,IDXX,2018-02-01,2018-05-11,6,3,False,True,,gap_expired,0.081065595,193.53,Healthcare,13.47
2334,IDXX,2018-07-31,2019-05-22,13,6,True,True,2018-08-08,gap_expired,0.03725187,244.93,Healthcare,12.83
2335,IDXX,2019-10-30,2019-10-30,1,1,False,False,,gap_expired,0.465955533,272.25,Healthcare,12.33
2336,IDXX,2020-11-11,2020-11-11,1,1,False,True,,gap_expired,0.034120325,459.62,Healthcare,23.45
2337,IDXX,2021-09-14,2021-09-14,1,1,False,False,,gap_expired,-0.360335487,660.62,Healthcare,19.46
2338,IDXX,2023-10-09,2023-10-09,1,1,False,True,,gap_expired,-0.289775727,446.93,Healthcare,17.7
2339,IDXX,2024-12-17,2024-12-17,1,1,False,False,,gap_expired,0.495682517,426.37,Healthcare,15.87
2340,IEP,2023-07-10,2023-07-10,1,1,False,False,,gap_expired,-0.693325603,20.935831975,Energy,15.07
2341,IESC,2024-09-10,2024-11-18,3,2,False,False,,gap_expired,1.252827447,149.55,Industrials,19.08
2342,IFF,2018-05-21,2018-05-22,2,1,False,False,,gap_expired,0.053338921,102.832992397,Basic Materials,13.08
2343,IFF,2018-10-11,2018-10-11,1,1,False,False,,gap_expired,-0.197875496,111.626658767,Basic Materials,24.98
2344,IFF,2019-02-13,2019-02-13,1,1,False,False,,gap_expired,-0.243922489,114.236083516,Basic Materials,15.65
2345,IFF,2019-06-17,2019-06-17,1,1,False,True,,gap_expired,-0.201487907,123.988860978,Basic Materials,15.35
2346,IFF,2020-08-24,2020-08-24,1,1,False,False,,gap_expired,-0.074859583,107.159214903,Basic Materials,22.37
2347,IFF,2020-11-06,2020-11-06,1,1,False,False,,gap_expired,0.07189334,99.11085395,Basic Materials,24.86
2348,IFF,2022-08-11,2022-08-11,1,1,False,False,,gap_expired,-0.519785818,110.980153507,Basic Materials,20.2
2349,IIPR,2019-08-08,2019-08-08,1,1,False,False,,gap_expired,0.013215283,65.62091858,Real Estate,16.91
2350,IIPR,2020-07-17,2020-07-17,1,1,False,False,,gap_expired,0.908791844,62.735281529,Real Estate,25.68
2351,IIPR,2020-10-20,2020-11-19,3,2,False,True,,gap_expired,0.703920014,86.547436382,Real Estate,29.35
2352,IIPR,2021-04-16,2021-05-06,2,1,False,True,,gap_expired,-0.159310979,125.712044369,Real Estate,16.25
2353,IIPR,2021-09-17,2021-11-09,2,2,False,False,,gap_expired,-0.46053608,156.509343166,Real Estate,20.81
2354,IIPR,2022-03-02,2022-04-14,2,2,False,True,,gap_expired,-0.46194515,133.892505155,Real Estate,30.74
2355,ILMN,2018-01-16,2018-01-16,1,1,False,False,,gap_expired,0.304439624,237.821013161,Healthcare,11.66
2356,ILMN,2018-07-17,2018-08-13,2,1,False,False,,gap_expired,-0.120446683,297.188710175,Healthcare,12.06
2357,ILMN,2019-02-11,2019-02-11,1,1,False,False,,gap_expired,-0.242979796,279.951317285,Healthcare,15.97
2358,ILMN,2020-07-22,2020-07-22,1,1,False,False,,gap_expired,-0.114768,384.727601181,Healthcare,24.32
2359,ILMN,2020-10-09,2020-10-09,1,1,False,False,,gap_expired,-0.072124763,331.770393598,Healthcare,25.0
2360,ILMN,2021-12-07,2022-01-05,2,1,False,False,,gap_expired,-0.286634394,358.122568493,Healthcare,21.89
2361,ILMN,2023-04-27,2023-04-27,1,1,False,False,,gap_expired,-0.468986668,198.112850871,Healthcare,17.03
2362,IMCR,2023-04-21,2023-04-21,1,1,False,False,,gap_expired,-0.300387297,61.93,Healthcare,16.77
2363,IMGN,2023-05-04,2023-05-04,1,1,False,False,,gap_expired,0.088923835,13.34,Healthcare,20.09
2364,IMUX,2019-01-14,2019-01-14,1,1,False,True,,gap_expired,-0.319963162,9.6,Healthcare,19.07
2365,INCY,2018-01-05,2018-01-05,1,1,False,False,,gap_expired,-0.2203531,99.4,Healthcare,9.22
2366,INCY,2019-12-06,2019-12-06,1,1,False,True,,gap_expired,-0.324208325,94.6,Healthcare,13.62
2367,INCY,2021-12-21,2021-12-21,1,1,False,False,,gap_expired,0.264818929,73.69,Healthcare,21.01
2368,INCY,2022-12-15,2022-12-15,1,1,False,False,,gap_expired,-0.493860954,81.7,Healthcare,22.83
2369,INCY,2023-07-18,2023-07-18,1,1,False,True,,gap_expired,-0.165438722,62.26,Healthcare,13.3
2370,INDI,2021-03-31,2021-03-31,1,1,False,False,,gap_expired,-0.437259251,10.98,Technology,19.4
2371,INFA,2022-04-25,2022-04-25,1,1,False,False,,gap_expired,-0.273453204,21.59,Energy,27.02
2372,INFY,2020-04-24,2020-04-24,1,1,False,False,,gap_expired,0.602475242,7.639484886,Technology,35.93
2373,INFY,2024-02-29,2024-02-29,1,1,False,False,,gap_expired,-0.121036729,18.79160182,Technology,13.4
2374,INGN,2019-05-03,2019-05-03,1,1,False,False,,gap_expired,-0.428319143,91.0,Healthcare,12.87
2375,INMD,2019-10-11,2019-10-11,1,1,False,False,,gap_expired,0.409860145,12.9,Healthcare,15.58
2376,INMD,2019-12-20,2020-03-19,4,3,False,True,,gap_expired,-0.045574063,21.24,Healthcare,12.51
2377,INMD,2021-04-08,2021-04-08,1,1,False,False,,gap_expired,-0.236013251,40.35,Healthcare,16.95
2378,INMD,2021-09-28,2021-09-28,1,1,False,False,,gap_expired,-0.481596984,78.65,Healthcare,23.25
2379,INMD,2022-01-11,2022-01-21,2,2,False,False,,gap_expired,-0.312411317,59.856,Healthcare,18.41
2380,INMD,2022-03-28,2022-03-28,1,1,False,False,,gap_expired,-0.087329972,39.15,Healthcare,19.63
2381,INMD,2023-03-30,2023-05-22,5,2,False,True,,gap_expired,-0.650864102,31.66,Healthcare,19.02
2382,INO,2020-03-16,2020-03-16,1,1,False,False,,gap_expired,0.011196539,81.84,Healthcare,82.69
2383,INSG,2020-05-12,2021-01-15,9,4,False,True,,gap_expired,-0.756116925,106.4,Technology,33.04
2384,INSG,2021-04-22,2021-04-22,1,1,False,True,,gap_expired,-0.708799862,89.7,Technology,18.71
2385,INSP,2019-03-13,2019-03-13,1,1,False,False,,gap_expired,0.193904529,55.85,Healthcare,13.41
2386,INTC,2018-01-17,2018-06-21,13,3,False,True,,gap_expired,0.164236787,37.275037783,Technology,11.91
2387,INTC,2018-12-14,2019-02-06,6,1,False,False,,gap_expired,0.035123675,41.190808645,Technology,21.63
2388,INTC,2019-04-24,2019-04-24,1,1,False,True,,gap_expired,-0.129714967,50.494114765,Technology,13.14
2389,INTC,2019-07-02,2019-07-02,1,1,False,False,,gap_expired,0.174666199,41.984619994,Technology,12.93
2390,INTC,2020-06-23,2020-07-27,2,2,False,True,,gap_expired,-0.187374353,53.167611643,Technology,31.37
2391,INTC,2020-11-11,2020-11-11,1,1,False,True,,gap_expired,-0.213765761,41.704188251,Technology,23.45
2392,INTC,2021-04-16,2021-04-16,1,1,False,False,,gap_expired,-0.225676661,58.847105624,Technology,16.25
2393,INTC,2021-11-16,2021-11-16,1,1,False,False,,gap_expired,0.016419335,46.929762295,Technology,16.37
2394,INTC,2022-03-24,2022-03-24,1,1,False,False,,gap_expired,-0.272639218,47.371433366,Technology,21.67
2395,INTC,2022-06-01,2022-06-01,1,1,False,False,,gap_expired,-0.312356781,41.623353327,Technology,25.69
2396,INTC,2023-05-01,2023-05-01,1,1,False,False,,gap_expired,0.014605377,29.57359389,Technology,16.08
2397,INTC,2023-07-11,2023-07-11,1,1,False,False,,gap_expired,-0.234003861,33.016993164,Technology,14.84
2398,INTC,2023-11-21,2024-01-17,3,1,False,True,,gap_expired,-0.469409722,43.448142581,Technology,13.35
2399,INTC,2024-11-14,2024-11-14,1,1,True,False,2024-11-14,gap_expired,-0.200845374,24.81,Technology,14.31
2400,INTU,2018-05-24,2018-10-11,7,2,False,True,,gap_expired,0.233927612,187.394733686,Technology,12.53
2401,INTU,2019-02-15,2019-02-28,2,1,False,True,,gap_expired,0.072578159,223.181096063,Technology,14.91
2402,INTU,2019-11-20,2019-11-20,1,1,False,False,,gap_expired,0.10613962,264.580130636,Technology,12.78
2403,INTU,2020-05-26,2020-05-26,1,1,False,True,,gap_expired,0.161996949,273.426689466,Technology,28.01
2404,INTU,2020-08-26,2020-08-26,1,1,False,False,,gap_expired,0.351372899,330.671839366,Technology,23.27
2405,INTU,2021-05-21,2021-07-06,2,2,False,False,,gap_expired,-0.113810135,426.143371046,Technology,20.15
2406,INTU,2021-09-13,2022-01-26,6,4,True,True,2022-01-04,gap_expired,-0.116988063,549.766242079,Technology,19.37
2407,INTU,2022-05-31,2022-05-31,1,1,False,True,,gap_expired,-0.016159677,409.751003355,Technology,26.19
2408,INTU,2022-09-19,2022-09-19,1,1,False,False,,gap_expired,0.071690111,410.283868009,Technology,25.76
2409,INTU,2023-03-08,2023-03-08,1,1,False,True,,gap_expired,0.266190331,410.65473451,Technology,19.11
2410,INTU,2023-08-17,2023-08-17,1,1,False,False,,gap_expired,0.091600866,472.229326476,Technology,17.89
2411,INTU,2024-11-26,2024-11-26,1,1,False,False,,gap_expired,-0.139500212,628.596694201,Technology,14.1
2412,IOT,2023-06-05,2023-06-08,2,1,False,False,,gap_expired,0.008489699,27.24,Technology,14.73
2413,IOT,2023-09-22,2023-09-22,1,1,False,True,,gap_expired,0.820540266,22.79,Technology,17.2
2414,IOT,2024-03-25,2024-03-25,1,1,False,False,,gap_expired,-0.081418271,39.0,Technology,13.19
2415,IOT,2024-12-02,2024-12-02,1,1,False,False,,gap_expired,-0.296539107,52.97,Technology,13.34
2416,IOVA,2018-06-13,2018-06-13,1,1,False,False,,gap_expired,0.533327746,13.8,Healthcare,12.94
2417,IOVA,2019-09-13,2019-09-13,1,1,False,False,,gap_expired,0.485146366,21.75,Healthcare,13.74
2418,IOVA,2023-05-25,2023-05-25,1,1,False,False,,gap_expired,-0.079852221,7.7,Healthcare,19.14
2419,IP,2018-02-08,2018-02-08,1,1,False,False,,gap_expired,-0.245142665,40.52649762,Consumer Cyclical,33.46
2420,IP,2018-04-19,2018-04-19,1,1,False,False,,gap_expired,-0.283233479,38.434381055,Consumer Cyclical,15.96
2421,IP,2018-10-25,2018-10-25,1,1,False,True,,gap_expired,-0.178104147,30.84867993,Consumer Cyclical,24.22
2422,IP,2019-03-05,2019-03-05,1,1,False,False,,gap_expired,-0.3110898,32.784436523,Consumer Cyclical,14.74
2423,IP,2020-03-27,2020-03-27,1,1,False,True,,gap_expired,0.233891856,21.804275019,Consumer Cyclical,65.54
2424,IP,2020-09-22,2020-10-08,2,1,False,True,,gap_expired,0.058651521,29.059846888,Consumer Cyclical,26.86
2425,IP,2022-03-02,2022-03-02,1,1,False,False,,gap_expired,0.089138807,35.746547297,Consumer Cyclical,30.74
2426,IPGLF,2019-08-12,2019-08-12,1,1,False,False,,gap_expired,-0.253928826,31.605899995,Industrials,21.09
2427,IPGLF,2020-12-02,2020-12-02,1,1,False,False,,gap_expired,-0.25397375,29.779299987,Industrials,21.17
2428,IPGP,2022-01-03,2022-01-03,1,1,False,False,,gap_expired,-0.230772878,174.28,Technology,16.6
2429,IQ,2020-02-12,2020-02-12,1,1,False,False,,gap_expired,-0.083473935,26.5,Communication Services,13.74
2430,IR,2018-04-23,2018-04-23,1,1,False,False,,gap_expired,-0.176641162,26.949434773,Industrials,16.34
2431,IR,2018-07-30,2018-07-30,1,1,False,False,,gap_expired,0.158982069,23.398725333,Industrials,14.26
2432,IR,2020-10-19,2020-10-19,1,1,False,False,,gap_expired,0.114150113,36.752423371,Industrials,29.18
2433,IR,2023-03-08,2023-03-08,1,1,False,False,,gap_expired,0.205510661,59.425599652,Industrials,19.11
2434,IR,2024-02-09,2024-02-09,1,1,False,True,,gap_expired,-0.15187288,85.582102759,Industrials,12.93
2435,IR,2024-06-03,2024-06-03,1,1,False,True,,gap_expired,-0.22733169,89.793952482,Industrials,13.11
2436,IRDM,2018-11-27,2018-11-27,1,1,False,False,,gap_expired,-0.192429921,22.098873424,Communication Services,19.02
2437,IRDM,2019-03-22,2019-05-20,2,2,False,True,,gap_expired,-0.087292957,25.643341085,Communication Services,16.48
2438,IRDM,2019-11-18,2019-11-18,1,1,False,False,,gap_expired,0.091290641,23.932502892,Communication Services,12.46
2439,IRDM,2020-02-05,2020-02-05,1,1,False,True,,gap_expired,0.709829867,26.938212027,Communication Services,15.15
2440,IRDM,2022-10-12,2022-10-12,1,1,False,False,,gap_expired,-0.325403353,43.337481531,Communication Services,33.57
2441,IRDM,2023-09-18,2023-09-18,1,1,False,False,,gap_expired,-0.736397863,47.679011869,Communication Services,14.0
2442,IRM,2018-05-07,2018-07-19,3,2,False,True,,gap_expired,-0.13318963,22.330461144,Real Estate,14.75
2443,IRM,2019-03-04,2019-03-04,1,1,False,False,,gap_expired,-0.152247085,24.326369757,Real Estate,14.63
2444,IRM,2019-07-24,2019-07-24,1,1,False,True,,gap_expired,-0.108779873,21.419353995,Real Estate,12.07
2445,IRM,2019-10-02,2020-03-24,6,4,False,True,,gap_expired,-0.251016213,23.071430336,Real Estate,20.56
2446,IRM,2021-08-12,2021-09-17,2,1,False,True,,gap_expired,0.256287335,38.504715999,Real Estate,15.59
2447,IRM,2022-02-01,2022-02-01,1,1,False,False,,gap_expired,0.336731163,39.331612224,Real Estate,21.96
2448,IRM,2022-05-04,2022-07-25,3,2,False,True,,gap_expired,0.092581153,46.640759797,Real Estate,25.42
2449,IRM,2022-10-21,2022-12-21,3,2,False,True,,gap_expired,0.156894672,41.791161247,Real Estate,29.69
2450,IRM,2023-06-21,2023-06-21,1,1,False,True,,gap_expired,0.406172093,50.716177352,Real Estate,13.2
2451,IRM,2023-10-13,2023-11-30,2,1,False,True,,gap_expired,0.110244945,55.882136898,Real Estate,19.32
2452,IRM,2024-02-13,2024-02-13,1,1,False,False,,gap_expired,0.534361644,62.545312776,Real Estate,15.85
2453,IRT,2022-04-05,2022-04-05,1,1,False,False,,gap_expired,-0.292231003,22.957687682,Real Estate,21.03
2454,IRTC,2018-01-10,2018-01-10,1,1,False,False,,gap_expired,0.362886988,60.34,Healthcare,9.82
2455,ISRG,2018-01-16,2018-04-18,4,2,False,False,,gap_expired,0.297521526,141.200003016,Healthcare,11.66
2456,ISRG,2018-07-23,2018-11-19,7,3,False,True,,gap_expired,-0.066434023,173.88340066,Healthcare,12.62
2457,ISRG,2019-03-05,2019-03-05,1,1,False,False,,gap_expired,-0.064953269,182.333363581,Healthcare,14.74
2458,ISRG,2019-05-29,2019-05-29,1,1,False,False,,gap_expired,0.114455598,157.566701292,Healthcare,17.9
2459,ISRG,2019-08-05,2019-08-05,1,1,False,True,,gap_expired,0.216783203,164.790069321,Healthcare,24.59
2460,ISRG,2019-10-18,2019-10-23,2,1,False,True,,gap_expired,0.130167091,188.070032806,Healthcare,14.25
2461,ISRG,2020-01-22,2020-01-22,1,1,False,False,,gap_expired,0.036457776,203.949967905,Healthcare,12.91
2462,ISRG,2020-04-09,2020-04-09,1,1,True,False,2020-04-09,gap_expired,0.087373161,165.413299353,Healthcare,41.67
2463,ISRG,2021-02-24,2021-02-24,1,1,False,False,,gap_expired,0.034418216,251.619961451,Healthcare,21.34
2464,ISRG,2021-07-06,2021-09-24,3,2,False,True,,gap_expired,-0.253432417,318.003333399,Healthcare,16.44
2465,ISRG,2022-01-10,2022-02-01,2,2,False,False,,gap_expired,-0.078381966,325.77,Healthcare,19.4
2466,ISRG,2022-06-22,2022-06-22,1,1,False,False,,gap_expired,0.438360146,202.9,Healthcare,28.95
2467,ISRG,2022-10-14,2022-11-11,2,2,False,True,,gap_expired,0.278754324,186.26,Healthcare,32.02
2468,ISRG,2023-03-01,2023-03-01,1,1,False,False,,gap_expired,0.447520134,226.07,Healthcare,20.58
2469,ISRG,2023-05-15,2023-06-16,2,1,False,False,,gap_expired,-0.009560671,306.67,Healthcare,17.12
2470,ISRG,2023-08-22,2023-08-22,1,1,False,False,,gap_expired,0.394344831,287.56,Healthcare,16.97
2471,ISRG,2024-03-06,2024-04-11,3,1,False,True,,gap_expired,0.158060996,393.3,Healthcare,14.5
2472,ISRG,2024-06-12,2024-11-12,5,3,False,True,,gap_expired,0.091580887,424.74,Healthcare,12.04
2473,IT,2019-08-26,2019-08-26,1,1,False,False,,gap_expired,-0.216027154,130.42,Technology,19.32
2474,IT,2023-03-10,2023-03-10,1,1,False,False,,gap_expired,0.156456293,311.9,Technology,24.8
2475,ITA,2018-01-25,2018-04-03,3,2,False,False,,gap_expired,0.014419807,93.150006835,ETF,11.58
2476,ITA,2018-06-12,2018-06-12,1,1,False,False,,gap_expired,-0.020586746,93.349022648,ETF,12.34
2477,ITA,2019-03-15,2019-03-15,1,1,False,False,,gap_expired,-0.203986958,91.596278214,ETF,12.88
2478,ITB,2019-06-19,2019-06-19,1,1,False,False,,gap_expired,0.068134573,36.912567831,ETF,14.33
2479,ITGR,2024-04-05,2024-04-05,1,1,False,False,,gap_expired,-0.06407708,115.66,Healthcare,16.03
2480,ITRI,2024-04-09,2024-04-09,1,1,False,False,,gap_expired,0.07026521,89.91,Technology,14.98
2481,ITW,2018-01-24,2018-07-17,5,3,True,True,2018-03-22,gap_expired,-0.174108778,143.586681206,Industrials,11.47
2482,ITW,2019-04-09,2019-04-09,1,1,False,True,,gap_expired,0.093434828,129.032155427,Industrials,14.28
2483,ITW,2019-10-28,2019-10-28,1,1,False,False,,gap_expired,0.071588127,145.775084734,Industrials,13.11
2484,ITW,2022-11-14,2022-12-16,2,1,False,False,,gap_expired,-0.066064206,211.090093881,Industrials,23.73
2485,ITW,2023-03-28,2023-03-29,2,1,False,True,,gap_expired,-0.172073849,220.605854031,Industrials,19.97
2486,ITW,2023-08-23,2023-08-23,1,1,False,False,,gap_expired,-0.219641141,226.343844884,Industrials,15.98
2487,IWM,2019-07-26,2019-09-30,3,2,False,False,,gap_expired,-0.142009487,144.700366062,ETF,12.16
2488,IWM,2019-12-26,2019-12-26,1,1,False,False,,gap_expired,0.032242285,154.948432476,ETF,12.65
2489,J,2020-02-08,2020-02-08,1,1,False,False,,gap_expired,-0.036917428,86.703580246,Industrials,
2490,J,2022-11-18,2022-11-21,2,1,True,False,2022-11-18,gap_expired,-0.196325587,102.435068682,Industrials,23.12
2491,J,2023-05-15,2023-12-04,6,3,True,False,2023-08-15,gap_expired,-0.080775246,91.028908783,Industrials,17.12
2492,J,2024-05-21,2024-05-21,1,1,False,False,,gap_expired,0.015336105,111.99684189,Industrials,11.86
2493,J,2024-08-15,2024-08-15,1,1,False,True,,gap_expired,0.057479069,118.67769624,Industrials,15.23
2494,JACK,2023-06-06,2023-06-06,1,1,False,False,,gap_expired,-0.606651083,83.331970873,Consumer Cyclical,13.96
2495,JAZZ,2021-05-13,2021-05-13,1,1,False,True,,gap_expired,-0.16965886,179.67,Healthcare,23.13
2496,JAZZ,2021-10-26,2021-10-26,1,1,False,False,,gap_expired,0.179433196,137.97,Healthcare,15.98
2497,JAZZ,2023-04-24,2023-05-31,2,2,True,True,2023-05-31,gap_expired,-0.498005823,144.0,Healthcare,16.89
2498,JBHT,2018-04-19,2018-04-19,1,1,False,True,,gap_expired,-0.294564678,112.522927255,Industrials,15.96
2499,JBHT,2021-05-10,2021-05-10,1,1,False,False,,gap_expired,-0.017526998,172.238810808,Industrials,19.66
2500,JBL,2020-06-12,2020-06-12,1,1,False,False,,gap_expired,0.475942768,29.002117883,Technology,36.09
2501,JBL,2020-09-18,2020-09-18,1,1,False,False,,gap_expired,0.458535138,31.946602044,Technology,25.83
2502,JBL,2021-06-11,2021-06-11,1,1,False,True,,gap_expired,0.075254576,57.251327396,Technology,15.65
2503,JBL,2021-12-10,2021-12-10,1,1,False,False,,gap_expired,0.260578295,64.072242331,Technology,18.69
2504,JBL,2023-12-04,2024-01-03,2,1,False,False,,gap_expired,-0.163650372,114.200182707,Technology,13.08
2505,JBL,2024-11-07,2024-11-07,1,1,False,False,,gap_expired,0.407186333,136.430967036,Technology,15.2
2506,JBLU,2021-04-15,2021-04-15,1,1,False,True,,gap_expired,-0.447130743,20.75,Industrials,16.57
2507,JBLU,2021-07-06,2021-07-06,1,1,False,True,,gap_expired,-0.397925673,16.412,Industrials,16.44
2508,JBLU,2022-03-24,2022-03-24,1,1,False,False,,gap_expired,-0.413971189,14.485,Industrials,21.67
2509,JBT,2024-04-04,2024-04-04,1,1,False,False,,gap_expired,-0.088318879,96.712894125,Industrials,16.35
2510,JCI,2022-04-14,2022-06-10,3,2,False,True,,gap_expired,0.017091756,56.780392461,Industrials,22.7
2511,JCI,2023-01-11,2023-03-08,3,1,False,False,,gap_expired,-0.425263873,63.97664301,Industrials,21.09
2512,JCI,2023-07-27,2023-08-21,2,2,False,False,,gap_expired,-0.192506722,66.482480929,Industrials,14.41
2513,JCI,2024-10-11,2024-10-11,1,1,False,False,,gap_expired,0.285368156,75.916088021,Industrials,20.46
2514,JD,2019-07-02,2019-07-02,1,1,False,True,,gap_expired,0.88348219,28.556057129,Consumer Cyclical,12.93
2515,JD,2020-10-26,2021-01-12,4,2,False,True,,gap_expired,-0.293864462,74.364106555,Consumer Cyclical,32.46
2516,JD,2021-05-25,2021-05-25,1,1,False,True,,gap_expired,0.041819199,66.888600624,Consumer Cyclical,18.84
2517,JD,2024-01-24,2024-01-24,1,1,False,False,,gap_expired,0.499569371,22.740767447,Consumer Cyclical,13.14
2518,JJSF,2023-04-06,2023-04-06,1,1,False,False,,gap_expired,-0.384460597,144.022081276,Consumer Defensive,18.4
2519,JKHY,2018-07-05,2018-07-05,1,1,False,False,,gap_expired,-0.067007077,121.280446413,Technology,14.97
2520,JKHY,2018-10-22,2018-10-22,1,1,False,False,,gap_expired,-0.200404038,138.630068503,Technology,19.64
2521,JKHY,2022-12-21,2022-12-21,1,1,False,False,,gap_expired,-0.313115909,170.207765651,Technology,20.07
2522,JKHY,2023-03-28,2023-03-28,1,1,False,False,,gap_expired,-0.175291129,144.937169367,Technology,19.97
2523,JKHY,2023-10-09,2023-10-09,1,1,False,False,,gap_expired,-0.107632118,143.909596517,Technology,17.7
2524,JMIA,2020-11-02,2020-11-02,1,1,False,False,,gap_expired,2.716962237,16.56,Consumer Cyclical,37.13
2525,JNJ,2018-01-19,2019-08-30,42,10,True,True,2018-10-12,gap_expired,-0.058143086,117.577335772,Healthcare,11.27
2526,JNJ,2020-02-24,2021-04-16,24,8,True,True,2020-04-03,gap_expired,-0.088153177,124.095537061,Healthcare,25.03
2527,JNJ,2021-09-24,2022-01-24,7,2,False,False,,gap_expired,0.199213283,144.923655136,Healthcare,17.75
2528,JNJ,2022-04-20,2023-10-11,43,8,True,True,2022-06-16,gap_expired,-0.021539962,164.65025195,Healthcare,20.32
2529,JNJ,2024-05-07,2024-05-07,1,1,False,False,,gap_expired,-0.079023408,141.318005513,Healthcare,13.23
2530,JNJ,2024-07-17,2024-12-18,8,3,True,False,2024-07-17,gap_expired,-0.025615553,148.650961261,Healthcare,14.48
2531,JOBY,2024-11-22,2024-11-22,1,1,False,False,,gap_expired,0.814850362,7.33,Industrials,15.24
2532,JOE,2023-09-13,2023-09-13,1,1,False,False,,gap_expired,-0.254545586,56.885001597,Real Estate,13.48
2533,JPM,2018-01-05,2021-07-12,55,19,True,True,2018-04-16,gap_expired,-0.009442357,86.951204541,Financial Services,9.22
2534,JPM,2022-04-08,2022-04-08,1,1,False,False,,gap_expired,0.055498049,120.809499965,Financial Services,21.16
2535,JPM,2022-07-11,2022-08-09,2,1,False,False,,gap_expired,0.1729537,103.165712978,Financial Services,26.17
2536,JPM,2022-10-12,2023-01-25,9,3,False,True,,gap_expired,0.224687944,94.288281794,Financial Services,33.57
2537,JPM,2023-04-10,2024-01-10,12,5,False,True,,gap_expired,0.282700489,120.437182613,Financial Services,18.97
2538,JPM,2024-04-09,2024-05-08,3,1,False,False,,gap_expired,0.182808066,188.431087705,Financial Services,14.98
2539,JPM,2024-07-10,2024-11-14,5,3,False,False,,gap_expired,0.298873494,199.804020981,Financial Services,12.85
2540,JXN,2022-08-22,2022-08-22,1,1,False,False,,gap_expired,0.01321821,28.165223444,Financial Services,23.8
2541,K,2018-08-13,2018-08-13,1,1,False,False,,gap_expired,-0.096769995,50.764757887,Consumer Defensive,14.78
2542,K,2019-08-06,2019-08-12,2,1,False,False,,gap_expired,-0.028292163,45.635580721,Consumer Defensive,20.17
2543,K,2020-08-04,2020-08-04,1,1,False,True,,gap_expired,-0.42163464,53.844046328,Consumer Defensive,23.76
2544,K,2022-05-06,2022-09-19,4,2,False,True,,gap_expired,-0.026904703,59.782187861,Consumer Defensive,30.19
2545,K,2023-04-28,2023-05-04,2,1,False,False,,gap_expired,-0.317931111,59.870723568,Consumer Defensive,15.78
2546,K,2023-08-09,2023-09-12,2,1,False,True,,gap_expired,0.085221179,54.90734868,Consumer Defensive,15.96
2547,KAR,2021-01-12,2021-01-12,1,1,False,False,,gap_expired,-0.450870353,20.58,Consumer Cyclical,23.33
2548,KARO,2023-01-20,2023-01-20,1,1,False,False,,gap_expired,-0.195231144,22.569514073,Technology,19.85
2549,KBH,2018-01-11,2018-01-11,1,1,False,True,,gap_expired,-0.412655832,34.208097471,Consumer Cyclical,9.88
2550,KBH,2021-08-05,2021-08-05,1,1,False,False,,gap_expired,-0.173988566,39.560495649,Consumer Cyclical,17.28
2551,KBH,2022-06-17,2022-06-17,1,1,False,False,,gap_expired,0.822528432,24.531115161,Consumer Cyclical,31.13
2552,KBH,2024-06-24,2024-06-24,1,1,False,True,,gap_expired,-0.397162477,69.674142795,Consumer Cyclical,13.33
2553,KBR,2018-01-30,2018-01-30,1,1,False,False,,gap_expired,-0.119541989,18.61760943,Industrials,14.79
2554,KD,2022-11-07,2022-11-07,1,1,False,False,,gap_expired,0.728336028,9.1,Technology,24.35
2555,KD,2023-03-01,2023-03-01,1,1,False,False,,gap_expired,0.149707058,15.48,Technology,20.58
2556,KD,2023-10-05,2023-11-02,2,1,False,False,,gap_expired,0.252420906,14.91,Technology,18.49
2557,KD,2024-05-03,2024-05-03,1,1,False,False,,gap_expired,0.647185504,20.8,Technology,13.49
2558,KD,2024-11-21,2024-11-21,1,1,False,False,,gap_expired,-0.383934033,32.83,Technology,16.87
2559,KDP,2018-01-30,2018-01-30,1,1,False,False,,gap_expired,0.469059354,15.94894808,Consumer Defensive,14.79
2560,KDP,2018-08-20,2018-09-14,2,1,False,True,,gap_expired,0.159088182,19.561910747,Consumer Defensive,12.49
2561,KDP,2019-08-12,2019-09-13,2,1,False,False,,gap_expired,-0.117559947,24.392349835,Consumer Defensive,21.09
2562,KDP,2020-02-21,2020-02-21,1,1,False,False,,gap_expired,-0.108829503,25.21821827,Consumer Defensive,17.08
2563,KDP,2020-07-30,2020-07-30,1,1,False,False,,gap_expired,-0.238021035,27.252657615,Consumer Defensive,24.76
2564,KDP,2020-11-17,2020-11-17,1,1,False,False,,gap_expired,-0.087845509,25.872887821,Consumer Defensive,22.71
2565,KDP,2021-10-01,2021-10-01,1,1,False,True,,gap_expired,0.265963292,29.590340156,Consumer Defensive,21.15
2566,KDP,2024-09-06,2024-09-06,1,1,False,True,,gap_expired,-0.450674072,35.13642851,Consumer Defensive,22.38
2567,KEY,2019-01-14,2019-01-23,2,1,False,True,,gap_expired,-0.066052221,11.610370818,Financial Services,19.07
2568,KEY,2020-02-14,2020-02-14,1,1,False,True,,gap_expired,-0.130078805,14.65755521,Financial Services,13.68
2569,KEY,2022-04-13,2022-04-13,1,1,False,False,,gap_expired,-0.337266919,16.897431643,Financial Services,21.82
2570,KEY,2022-09-27,2022-10-12,2,1,False,False,,gap_expired,-0.474173439,13.35380952,Financial Services,32.6
2571,KEY,2023-07-20,2023-08-01,3,1,False,False,,gap_expired,0.168728639,10.518620122,Financial Services,13.99
2572,KEY,2023-10-11,2023-10-11,1,1,False,True,,gap_expired,0.399250658,9.358295818,Financial Services,16.09
2573,KEY,2023-12-13,2024-01-04,2,1,False,False,,gap_expired,0.018390848,13.152740956,Financial Services,12.19
2574,KEY,2024-08-07,2024-08-07,1,1,False,True,,gap_expired,0.060425295,13.452650342,Financial Services,27.85
2575,KEY,2024-10-10,2024-10-10,1,1,False,False,,gap_expired,-0.074462572,16.02371637,Financial Services,20.93
2576,KEYS,2019-05-14,2019-05-14,1,1,False,False,,gap_expired,0.14935488,83.5,Technology,18.06
2577,KEYS,2019-10-29,2019-10-29,1,1,False,False,,gap_expired,-0.103820484,104.05,Technology,13.2
2578,KEYS,2021-04-14,2021-04-14,1,1,False,True,,gap_expired,0.080534713,143.99,Technology,16.99
2579,KEYS,2021-10-06,2021-10-06,1,1,False,False,,gap_expired,0.05708369,163.15,Technology,21.0
2580,KGC,2020-07-28,2020-07-28,1,1,False,True,,gap_expired,-0.635575021,7.959814511,Basic Materials,25.44
2581,KHC,2018-02-09,2018-02-09,1,1,False,False,,gap_expired,-0.367082273,48.801319907,Consumer Defensive,29.06
2582,KHC,2018-04-27,2018-07-05,3,2,False,True,,gap_expired,-0.037630137,39.877264292,Consumer Defensive,15.41
2583,KHC,2018-10-01,2018-10-01,1,1,False,True,,gap_expired,-0.053746331,39.093738397,Consumer Defensive,12.0
2584,KHC,2019-05-03,2019-05-03,1,1,False,True,,gap_expired,-0.029996342,23.315593696,Consumer Defensive,12.87
2585,KHC,2020-04-24,2020-04-24,1,1,False,False,,gap_expired,-0.063916231,22.550644261,Consumer Defensive,35.93
2586,KHC,2022-03-03,2022-03-03,1,1,False,False,,gap_expired,0.083312414,32.599721398,Consumer Defensive,30.48
2587,KHC,2022-10-24,2022-10-24,1,1,False,False,,gap_expired,-0.193606468,31.067379511,Consumer Defensive,29.85
2588,KIM,2024-10-29,2024-10-29,1,1,False,True,,gap_expired,-0.290654892,22.363872865,Real Estate,19.34
2589,KKRDP,2018-04-16,2018-06-05,2,1,False,False,,gap_expired,0.058417597,18.868841952,Financial Services,16.56
2590,KKRDP,2019-04-23,2019-06-19,2,1,False,False,,gap_expired,0.016506489,22.061712893,Financial Services,12.28
2591,KKRDP,2024-03-25,2024-05-08,2,1,False,True,,gap_expired,0.05822714,100.500633526,Financial Services,13.19
2592,KKRDP,2024-07-08,2024-09-04,3,2,False,False,,gap_expired,0.213281043,104.312007536,Financial Services,12.37
2593,KLAC,2019-12-04,2019-12-04,1,1,False,True,,gap_expired,0.465333143,149.34702523,Technology,14.8
2594,KLAC,2020-02-11,2020-02-11,1,1,False,False,,gap_expired,0.019973107,304.612391989,Technology,15.18
2595,KLAC,2020-11-17,2020-12-16,2,1,False,False,,gap_expired,0.437731253,230.79224596,Technology,22.71
2596,KLAC,2021-05-25,2021-05-25,1,1,False,False,,gap_expired,0.110281444,304.153680953,Technology,18.84
2597,KLAC,2021-12-21,2022-01-04,2,1,False,False,,gap_expired,0.096266414,389.38134366,Technology,21.01
2598,KLAC,2022-04-13,2022-04-13,1,1,False,False,,gap_expired,0.17023224,322.894557552,Technology,21.82
2599,KLAC,2023-11-03,2023-11-03,1,1,False,False,,gap_expired,-0.026560276,490.829074504,Technology,14.91
2600,KLAC,2024-03-28,2024-03-28,1,1,False,False,,gap_expired,-0.102371994,689.4804049,Technology,13.01
2601,KLAC,2024-05-30,2024-05-30,1,1,False,True,,gap_expired,-0.128455386,760.682060253,Technology,14.47
2602,KLIC,2024-04-09,2024-04-09,1,1,False,False,,gap_expired,-0.426804948,46.964801015,Technology,14.98
2603,KLKLF,2019-06-11,2019-06-11,1,1,False,True,,gap_expired,-0.377818915,0.073,Basic Materials,15.99
2604,KMB,2018-01-24,2018-01-24,1,1,False,False,,gap_expired,-0.013149233,90.77934031,Consumer Defensive,11.47
2605,KMB,2018-04-04,2018-08-03,4,3,False,False,,gap_expired,0.048497965,83.365357642,Consumer Defensive,20.06
2606,KMB,2018-10-08,2019-04-30,8,3,False,True,,gap_expired,0.205102899,88.835500874,Consumer Defensive,15.69
2607,KMB,2019-07-12,2019-10-18,4,2,False,False,,gap_expired,-0.013047875,110.71116899,Consumer Defensive,12.39
2608,KMB,2020-08-05,2020-08-05,1,1,False,True,,gap_expired,-0.166566157,127.758240728,Consumer Defensive,22.99
2609,KMB,2020-12-09,2020-12-09,1,1,False,True,,gap_expired,-0.015269206,113.126165889,Consumer Defensive,22.27
2610,KMB,2022-03-14,2022-03-14,1,1,False,False,,gap_expired,0.139401278,104.147419945,Consumer Defensive,31.77
2611,KMB,2023-04-25,2023-04-25,1,1,False,False,,gap_expired,-0.288402207,129.244003944,Consumer Defensive,18.76
2612,KMB,2023-08-30,2023-08-30,1,1,False,False,,gap_expired,-0.057130963,117.689976651,Consumer Defensive,13.88
2613,KMB,2023-12-01,2023-12-01,1,1,False,False,,gap_expired,-0.205347185,113.611438589,Consumer Defensive,12.63
2614,KMB,2024-02-09,2024-04-19,5,2,False,True,,gap_expired,-0.058080874,110.750334758,Consumer Defensive,12.93
2615,KMB,2024-07-02,2024-10-22,5,2,False,False,,gap_expired,-0.155630592,129.978820648,Consumer Defensive,12.03
2616,KMI,2018-04-16,2018-07-05,3,2,False,True,,gap_expired,0.212278272,10.021777529,Energy,16.56
2617,KMI,2019-02-13,2019-05-21,5,2,False,True,,gap_expired,-0.021291135,12.447880821,Energy,15.65
2618,KMI,2019-11-15,2020-01-27,3,2,False,True,,gap_expired,-0.169736853,14.021514399,Energy,12.05
2619,KMI,2021-01-05,2021-01-05,1,1,False,False,,gap_expired,-0.022711041,10.441364204,Energy,25.34
2620,KMI,2021-04-27,2021-06-24,4,2,False,False,,gap_expired,0.129055703,12.93858097,Energy,17.56
2621,KMI,2021-11-15,2021-11-15,1,1,False,False,,gap_expired,0.301842863,13.317274797,Energy,16.49
2622,KMI,2022-03-03,2022-04-12,2,1,False,False,,gap_expired,0.070196429,14.681476108,Energy,30.48
2623,KMI,2022-07-05,2022-10-12,3,2,False,True,,gap_expired,-0.07421572,13.427456241,Energy,27.54
2624,KMI,2024-01-12,2024-01-12,1,1,False,False,,gap_expired,0.514773407,16.060322342,Energy,12.7
2625,KMI,2024-08-26,2024-08-26,1,1,False,False,,gap_expired,0.147605251,20.094707629,Energy,16.15
2626,KMI,2024-12-10,2024-12-10,1,1,False,False,,gap_expired,-0.105001166,25.63310701,Energy,14.18
2627,KMPR,2018-06-13,2018-06-13,1,1,False,False,,gap_expired,0.0548838,67.785608944,Financial Services,12.94
2628,KMX,2018-01-02,2018-01-02,1,1,False,False,,gap_expired,0.022398687,65.0,Consumer Cyclical,9.77
2629,KMX,2018-08-08,2018-08-08,1,1,False,False,,gap_expired,0.08639585,75.23,Consumer Cyclical,10.85
2630,KMX,2019-06-14,2019-06-21,2,1,False,False,,gap_expired,0.037306219,84.5,Consumer Cyclical,15.28
2631,KMX,2019-09-20,2019-09-20,1,1,False,False,,gap_expired,0.10278744,84.5,Consumer Cyclical,15.32
2632,KMX,2019-12-13,2019-12-13,1,1,False,False,,gap_expired,-0.211128223,99.2,Consumer Cyclical,12.63
2633,KMX,2020-06-12,2020-06-18,2,2,False,False,,gap_expired,-0.075321332,86.62,Consumer Cyclical,36.09
2634,KMX,2020-09-18,2020-10-22,3,1,False,True,,gap_expired,-0.008638494,102.11,Consumer Cyclical,25.83
2635,KMX,2021-03-26,2021-04-01,2,1,False,True,,gap_expired,-0.442359254,135.33,Consumer Cyclical,18.86
2636,KMX,2021-09-24,2021-09-24,1,1,False,False,,gap_expired,-0.358634473,145.52,Consumer Cyclical,17.75
2637,KMX,2023-06-16,2023-07-10,2,1,False,False,,gap_expired,-0.364194568,79.32,Consumer Cyclical,13.54
2638,KNTK,2023-09-05,2023-09-05,1,1,False,True,,gap_expired,0.224215517,27.500350401,Energy,14.01
2639,KNTK,2023-11-17,2023-11-17,1,1,False,False,,gap_expired,0.50449095,30.266467547,Energy,13.8
2640,KO,2018-02-09,2018-05-14,3,2,False,True,,gap_expired,0.120456167,33.949556443,Consumer Defensive,29.06
2641,KO,2018-11-30,2019-01-23,5,1,False,False,,gap_expired,-0.010203509,40.211739637,Consumer Defensive,18.07
2642,KO,2019-07-18,2019-08-14,8,1,False,True,,gap_expired,-0.188737336,42.740189851,Consumer Defensive,13.53
2643,KO,2019-11-13,2019-11-13,1,1,False,True,,gap_expired,-0.130169503,43.374728632,Consumer Defensive,13.0
2644,KO,2020-01-24,2020-03-19,5,2,False,False,,gap_expired,-0.148298184,47.591892215,Consumer Defensive,14.56
2645,KO,2020-07-02,2020-07-02,1,1,False,True,,gap_expired,0.012160664,38.224587931,Consumer Defensive,27.68
2646,KO,2020-09-21,2020-09-23,2,1,False,False,,gap_expired,-0.040578218,41.922989831,Consumer Defensive,27.78
2647,KO,2021-02-05,2021-02-05,1,1,False,False,,gap_expired,0.107569348,42.983013958,Consumer Defensive,20.87
2648,KO,2021-12-01,2021-12-17,2,1,False,False,,gap_expired,0.343138494,46.680988486,Consumer Defensive,31.12
2649,KO,2022-03-15,2022-10-21,13,4,False,True,,gap_expired,0.108313193,53.459164809,Consumer Defensive,29.83
2650,KO,2023-02-10,2023-02-10,1,1,False,True,,gap_expired,-0.217328169,54.732290608,Consumer Defensive,20.53
2651,KO,2023-05-01,2023-05-01,1,1,False,True,,gap_expired,-0.237951009,59.055995687,Consumer Defensive,16.08
2652,KO,2023-08-17,2023-08-17,1,1,False,True,,gap_expired,-0.124503321,56.165922947,Consumer Defensive,17.89
2653,KO,2024-01-02,2024-02-22,3,1,False,False,,gap_expired,-0.212619346,56.487323367,Consumer Defensive,13.2
2654,KO,2024-04-30,2024-08-15,4,2,False,True,,gap_expired,0.056672331,58.715787817,Consumer Defensive,15.65
2655,KO,2024-10-18,2024-12-09,2,1,False,True,,gap_expired,-0.135381705,67.48211666,Consumer Defensive,18.03
2656,KOF,2021-04-08,2021-04-08,1,1,False,True,,gap_expired,0.087844602,38.569199367,Consumer Defensive,16.95
2657,KOS,2022-03-31,2022-03-31,1,1,False,False,,gap_expired,0.127496838,7.45,Energy,20.56
2658,KPTI,2020-08-24,2020-08-24,1,1,False,False,,gap_expired,-0.962138939,214.65,Healthcare,22.37
2659,KR,2018-06-21,2018-06-21,1,1,False,True,,gap_expired,0.076899937,20.473184122,Consumer Defensive,14.64
2660,KR,2019-11-05,2019-11-05,1,1,False,False,,gap_expired,0.031102889,20.417911108,Consumer Defensive,13.1
2661,KR,2020-11-30,2020-11-30,1,1,False,False,,gap_expired,-0.059390817,24.59004446,Consumer Defensive,20.57
2662,KR,2021-04-07,2021-04-07,1,1,False,False,,gap_expired,0.501000831,28.014269023,Consumer Defensive,17.16
2663,KR,2022-03-21,2022-06-30,3,2,False,True,,gap_expired,0.159258509,43.006554696,Consumer Defensive,23.53
2664,KR,2022-09-21,2023-01-26,6,3,False,True,,gap_expired,0.071464123,34.970461731,Consumer Defensive,27.99
2665,KR,2023-07-20,2023-07-26,2,1,False,False,,gap_expired,-0.084233634,45.026859953,Consumer Defensive,13.99
2666,KR,2024-09-06,2024-09-06,1,1,False,True,,gap_expired,0.093764082,50.552087591,Consumer Defensive,22.38
2667,KR,2024-12-11,2024-12-11,1,1,False,False,,gap_expired,-0.130561834,61.652084067,Consumer Defensive,13.58
2668,KRP,2023-05-10,2023-05-10,1,1,False,False,,gap_expired,-0.149685763,11.760763614,Energy,16.94
2669,KRRO,2020-11-19,2020-11-19,1,1,False,False,,gap_expired,-1.078624496,1189.0,Healthcare,23.11
2670,KTB,2019-07-31,2019-07-31,1,1,False,False,,gap_expired,-0.453059434,23.9303465,Consumer Cyclical,16.12
2671,KTB,2019-12-19,2019-12-19,1,1,False,True,,gap_expired,-0.134538573,33.157761472,Consumer Cyclical,12.5
2672,KTB,2020-10-26,2020-10-26,1,1,False,False,,gap_expired,0.326531111,26.901731828,Consumer Cyclical,32.46
2673,KTB,2021-05-11,2021-05-11,1,1,False,False,,gap_expired,-0.310757045,53.759286414,Consumer Cyclical,21.84
2674,KTB,2022-03-02,2022-03-02,1,1,False,False,,gap_expired,0.160966174,41.917953209,Consumer Cyclical,30.74
2675,KTB,2022-08-19,2022-08-19,1,1,False,False,,gap_expired,0.152521411,35.471435639,Consumer Cyclical,20.6
2676,KTB,2024-05-20,2024-05-20,1,1,False,True,,gap_expired,-0.100713062,67.664233398,Consumer Cyclical,12.15
2677,KTOS,2018-03-16,2018-03-16,1,1,False,False,,gap_expired,0.703815332,9.22,Industrials,15.8
2678,KTOS,2019-08-01,2019-08-01,1,1,False,True,,gap_expired,-0.278439893,21.21,Industrials,17.87
2679,KTOS,2020-08-05,2020-08-05,1,1,False,False,,gap_expired,-0.070171316,19.29,Industrials,22.99
2680,KTOS,2020-12-17,2020-12-17,1,1,True,False,2020-12-17,gap_expired,-0.490837316,25.36,Industrials,21.93
2681,KTOS,2023-10-02,2023-10-02,1,1,False,False,,gap_expired,0.324744071,15.0,Industrials,17.61
2682,KTOS,2024-01-03,2024-01-03,1,1,False,False,,gap_expired,0.291515105,18.7,Industrials,14.04
2683,KTOS,2024-05-10,2024-05-10,1,1,False,True,,gap_expired,0.583822167,19.9,Industrials,12.55
2684,KVUE,2023-05-11,2023-05-11,1,1,False,False,,gap_expired,-0.459171722,23.308814199,Consumer Defensive,16.93
2685,KVUE,2023-08-30,2023-08-30,1,1,False,False,,gap_expired,-0.242434133,20.860437612,Consumer Defensive,13.88
2686,KVUE,2024-07-02,2024-07-02,1,1,False,False,,gap_expired,0.023888179,17.131344517,Consumer Defensive,12.03
2687,KW,2019-09-10,2019-09-10,1,1,False,True,,gap_expired,-0.448175408,15.324869118,Real Estate,15.2
2688,L,2022-04-06,2022-04-06,1,1,False,False,,gap_expired,-0.044123455,63.274330766,Financial Services,22.1
2689,LAD,2019-07-25,2019-08-01,2,1,False,True,,gap_expired,0.572829601,131.174189091,Consumer Cyclical,12.74
2690,LAD,2020-10-08,2020-11-18,6,2,False,True,,gap_expired,-0.144395888,274.985164677,Consumer Cyclical,26.36
2691,LAD,2021-03-22,2021-05-20,4,2,False,True,,gap_expired,-0.27674007,367.426953579,Consumer Cyclical,18.88
2692,LAD,2021-08-19,2021-11-08,5,2,False,True,,gap_expired,-0.143669642,323.744829871,Consumer Cyclical,21.67
2693,LAD,2024-01-04,2024-01-04,1,1,False,False,,gap_expired,-0.099885731,291.243962277,Consumer Cyclical,14.13
2694,LANDM,2022-04-19,2022-04-19,1,1,False,False,,gap_expired,-0.52832475,35.204818845,Real Estate,21.37
2695,LAZ,2022-02-28,2022-02-28,1,1,False,False,,gap_expired,0.224082215,28.46578498,Financial Services,30.15
2696,LAZ,2024-05-21,2024-05-21,1,1,False,False,,gap_expired,0.003869759,38.222367579,Financial Services,11.86
2697,LB,2024-12-03,2024-12-03,1,1,False,True,,gap_expired,-0.37589016,75.10670178,Energy,13.3
2698,LBYE,2024-02-06,2024-02-06,1,1,False,True,,gap_expired,-0.326930921,18.607735092,Energy,13.06
2699,LCID,2021-02-04,2021-04-07,3,3,False,True,,gap_expired,-0.279668817,309.0,Consumer Cyclical,21.77
2700,LCID,2021-06-10,2021-07-29,2,2,False,False,,gap_expired,0.320068755,256.0,Consumer Cyclical,16.1
2701,LCID,2021-11-12,2021-11-17,3,2,False,False,,gap_expired,-0.30793806,446.0,Consumer Cyclical,16.29
2702,LCII,2021-05-03,2021-05-03,1,1,False,False,,gap_expired,-0.276789195,125.126133862,Consumer Cyclical,18.31
2703,LDOS,2019-10-07,2019-10-07,1,1,False,False,,gap_expired,0.205076488,76.482095175,Technology,17.86
2704,LDOS,2020-02-18,2020-02-18,1,1,False,False,,gap_expired,-0.077426311,114.49694008,Technology,14.83
2705,LDOS,2020-09-14,2020-09-14,1,1,False,False,,gap_expired,-0.256810951,82.84932343,Technology,25.85
2706,LDOS,2023-08-01,2023-08-01,1,1,False,False,,gap_expired,0.280690869,97.220109617,Technology,13.93
2707,LDOS,2024-03-28,2024-03-28,1,1,False,True,,gap_expired,0.013134565,128.492992033,Technology,13.01
2708,LE,2020-12-04,2020-12-04,1,1,False,True,,gap_expired,-0.326481057,21.2,Consumer Cyclical,20.79
2709,LEA,2020-10-22,2020-10-22,1,1,False,False,,gap_expired,-0.084581138,121.467079032,Consumer Cyclical,28.11
2710,LEA,2021-07-29,2021-07-29,1,1,False,False,,gap_expired,-0.068687715,156.629500852,Consumer Cyclical,17.7
2711,LECO,2022-01-20,2022-01-20,1,1,False,False,,gap_expired,0.331745258,121.903792585,Industrials,25.59
2712,LEG,2019-05-30,2019-05-30,1,1,False,False,,gap_expired,-0.210550539,27.32052589,Consumer Cyclical,17.3
2713,LEN,2018-04-19,2018-07-18,4,2,False,True,,gap_expired,-0.165813472,44.98338416,Consumer Cyclical,15.96
2714,LEN,2019-03-08,2019-04-17,4,1,False,False,,gap_expired,0.181035691,38.641096788,Consumer Cyclical,16.05
2715,LEN,2019-08-05,2019-12-04,5,3,False,True,,gap_expired,0.374423882,38.541844087,Consumer Cyclical,24.59
2716,LEN,2020-03-13,2020-12-17,8,4,True,True,2020-03-13,gap_expired,0.62135202,31.787632435,Consumer Cyclical,57.83
2717,LEN,2021-05-10,2021-08-25,5,2,False,False,,gap_expired,-0.075688263,87.36946043,Consumer Cyclical,19.66
2718,LEN,2021-11-29,2021-12-10,2,1,False,False,,gap_expired,-0.059042726,88.554272633,Consumer Cyclical,22.96
2719,LEN,2022-02-24,2022-02-24,1,1,False,False,,gap_expired,0.203356115,71.821086376,Consumer Cyclical,30.32
2720,LEN,2022-06-02,2022-06-02,1,1,False,False,,gap_expired,0.438893247,65.959493612,Consumer Cyclical,24.72
2721,LEN,2022-08-04,2022-08-04,1,1,False,False,,gap_expired,0.429839652,70.161767666,Consumer Cyclical,21.44
2722,LEN,2023-04-13,2024-12-13,17,9,True,True,2023-04-13,gap_expired,0.257098859,87.591260543,Consumer Cyclical,17.8
2723,LEU,2024-07-09,2024-07-09,1,1,False,False,,gap_expired,4.141864405,40.98,Energy,12.51
2724,LEVI,2019-03-21,2019-04-29,3,1,False,False,,gap_expired,-0.344255976,19.730908318,Consumer Cyclical,13.63
2725,LEVI,2019-07-30,2019-07-30,1,1,False,False,,gap_expired,-0.442947879,16.442468785,Consumer Cyclical,13.94
2726,LEVI,2019-12-19,2019-12-19,1,1,False,False,,gap_expired,-0.072829039,17.258508083,Consumer Cyclical,12.5
2727,LEVI,2020-10-07,2020-12-03,6,2,False,True,,gap_expired,0.361571925,13.650430843,Consumer Cyclical,28.06
2728,LEVI,2021-04-01,2021-11-19,6,4,True,True,2021-04-01,gap_expired,-0.304259082,21.226905872,Consumer Cyclical,17.33
2729,LEVI,2022-07-07,2022-10-07,3,2,False,False,,gap_expired,-0.330048191,15.509689986,Consumer Cyclical,26.08
2730,LEVI,2023-04-06,2023-04-06,1,1,False,True,,gap_expired,0.083385012,13.908928443,Consumer Cyclical,18.4
2731,LEVI,2023-10-13,2023-10-13,1,1,False,False,,gap_expired,0.01492018,13.052041142,Consumer Cyclical,19.32
2732,LEVI,2024-06-24,2024-06-26,2,2,False,True,,gap_expired,-0.319732358,22.023448175,Consumer Cyclical,13.33
2733,LGIH,2019-12-04,2019-12-04,1,1,False,True,,gap_expired,0.235236023,72.67,Consumer Cyclical,14.8
2734,LGIH,2020-10-30,2020-10-30,1,1,False,False,,gap_expired,-0.169450129,108.79,Consumer Cyclical,38.02
2735,LH,2020-11-02,2020-11-05,2,1,False,True,,gap_expired,-0.037788816,171.646010634,Healthcare,37.13
2736,LHX,2018-05-08,2018-05-08,1,1,False,False,,gap_expired,0.100426253,133.138477273,Industrials,14.71
2737,LHX,2019-07-09,2019-08-05,4,1,False,False,,gap_expired,-0.22687462,168.701226915,Industrials,14.09
2738,LHX,2019-11-06,2020-08-10,10,7,False,True,,gap_expired,-0.232639173,174.139589479,Industrials,12.62
2739,LHX,2020-11-03,2020-11-13,3,1,False,False,,gap_expired,-0.134754277,162.278399528,Industrials,35.55
2740,LHX,2022-04-11,2022-04-11,1,1,False,False,,gap_expired,-0.150042561,237.461643419,Industrials,24.37
2741,LHX,2022-10-13,2022-10-13,1,1,False,False,,gap_expired,-0.397950378,212.010110858,Industrials,31.94
2742,LHX,2023-01-27,2023-01-27,1,1,False,False,,gap_expired,-0.21098121,199.201402904,Industrials,18.51
2743,LHX,2023-05-22,2023-05-22,1,1,False,False,,gap_expired,-0.048691346,175.270338269,Industrials,17.21
2744,LHX,2023-08-10,2024-01-08,8,3,False,True,,gap_expired,0.007852755,177.743020812,Industrials,15.85
2745,LHX,2024-08-22,2024-08-22,1,1,False,True,,gap_expired,0.049624375,224.973447872,Industrials,17.55
2746,LI,2020-11-17,2020-11-17,1,1,False,False,,gap_expired,-0.436473354,35.07,Consumer Cyclical,22.71
2747,LI,2023-01-26,2023-01-26,1,1,False,False,,gap_expired,-0.129058342,24.92,Consumer Cyclical,18.73
2748,LII,2019-05-06,2019-05-06,1,1,False,True,,gap_expired,-0.28939663,247.933804878,Industrials,15.44
2749,LIN,2018-11-13,2019-01-11,3,1,False,False,,gap_expired,0.192492917,141.697021539,Basic Materials,20.02
2750,LIN,2019-07-22,2019-07-22,1,1,False,False,,gap_expired,0.105448436,186.291904479,Basic Materials,13.53
2751,LIN,2020-02-08,2020-02-08,1,1,False,False,,gap_expired,0.00238727,240.681527427,Basic Materials,
2752,LIN,2020-07-22,2020-10-09,3,2,False,True,,gap_expired,-0.131942327,227.447621064,Basic Materials,24.32
2753,LIN,2021-02-01,2021-03-18,2,1,False,False,,gap_expired,0.091569619,234.017991863,Basic Materials,30.24
2754,LIN,2021-08-09,2022-02-24,8,4,True,True,2021-08-09,gap_expired,0.077105492,284.018805032,Basic Materials,16.72
2755,LIN,2022-08-30,2024-12-12,21,10,True,True,2022-09-15,gap_expired,0.262096764,271.885129875,Basic Materials,26.21
2756,LION,2022-08-02,2022-08-02,1,1,False,True,,gap_expired,-0.074925862,10.05,Communication Services,23.93
2757,LITE,2020-06-08,2020-06-08,1,1,False,False,,gap_expired,-0.302422715,77.47,Technology,25.81
2758,LKQ,2018-05-24,2018-06-19,2,1,False,True,,gap_expired,-0.178024551,27.0575089,Consumer Cyclical,12.53
2759,LKQ,2018-10-23,2018-10-23,1,1,False,False,,gap_expired,0.051357092,24.130871036,Consumer Cyclical,20.71
2760,LKQ,2022-08-16,2022-08-16,1,1,False,False,,gap_expired,-0.084364714,51.109679254,Consumer Cyclical,19.69
2761,LLY,2018-04-16,2018-04-16,1,1,False,False,,gap_expired,0.383754353,71.931811286,Healthcare,16.56
2762,LLY,2018-10-05,2018-10-05,1,1,False,False,,gap_expired,-0.080192781,103.814114608,Healthcare,14.82
2763,LLY,2018-12-19,2019-07-15,8,4,False,True,,gap_expired,-0.074339267,99.113092373,Healthcare,25.58
2764,LLY,2019-10-30,2020-03-13,6,3,False,True,,gap_expired,0.090646998,103.782184228,Healthcare,12.33
2765,LLY,2020-09-21,2020-11-24,3,3,False,False,,gap_expired,0.01663939,142.27109231,Healthcare,27.78
2766,LLY,2021-02-22,2021-04-15,4,1,False,True,,gap_expired,-0.085305797,190.594153745,Healthcare,23.45
2767,LLY,2021-10-19,2024-12-20,124,25,True,True,2021-10-19,gap_expired,0.546940015,233.684987824,Healthcare,15.7
2768,LMND,2020-07-15,2020-07-23,2,1,False,False,,gap_expired,-0.15117383,72.25,Financial Services,27.76
2769,LMND,2020-10-08,2020-11-30,4,2,False,False,,gap_expired,1.948199227,60.11,Financial Services,26.36
2770,LMND,2021-07-21,2021-11-18,2,2,True,True,2021-07-21,gap_expired,-0.692696391,92.44,Financial Services,17.91
2771,LMT,2018-01-26,2018-07-19,9,3,False,True,,gap_expired,-0.098832472,282.6250497,Industrials,11.08
2772,LMT,2018-11-06,2018-12-20,3,2,False,False,,gap_expired,0.137896526,253.29746796,Industrials,19.91
2773,LMT,2019-04-26,2019-09-25,7,3,False,True,,gap_expired,0.207272559,273.95999705,Industrials,12.73
2774,LMT,2019-12-11,2020-04-14,7,4,False,True,,gap_expired,-0.226355948,327.958384706,Industrials,14.99
2775,LMT,2020-06-29,2020-12-22,8,3,False,True,,gap_expired,-0.364733369,314.255664398,Industrials,31.78
2776,LMT,2021-04-14,2021-04-14,1,1,False,True,,gap_expired,0.157170771,341.304556326,Industrials,16.99
2777,LMT,2021-06-14,2021-06-14,1,1,False,False,,gap_expired,0.207771013,344.78651376,Industrials,16.39
2778,LMT,2021-10-27,2021-10-27,1,1,False,False,,gap_expired,0.644112823,293.85265701,Industrials,16.98
2779,LMT,2022-01-21,2023-01-25,16,6,False,True,,gap_expired,0.319706822,331.793003329,Industrials,28.85
2780,LMT,2023-03-31,2023-11-10,12,4,False,True,,gap_expired,-0.286120537,438.63396742,Industrials,18.7
2781,LMT,2024-01-16,2024-02-05,2,1,False,True,,gap_expired,-0.183391894,433.197834523,Industrials,13.84
2782,LMT,2024-08-13,2024-08-13,1,1,False,False,,gap_expired,-0.389425563,535.702301814,Industrials,18.12
2783,LNG,2019-03-12,2019-03-12,1,1,False,True,,gap_expired,-0.396197653,66.89681145,Energy,13.77
2784,LNG,2020-01-15,2020-01-15,1,1,False,False,,gap_expired,-0.155796929,63.016837005,Energy,12.42
2785,LNG,2021-10-19,2021-10-19,1,1,False,False,,gap_expired,0.812518124,102.734390303,Energy,15.7
2786,LNG,2022-04-05,2022-05-11,2,1,False,False,,gap_expired,0.159171654,136.513933152,Energy,21.03
2787,LNG,2022-07-26,2022-09-16,3,2,False,False,,gap_expired,-0.08168866,141.648111906,Energy,24.69
2788,LNG,2023-03-08,2023-03-08,1,1,False,True,,gap_expired,-0.275573584,149.974599659,Energy,19.11
2789,LNG,2023-11-28,2023-11-28,1,1,False,False,,gap_expired,-0.077094968,175.86302899,Energy,12.69
2790,LNG,2024-04-23,2024-04-23,1,1,False,False,,gap_expired,0.417570885,154.948297624,Energy,15.69
2791,LNG,2024-10-21,2024-12-20,3,2,False,False,,gap_expired,0.045171618,178.318821038,Energy,18.37
2792,LNTH,2022-11-07,2022-11-07,1,1,False,False,,gap_expired,-0.060040614,56.63,Healthcare,24.35
2793,LNTH,2023-05-17,2023-05-17,1,1,False,False,,gap_expired,-0.449844854,97.93,Healthcare,16.87
2794,LNTH,2024-10-31,2024-10-31,1,1,False,False,,gap_expired,-0.679397351,109.84,Healthcare,23.16
2795,LOB,2018-07-19,2018-07-19,1,1,False,False,,gap_expired,-0.587481774,31.159561348,Financial Services,12.87
2796,LOCO,2018-06-04,2018-06-04,1,1,False,False,,gap_expired,-0.031567612,9.396871554,Consumer Cyclical,12.74
2797,LOGI,2018-08-01,2018-09-12,3,1,False,True,,gap_expired,-0.158446743,38.92743253,Technology,13.15
2798,LOGI,2019-05-29,2019-05-29,1,1,False,False,,gap_expired,0.550133033,32.186020649,Technology,17.9
2799,LOGI,2019-10-22,2019-10-22,1,1,False,False,,gap_expired,1.052036907,36.455159434,Technology,14.46
2800,LOGI,2020-01-21,2020-05-12,4,3,False,True,,gap_expired,1.028030731,43.360859949,Technology,12.85
2801,LOGI,2020-10-08,2020-10-20,2,2,False,True,,gap_expired,-0.154322645,71.473910995,Technology,26.36
2802,LOGI,2021-04-13,2021-04-30,2,1,False,True,,gap_expired,-0.433581298,101.193871278,Technology,16.65
2803,LOGI,2021-07-15,2021-07-27,2,1,False,True,,gap_expired,-0.437829534,109.590311531,Technology,17.01
2804,LOGI,2021-10-08,2021-11-23,3,1,False,True,,gap_expired,-0.323688119,80.836113499,Technology,18.77
2805,LOGI,2022-01-25,2022-01-25,1,1,False,False,,gap_expired,-0.199721356,75.809236906,Technology,31.16
2806,LOGI,2022-05-03,2022-05-03,1,1,False,False,,gap_expired,0.029967049,58.408229628,Technology,29.25
2807,LOGI,2022-07-26,2022-07-26,1,1,False,False,,gap_expired,0.21381212,48.326711191,Technology,24.69
2808,LOGI,2023-05-02,2023-05-18,2,1,False,False,,gap_expired,0.074582123,58.7928765,Technology,17.78
2809,LOGI,2024-05-07,2024-05-07,1,1,False,True,,gap_expired,-0.093967021,80.861673477,Technology,13.23
2810,LOGI,2024-07-31,2024-07-31,1,1,False,False,,gap_expired,-0.05873778,86.074562817,Technology,16.36
2811,LOGI,2024-10-22,2024-10-22,1,1,False,True,,gap_expired,0.177313282,83.02495738,Technology,18.2
2812,LOPE,2018-10-01,2018-10-01,1,1,False,False,,gap_expired,-0.128650726,113.42,Consumer Defensive,12.0
2813,LOW,2018-01-17,2018-03-22,4,2,False,True,,gap_expired,-0.023283295,87.631717645,Consumer Cyclical,11.91
2814,LOW,2018-08-17,2018-09-07,2,2,False,False,,gap_expired,0.079707466,85.302296862,Consumer Cyclical,12.64
2815,LOW,2018-12-12,2018-12-12,1,1,False,False,,gap_expired,0.087962124,81.188632557,Consumer Cyclical,21.46
2816,LOW,2019-02-27,2019-05-29,5,3,False,False,,gap_expired,-0.0718071,94.53585812,Consumer Cyclical,14.7
2817,LOW,2019-09-25,2019-11-15,2,1,False,True,,gap_expired,0.338129607,98.619015053,Consumer Cyclical,15.96
2818,LOW,2020-03-25,2020-12-21,19,7,False,True,,gap_expired,0.650708613,77.147649097,Consumer Cyclical,63.95
2819,LOW,2021-04-07,2021-05-10,3,1,False,False,,gap_expired,-0.061593259,177.018571838,Consumer Cyclical,17.16
2820,LOW,2021-07-15,2021-12-23,6,3,False,True,,gap_expired,0.069270112,179.980809279,Consumer Cyclical,17.01
2821,LOW,2022-03-03,2022-05-06,5,2,False,True,,gap_expired,-0.040408811,207.523666657,Consumer Cyclical,30.48
2822,LOW,2023-02-24,2023-02-24,1,1,False,False,,gap_expired,-0.092315416,192.676467134,Consumer Cyclical,21.67
2823,LOW,2023-07-13,2023-11-17,5,2,False,False,,gap_expired,-0.201990323,217.919495216,Consumer Cyclical,13.61
2824,LOW,2024-02-23,2024-04-03,4,2,False,True,,gap_expired,-0.092666338,224.258659763,Consumer Cyclical,13.75
2825,LOW,2024-07-11,2024-09-11,4,2,True,False,2024-09-11,gap_expired,-0.178516651,223.531685113,Consumer Cyclical,12.92
2826,LPG,2024-05-03,2024-05-03,1,1,False,False,,gap_expired,-0.54962008,35.454187468,Energy,13.49
2827,LPLA,2020-04-08,2020-04-08,1,1,False,False,,gap_expired,1.184306461,53.840329062,Financial Services,43.35
2828,LPRO,2021-12-23,2021-12-23,1,1,False,False,,gap_expired,-0.561305162,24.87,Financial Services,17.96
2829,LPSN,2020-05-11,2020-05-11,1,1,False,False,,gap_expired,-0.029408723,543.0,Technology,27.57
2830,LPSN,2020-09-09,2020-09-09,1,1,False,True,,gap_expired,-0.053635835,787.05,Technology,28.81
2831,LPX,2021-06-21,2021-06-21,1,1,False,True,,gap_expired,0.044834733,53.842331736,Industrials,17.89
2832,LRCX,2018-03-06,2018-03-29,3,1,False,True,,gap_expired,-0.198106108,18.414756729,Technology,18.36
2833,LRCX,2018-06-11,2018-07-30,2,1,False,True,,gap_expired,-0.058075725,16.631603197,Technology,12.35
2834,LRCX,2018-12-12,2019-05-15,11,3,False,False,,gap_expired,0.850052941,12.722897795,Technology,21.46
2835,LRCX,2019-10-04,2020-02-11,5,4,True,True,2019-10-04,gap_expired,0.325747305,21.626934408,Technology,17.04
2836,LRCX,2020-10-19,2021-10-19,15,7,False,True,,gap_expired,0.223965713,34.567505742,Technology,29.18
2837,LRCX,2021-12-21,2022-07-28,9,5,False,True,,gap_expired,-0.224435852,64.829871958,Technology,21.01
2838,LRCX,2022-10-20,2022-10-20,1,1,False,False,,gap_expired,0.545561166,34.273459232,Technology,29.98
2839,LRCX,2023-01-06,2023-01-06,1,1,False,False,,gap_expired,0.237521963,43.727296752,Technology,21.13
2840,LRCX,2023-03-16,2023-03-16,1,1,False,True,,gap_expired,0.104574792,50.109919287,Technology,22.99
2841,LRCX,2023-10-13,2023-10-13,1,1,False,False,,gap_expired,0.038336989,63.374855926,Technology,19.32
2842,LRCX,2024-09-06,2024-12-03,6,2,False,False,,gap_expired,0.351476299,73.16694043,Technology,22.38
2843,LRGR,2020-12-02,2020-12-02,1,1,False,False,,gap_expired,0.299863582,0.1,Consumer Defensive,21.17
2844,LSCC,2019-11-08,2019-12-16,2,1,False,False,,gap_expired,0.760431223,19.65,Technology,12.07
2845,LSCC,2023-04-12,2023-04-12,1,1,False,False,,gap_expired,-0.433770639,91.05,Technology,19.09
2846,LSPD,2021-06-28,2021-06-28,1,1,False,False,,gap_expired,-0.643576092,86.41,Technology,15.76
2847,LTH,2022-12-15,2022-12-15,1,1,False,False,,gap_expired,-0.055789815,12.62,Consumer Cyclical,22.83
2848,LTHM,2022-05-18,2022-05-18,1,1,False,False,,gap_expired,-0.213340937,11.429711405,Basic Materials,30.96
2849,LTHM,2023-04-28,2023-04-28,1,1,False,False,,gap_expired,-0.335062775,9.048253949,Basic Materials,15.78
2850,LULU,2018-02-07,2018-04-06,2,2,False,True,,gap_expired,0.494996399,81.75,Consumer Cyclical,27.73
2851,LULU,2018-08-24,2018-10-24,3,3,False,True,,gap_expired,0.133715994,139.22,Consumer Cyclical,11.99
2852,LULU,2019-01-07,2019-01-16,2,2,False,False,,gap_expired,0.36790996,234.88,Consumer Cyclical,21.4
2853,LULU,2019-03-22,2019-09-06,9,4,False,True,,gap_expired,0.458953593,142.91,Consumer Cyclical,16.48
2854,LULU,2019-11-21,2019-12-06,2,1,False,False,,gap_expired,0.427484434,218.0,Consumer Cyclical,13.13
2855,LULU,2020-04-15,2020-06-30,5,2,False,True,,gap_expired,0.024610582,210.0,Consumer Cyclical,40.84
2856,LULU,2020-09-16,2020-12-16,9,3,False,True,,gap_expired,0.055120495,304.15,Consumer Cyclical,26.04
2857,LULU,2021-02-24,2021-02-24,1,1,False,False,,gap_expired,-0.130144598,316.2,Consumer Cyclical,21.34
2858,LULU,2021-08-03,2021-08-03,1,1,False,False,,gap_expired,-0.18156214,409.0,Consumer Cyclical,18.04
2859,LULU,2021-10-20,2021-10-20,1,1,False,False,,gap_expired,-0.123638689,416.27,Consumer Cyclical,15.49
2860,LULU,2022-03-18,2022-04-29,3,2,False,False,,gap_expired,0.06352187,316.08,Consumer Cyclical,23.87
2861,LULU,2022-11-02,2023-01-20,6,3,False,True,,gap_expired,0.102979217,315.18,Consumer Cyclical,25.86
2862,LULU,2023-03-24,2023-06-13,5,3,False,True,,gap_expired,-0.101831437,316.3,Consumer Cyclical,21.74
2863,LULU,2023-09-07,2023-09-21,2,1,False,False,,gap_expired,-0.016527771,401.05,Consumer Cyclical,14.4
2864,LULU,2024-01-03,2024-01-11,2,1,False,False,,gap_expired,-0.392293517,496.9,Consumer Cyclical,14.04
2865,LULU,2024-10-18,2024-12-03,2,2,False,False,,gap_expired,-0.550157303,291.43,Consumer Cyclical,18.03
2866,LUMN,2018-08-09,2018-09-07,2,1,False,True,,gap_expired,-0.23917984,14.351582418,Communication Services,11.27
2867,LUMN,2022-05-06,2022-05-06,1,1,False,False,,gap_expired,-0.810342771,10.439940446,Communication Services,30.19
2868,LUV,2018-01-10,2019-04-01,14,7,True,True,2018-04-17,gap_expired,-0.187536024,57.550018095,Industrials,9.82
2869,LUV,2019-10-24,2019-10-24,1,1,False,True,,gap_expired,-0.065309271,51.793995491,Industrials,13.71
2870,LUV,2020-03-18,2020-03-18,1,1,False,True,,gap_expired,0.098155057,32.235278991,Industrials,76.45
2871,LUV,2020-05-27,2020-12-17,10,4,False,True,,gap_expired,0.422570532,31.53762304,Industrials,27.62
2872,LUV,2021-02-22,2021-08-23,10,3,False,True,,gap_expired,-0.319895432,52.283537716,Industrials,23.45
2873,LUV,2022-10-31,2022-10-31,1,1,False,False,,gap_expired,-0.479111227,34.272668881,Industrials,25.88
2874,LUV,2023-04-24,2023-04-24,1,1,False,True,,gap_expired,-0.368123732,29.924065594,Industrials,16.89
2875,LUV,2023-08-22,2023-08-22,1,1,False,True,,gap_expired,-0.381436983,29.759895314,Industrials,16.97
2876,LUV,2024-06-10,2024-06-10,1,1,False,False,,gap_expired,0.011872633,28.365012487,Industrials,12.74
2877,LVS,2018-05-31,2018-05-31,2,1,False,True,,gap_expired,-0.315476761,67.92379507,Consumer Cyclical,15.43
2878,LVS,2019-02-25,2019-06-11,5,3,False,True,,gap_expired,-0.116828873,54.000600506,Consumer Cyclical,14.85
2879,LVS,2019-12-18,2019-12-18,1,1,False,False,,gap_expired,-0.332456627,64.231128959,Consumer Cyclical,12.58
2880,LVS,2020-12-14,2020-12-14,1,1,False,False,,gap_expired,-0.670160633,54.399077751,Consumer Cyclical,24.72
2881,LW,2022-12-14,2022-12-14,1,1,False,True,,gap_expired,0.02898539,81.423513352,Consumer Defensive,21.14
2882,LW,2024-01-17,2024-01-17,1,1,False,False,,gap_expired,-0.70787714,104.376874474,Consumer Defensive,14.79
2883,LW,2024-07-29,2024-07-29,1,1,False,False,,gap_expired,-0.141521068,54.606287974,Consumer Defensive,16.6
2884,LYB,2018-11-30,2018-11-30,1,1,False,False,,gap_expired,-0.119748003,60.652917938,Basic Materials,18.07
2885,LYB,2020-01-29,2020-01-29,1,1,False,False,,gap_expired,-0.066389358,55.64348519,Basic Materials,16.39
2886,LYB,2020-09-23,2020-09-23,1,1,False,False,,gap_expired,-0.016269022,49.284187612,Basic Materials,28.58
2887,LYB,2021-04-27,2021-08-05,3,2,False,False,,gap_expired,0.032342622,75.739478623,Basic Materials,17.56
2888,LYB,2023-03-14,2023-03-14,1,1,False,False,,gap_expired,-0.107608193,70.34906368,Basic Materials,23.73
2889,LYB,2023-06-08,2023-06-08,1,1,False,True,,gap_expired,-0.139500086,75.48745473,Basic Materials,13.65
2890,LYB,2024-10-07,2024-12-06,3,2,False,False,,gap_expired,-0.641632383,84.419454597,Basic Materials,22.64
2891,LYFT,2019-03-29,2019-03-29,1,1,False,True,,gap_expired,-0.565359404,74.9,Technology,13.71
2892,LYFT,2019-11-06,2020-02-07,3,2,False,True,,gap_expired,-0.467741342,43.31,Technology,12.62
2893,LYFT,2020-11-04,2020-11-04,1,1,False,False,,gap_expired,0.480307024,29.091,Technology,29.57
2894,LYFT,2021-05-14,2021-05-14,1,1,False,False,,gap_expired,-0.58721258,49.25,Technology,18.81
2895,LYFT,2021-08-09,2021-08-09,1,1,False,False,,gap_expired,-0.593423603,52.58,Technology,16.72
2896,LYFT,2023-04-24,2023-05-12,2,2,False,True,,gap_expired,0.331442706,10.2,Technology,16.89
2897,LYFT,2023-10-12,2023-12-06,3,2,False,False,,gap_expired,-0.097845063,10.62,Technology,16.69
2898,LYFT,2024-05-13,2024-06-06,2,1,False,False,,gap_expired,-0.183160287,17.26,Technology,13.6
2899,LYFT,2024-09-09,2024-09-09,1,1,False,False,,gap_expired,0.50073197,10.86,Technology,19.45
2900,LYFT,2024-12-18,2024-12-18,1,1,False,False,,gap_expired,0.243424975,13.76,Technology,27.62
2901,LYV,2020-08-18,2020-08-18,1,1,False,False,,gap_expired,0.253871413,50.62,Communication Services,21.51
2902,LYV,2021-03-19,2021-03-19,1,1,False,True,,gap_expired,0.191050563,84.68,Communication Services,20.95
2903,LYV,2023-01-17,2023-01-17,1,1,False,False,,gap_expired,-0.039120767,76.73,Communication Services,19.36
2904,LYV,2023-08-02,2023-08-02,1,1,False,True,,gap_expired,-0.137589409,85.22,Communication Services,16.09
2905,LYV,2024-02-23,2024-02-23,1,1,False,False,,gap_expired,0.32367608,94.64,Communication Services,13.75
2906,LYV,2024-05-03,2024-05-21,2,1,False,False,,gap_expired,0.296494304,95.5,Communication Services,13.49
2907,LYV,2024-12-09,2024-12-09,1,1,False,False,,gap_expired,-0.075342345,134.46,Communication Services,14.19
2908,M,2018-01-17,2018-06-08,9,5,False,True,,gap_expired,0.054509902,18.740816615,Consumer Cyclical,11.91
2909,M,2018-08-10,2018-09-18,4,2,False,False,,gap_expired,-0.579944354,29.349661313,Consumer Cyclical,13.16
2910,M,2018-11-26,2019-01-10,2,2,False,False,,gap_expired,-0.697070588,23.866240345,Consumer Cyclical,18.9
2911,M,2019-04-01,2019-05-10,4,1,False,True,,gap_expired,-0.677861545,18.596799158,Consumer Cyclical,13.4
2912,M,2019-11-15,2019-11-15,1,1,False,False,,gap_expired,-0.622624379,13.274166466,Consumer Cyclical,12.05
2913,M,2020-06-04,2020-06-04,1,1,False,False,,gap_expired,0.630775091,7.902645386,Consumer Cyclical,25.81
2914,M,2020-09-22,2020-09-22,1,1,False,False,,gap_expired,2.328414419,5.321654826,Consumer Cyclical,26.86
2915,M,2020-11-23,2021-01-12,2,2,False,True,,gap_expired,1.610483089,9.281427625,Consumer Cyclical,22.66
2916,M,2021-03-30,2021-03-30,1,1,False,False,,gap_expired,0.390081695,14.006233848,Consumer Cyclical,19.61
2917,M,2021-06-29,2021-06-29,1,1,False,True,,gap_expired,0.103220922,15.847322256,Consumer Cyclical,16.02
2918,M,2021-10-11,2021-12-16,5,3,False,True,,gap_expired,-0.018123159,18.907471678,Consumer Cyclical,20.0
2919,M,2022-03-15,2022-06-03,4,2,False,True,,gap_expired,-0.151382774,21.619715833,Consumer Cyclical,29.83
2920,M,2022-08-18,2022-11-30,5,4,False,True,,gap_expired,-0.389862228,17.228468352,Consumer Cyclical,19.56
2921,M,2023-02-24,2023-02-24,1,1,False,False,,gap_expired,-0.368289183,18.396215773,Consumer Cyclical,21.67
2922,M,2023-11-20,2023-11-28,2,1,False,False,,gap_expired,-0.267954591,13.419867978,Consumer Cyclical,13.41
2923,M,2024-05-24,2024-06-14,2,1,False,False,,gap_expired,-0.329590748,18.701740145,Consumer Cyclical,11.93
2924,M2RV34,2018-01-09,2018-01-09,1,1,False,False,,gap_expired,-0.19541177,21.713461066,Technology,10.08
2925,M2RV34,2019-01-07,2019-01-07,1,1,False,False,,gap_expired,0.685495572,25.537916315,Technology,21.4
2926,M2RV34,2019-03-29,2023-01-26,57,21,True,True,2019-09-10,gap_expired,0.21249648,19.382067955,Technology,13.71
2927,M2RV34,2023-05-30,2023-06-07,2,1,False,True,,gap_expired,-0.161140573,61.212852476,Technology,17.46
2928,M2RV34,2023-09-28,2023-12-04,3,2,True,True,2023-12-04,gap_expired,-0.051766061,54.532098665,Technology,17.34
2929,M2RV34,2024-04-11,2024-05-24,3,2,False,False,,gap_expired,-0.294018323,69.594890543,Technology,14.91
2930,M2RV34,2024-07-30,2024-09-04,2,1,False,False,,gap_expired,-0.009761087,66.20895095,Technology,17.69
2931,M2RV34,2024-11-18,2024-11-18,1,1,False,False,,gap_expired,-0.255025318,87.372079858,Technology,15.58
2932,M44,2021-07-09,2021-07-09,1,1,False,False,,gap_expired,-0.611241637,27.81,Financial Services,16.18
2933,M44,2024-02-14,2024-02-14,1,1,False,False,,gap_expired,-0.217477631,30.0,Financial Services,14.38
2934,M8V,2018-04-30,2018-04-30,1,1,False,True,,gap_expired,-0.258504881,103.90219635,Consumer Cyclical,15.93
2935,M8V,2019-10-28,2019-10-28,1,1,False,False,,gap_expired,-0.247519332,95.423116173,Consumer Cyclical,13.11
2936,M8V,2020-06-10,2020-06-24,2,1,False,True,,gap_expired,0.604907802,76.093591579,Consumer Cyclical,27.57
2937,MA,2018-01-12,2021-02-22,39,14,True,True,2018-03-13,gap_expired,0.263326986,156.499693785,Financial Services,10.16
2938,MA,2021-10-14,2021-12-22,6,4,True,False,2021-11-05,gap_expired,0.013081419,340.397738065,Financial Services,16.86
2939,MA,2022-05-17,2022-05-17,1,1,False,False,,gap_expired,0.108008991,326.27608933,Financial Services,26.1
2940,MA,2022-11-18,2022-11-18,1,1,True,False,2022-11-18,gap_expired,0.032445694,336.505765253,Financial Services,23.12
2941,MA,2023-05-05,2023-05-15,2,1,False,False,,gap_expired,-0.079285574,377.942799444,Financial Services,17.19
2942,MA,2023-09-28,2023-09-28,1,1,False,False,,gap_expired,-0.093093857,396.250215705,Financial Services,17.34
2943,MA,2024-04-26,2024-06-14,2,1,False,False,,gap_expired,0.084114655,456.330113414,Financial Services,15.03
2944,MA,2024-11-13,2024-11-13,1,1,False,False,,gap_expired,-0.09929577,516.851707667,Financial Services,14.02
2945,MAA,2022-10-12,2022-10-12,1,1,False,False,,gap_expired,-0.294551611,123.936563521,Real Estate,33.57
2946,MANH,2024-03-08,2024-03-08,1,1,False,False,,gap_expired,-0.455856849,256.19,Technology,14.74
2947,MAPS,2021-07-06,2021-07-06,1,1,False,False,,gap_expired,-0.709746292,18.5,Technology,16.44
2948,MAR,2018-02-09,2018-02-09,1,1,False,False,,gap_expired,-0.186666462,128.574143226,Consumer Cyclical,29.06
2949,MAR,2018-04-11,2018-04-11,1,1,False,False,,gap_expired,-0.085681421,124.269095369,Consumer Cyclical,20.24
2950,MAR,2018-07-12,2018-08-03,2,1,False,False,,gap_expired,0.023325015,122.780039126,Consumer Cyclical,12.58
2951,MAR,2018-10-19,2018-10-19,1,1,False,False,,gap_expired,0.008784917,106.207364841,Consumer Cyclical,19.89
2952,MAR,2019-03-01,2019-05-08,2,2,True,False,2019-03-01,gap_expired,-0.169262812,120.17152143,Consumer Cyclical,13.57
2953,MAR,2020-08-06,2020-08-10,2,2,False,False,,gap_expired,0.173199994,87.017877417,Consumer Cyclical,22.65
2954,MAR,2020-12-11,2020-12-11,1,1,False,False,,gap_expired,-0.101598738,126.616150704,Consumer Cyclical,23.31
2955,MAR,2021-02-22,2021-03-30,2,1,False,True,,gap_expired,0.062292374,139.838077575,Consumer Cyclical,23.45
2956,MAR,2021-06-28,2021-06-28,1,1,False,False,,gap_expired,0.113051528,131.158500776,Consumer Cyclical,15.76
2957,MAR,2021-10-29,2021-12-22,3,1,False,False,,gap_expired,0.153577337,154.689906766,Consumer Cyclical,16.26
2958,MAR,2022-04-11,2022-04-11,1,1,False,False,,gap_expired,0.083115936,158.769317204,Consumer Cyclical,24.37
2959,MAR,2023-01-17,2023-01-17,1,1,False,False,,gap_expired,0.227474297,157.486152948,Consumer Cyclical,19.36
2960,MAR,2023-03-22,2023-03-22,1,1,False,False,,gap_expired,0.22031977,159.32493593,Consumer Cyclical,22.26
2961,MAR,2023-05-22,2023-05-22,1,1,False,True,,gap_expired,0.076191037,168.6815943,Consumer Cyclical,17.21
2962,MAR,2023-07-26,2023-07-26,1,1,False,False,,gap_expired,0.035865423,189.585540883,Consumer Cyclical,13.19
2963,MAR,2024-02-09,2024-02-09,1,1,False,True,,gap_expired,-0.050190236,241.494444167,Consumer Cyclical,12.93
2964,MAS,2018-04-17,2018-04-17,1,1,False,False,,gap_expired,-0.116832392,36.8458606,Industrials,15.25
2965,MAS,2018-10-31,2018-10-31,1,1,False,False,,gap_expired,0.39994958,26.837424669,Industrials,21.23
2966,MAS,2020-10-28,2020-10-28,1,1,False,False,,gap_expired,-0.19806101,49.325872251,Industrials,40.28
2967,MAS,2024-10-29,2024-10-29,1,1,True,False,2024-10-29,gap_expired,-0.384892195,78.737716218,Industrials,19.34
2968,MASI,2018-12-11,2018-12-11,1,1,False,False,,gap_expired,0.224671749,109.68,Healthcare,21.76
2969,MASI,2019-12-19,2020-01-28,2,1,False,True,,gap_expired,0.504362357,158.51,Healthcare,12.5
2970,MAT,2018-04-04,2018-04-04,1,1,False,False,,gap_expired,-0.086669865,13.27,Consumer Cyclical,20.06
2971,MAT,2018-06-29,2018-06-29,1,1,False,False,,gap_expired,-0.426020778,16.35,Consumer Cyclical,16.09
2972,MAT,2018-11-21,2019-02-20,4,3,False,False,,gap_expired,-0.31543958,13.06,Consumer Cyclical,20.8
2973,MAT,2019-07-12,2019-08-30,2,2,False,False,,gap_expired,-0.186202242,11.7,Consumer Cyclical,12.39
2974,MAT,2019-11-18,2019-12-16,3,1,False,False,,gap_expired,0.074920282,11.76,Consumer Cyclical,12.46
2975,MAT,2020-05-06,2020-05-06,1,1,False,False,,gap_expired,1.018117572,8.71,Consumer Cyclical,34.12
2976,MAT,2020-10-08,2020-10-08,1,1,False,True,,gap_expired,0.203974545,12.76,Consumer Cyclical,26.36
2977,MAT,2021-02-10,2021-02-10,1,1,False,True,,gap_expired,0.156455963,18.55,Consumer Cyclical,21.99
2978,MAT,2021-04-13,2021-04-22,2,2,False,True,,gap_expired,0.009944892,20.33,Consumer Cyclical,16.65
2979,MAT,2021-07-27,2021-07-27,1,1,False,False,,gap_expired,0.131169703,21.81,Consumer Cyclical,19.36
2980,MAT,2021-10-12,2021-10-12,1,1,True,False,2021-10-12,gap_expired,0.058142648,21.7,Consumer Cyclical,19.85
2981,MAT,2022-02-22,2022-04-27,3,3,False,True,,gap_expired,-0.179362231,24.28,Consumer Cyclical,28.81
2982,MAT,2022-07-18,2022-09-01,3,1,False,False,,gap_expired,-0.215092979,21.81,Consumer Cyclical,25.3
2983,MAT,2023-08-30,2023-10-25,2,2,True,False,2023-10-25,gap_expired,-0.398632859,22.24,Consumer Cyclical,13.88
2984,MAT,2024-03-12,2024-04-23,2,1,False,False,,gap_expired,-0.116751399,20.29,Consumer Cyclical,13.84
2985,MAT,2024-07-02,2024-07-23,2,1,False,False,,gap_expired,0.087076392,16.31,Consumer Cyclical,12.03
2986,MAT,2024-09-25,2024-09-25,1,1,False,False,,gap_expired,-0.288154085,19.0,Consumer Cyclical,15.41
2987,MATV,2023-01-13,2023-01-13,1,1,False,False,,gap_expired,-0.690388906,22.465300159,Basic Materials,18.35
2988,MBC,2024-04-04,2024-04-04,1,1,False,True,,gap_expired,-0.374081406,18.45,Consumer Cyclical,16.35
2989,MBC,2024-08-26,2024-08-26,1,1,False,False,,gap_expired,-0.387069884,16.29,Consumer Cyclical,16.15
2990,MBLY,2022-12-20,2022-12-20,1,1,False,False,,gap_expired,0.001186888,34.2,Consumer Cyclical,21.48
2991,MCHP,2022-07-14,2022-07-14,1,1,False,False,,gap_expired,0.343336549,56.491320642,Technology,26.4
2992,MCK,2020-11-16,2020-12-17,3,1,False,False,,gap_expired,-0.049770067,172.39305483,Healthcare,22.45
2993,MCK,2021-05-05,2021-05-05,1,1,False,True,,gap_expired,0.7099413,180.017424045,Healthcare,19.15
2994,MCK,2022-05-06,2022-05-10,2,1,False,True,,gap_expired,0.053760084,324.706930514,Healthcare,30.19
2995,MCK,2022-11-15,2023-04-04,5,2,False,True,,gap_expired,0.118368304,350.21712123,Healthcare,24.54
2996,MCK,2023-10-09,2023-10-09,1,1,False,False,,gap_expired,-0.219401109,445.884312957,Healthcare,17.7
2997,MCK,2024-04-18,2024-04-18,1,1,False,True,,gap_expired,0.25172425,516.015624307,Healthcare,18.0
2998,MCK,2024-10-01,2024-12-02,3,2,False,False,,gap_expired,0.30351765,493.425842725,Healthcare,19.26
2999,MCO,2018-06-22,2018-06-22,1,1,False,False,,gap_expired,0.058774241,160.751342688,Financial Services,13.77
3000,MCO,2021-06-11,2021-06-11,1,1,False,False,,gap_expired,-0.118539802,331.68168133,Financial Services,15.65
3001,MCTR,2018-05-11,2018-05-11,1,1,False,True,,gap_expired,-0.074354544,24.01,Technology,12.65
3002,MD,2019-03-06,2019-03-06,1,1,False,False,,gap_expired,-0.572038267,30.66,Healthcare,15.74
3003,MDB,2018-07-09,2018-07-09,1,1,False,True,,gap_expired,1.852724195,53.59,Technology,12.69
3004,MDB,2018-11-27,2018-11-27,1,1,False,False,,gap_expired,0.586747456,80.81,Technology,19.02
3005,MDB,2019-05-31,2019-07-01,3,3,False,True,,gap_expired,0.018179026,140.3,Technology,18.71
3006,MDB,2019-11-07,2019-11-07,1,1,False,True,,gap_expired,0.768550829,123.48,Technology,12.73
3007,MDB,2021-07-12,2021-07-12,1,1,False,False,,gap_expired,-0.039548524,351.0,Technology,16.17
3008,MDB,2021-09-21,2021-09-21,1,1,False,True,,gap_expired,-0.464684959,487.57,Technology,24.36
3009,MDB,2021-12-13,2021-12-13,1,1,False,False,,gap_expired,-0.444300136,488.5,Technology,20.31
3010,MDB,2023-07-17,2023-07-26,2,1,False,False,,gap_expired,-0.65486912,419.04,Technology,13.48
3011,MDB,2023-10-03,2023-10-03,1,1,False,False,,gap_expired,-0.588603323,337.05,Technology,19.78
3012,MDB,2023-12-20,2024-03-25,4,2,False,True,,gap_expired,-0.683975631,409.0,Technology,13.67
3013,MDB,2024-09-12,2024-09-12,1,1,False,False,,gap_expired,-0.106744659,295.62,Technology,17.07
3014,MDLZ,2018-01-19,2018-02-09,2,2,True,False,2018-02-09,gap_expired,0.061307593,36.055695426,Consumer Defensive,11.27
3015,MDLZ,2019-02-07,2020-05-20,13,7,True,False,2019-03-28,gap_expired,0.036836995,38.932586604,Consumer Defensive,16.37
3016,MDLZ,2021-04-28,2021-05-21,2,1,False,False,,gap_expired,0.080507487,53.965507244,Consumer Defensive,17.28
3017,MDLZ,2023-04-28,2023-04-28,1,1,False,False,,gap_expired,-0.276101471,70.981466178,Consumer Defensive,15.78
3018,MDLZ,2023-08-22,2023-08-22,1,1,False,False,,gap_expired,-0.262253293,65.742828072,Consumer Defensive,16.97
3019,MDRX,2020-03-13,2020-03-13,1,1,False,False,,gap_expired,1.122335658,5.5,Healthcare,57.83
3020,MDT,2018-01-29,2018-01-29,1,1,False,False,,gap_expired,0.078519639,69.234428805,Healthcare,13.84
3021,MDT,2018-06-05,2018-06-05,1,1,False,False,,gap_expired,0.080435242,70.339639642,Healthcare,12.4
3022,MDT,2018-08-13,2019-02-15,10,4,False,True,,gap_expired,0.120374769,73.929913662,Healthcare,14.78
3023,MDT,2019-10-23,2020-05-15,7,4,False,True,,gap_expired,-0.092797786,88.511845922,Healthcare,14.01
3024,MDT,2020-10-14,2020-11-20,2,1,False,True,,gap_expired,-0.086286551,90.836717194,Healthcare,26.4
3025,MDT,2021-05-21,2021-05-21,1,1,False,False,,gap_expired,-0.206534225,110.848546101,Healthcare,20.15
3026,MDT,2023-03-27,2023-06-16,4,2,False,False,,gap_expired,-0.198955024,72.139733264,Healthcare,20.6
3027,MDT,2024-01-16,2024-01-16,1,1,False,False,,gap_expired,-0.226084264,80.80481165,Healthcare,13.84
3028,MDT,2024-03-28,2024-06-07,4,2,False,False,,gap_expired,-0.033555366,82.078669179,Healthcare,13.01
3029,MDT,2024-12-17,2024-12-17,1,1,False,False,,gap_expired,0.089228257,78.205283506,Healthcare,15.87
3030,MDXG,2021-11-02,2021-11-02,1,1,False,False,,gap_expired,-0.420522517,7.35,Healthcare,16.03
3031,MED,2020-05-21,2020-05-21,1,1,False,False,,gap_expired,2.175641835,80.10895872,Consumer Cyclical,29.53
3032,MEDP,2019-09-13,2019-09-13,1,1,False,False,,gap_expired,0.239172669,85.99,Healthcare,13.74
3033,MEDP,2021-05-05,2021-05-05,1,1,False,True,,gap_expired,-0.166957447,164.0,Healthcare,19.15
3034,MEG,2021-05-18,2021-05-18,1,1,False,False,,gap_expired,-0.177723841,49.49,Industrials,21.34
3035,MELI,2018-01-08,2018-01-08,1,1,False,False,,gap_expired,0.027861381,343.29,Consumer Cyclical,9.52
3036,MELI,2019-04-17,2019-06-20,3,2,False,True,,gap_expired,0.236736654,490.24,Consumer Cyclical,12.6
3037,MELI,2020-05-06,2020-07-29,3,2,True,False,2020-05-06,gap_expired,0.484520113,750.0,Consumer Cyclical,34.12
3038,MELI,2022-01-04,2022-01-04,1,1,False,False,,gap_expired,-0.23264609,1205.23,Consumer Cyclical,16.91
3039,MELI,2022-12-08,2023-01-20,2,2,False,False,,gap_expired,0.647204744,878.37,Consumer Cyclical,22.29
3040,MELI,2023-04-04,2023-04-04,1,1,False,True,,gap_expired,-0.134589639,1288.28,Consumer Cyclical,19.0
3041,MELI,2024-01-29,2024-02-08,2,2,True,False,2024-02-08,gap_expired,-0.150385134,1760.0,Consumer Cyclical,13.6
3042,MET,2020-09-23,2020-09-23,1,1,False,True,,gap_expired,0.354062026,30.487915132,Financial Services,28.58
3043,META,2018-01-12,2024-11-26,170,50,True,True,2018-08-06,gap_expired,0.024029527,180.240925788,Communication Services,10.16
3044,MGA,2020-06-04,2020-06-04,1,1,False,False,,gap_expired,0.812149209,39.316181377,Consumer Cyclical,25.81
3045,MGA,2020-09-23,2020-10-22,2,2,False,False,,gap_expired,0.398126896,36.712077308,Consumer Cyclical,28.58
3046,MGA,2021-03-02,2021-03-18,2,1,False,False,,gap_expired,-0.332302069,74.244701608,Consumer Cyclical,24.1
3047,MGA,2021-06-22,2021-06-22,1,1,False,False,,gap_expired,-0.285879458,79.200913611,Consumer Cyclical,16.66
3048,MGA,2021-09-13,2021-09-13,1,1,False,True,,gap_expired,-0.162452726,67.93119927,Consumer Cyclical,19.37
3049,MGA,2022-05-02,2022-05-02,1,1,False,False,,gap_expired,-0.137702242,52.41416742,Consumer Cyclical,32.34
3050,MGA,2024-01-03,2024-02-02,2,1,False,False,,gap_expired,-0.497569312,50.523380045,Consumer Cyclical,14.04
3051,MGM,2018-01-12,2018-01-12,1,1,False,False,,gap_expired,-0.169087214,34.178750445,Consumer Cyclical,10.16
3052,MGM,2018-04-11,2018-07-12,8,2,False,True,,gap_expired,-0.291892707,32.508416633,Consumer Cyclical,20.24
3053,MGM,2019-10-11,2019-10-30,2,1,False,True,,gap_expired,-0.443155627,27.47144779,Consumer Cyclical,15.58
3054,MGM,2020-11-04,2021-02-12,3,3,False,False,,gap_expired,0.948580635,21.806812079,Consumer Cyclical,29.57
3055,MGM,2021-11-08,2021-11-08,1,1,False,False,,gap_expired,-0.116234972,48.423624761,Consumer Cyclical,17.22
3056,MGM,2023-01-17,2023-01-17,1,1,False,False,,gap_expired,-0.136072899,39.4,Consumer Cyclical,19.36
3057,MGM,2023-07-26,2023-07-26,1,1,False,True,,gap_expired,-0.361263438,50.8,Consumer Cyclical,13.19
3058,MGNI,2021-02-10,2021-02-10,1,1,False,False,,gap_expired,-0.926641026,59.0,Communication Services,21.99
3059,MGPI,2018-08-21,2018-08-21,1,1,False,False,,gap_expired,-0.395393798,68.722757164,Consumer Defensive,12.86
3060,MGPI,2020-10-21,2020-10-21,1,1,False,False,,gap_expired,0.308836296,39.60583329,Consumer Defensive,28.65
3061,MGPI,2021-12-20,2021-12-20,1,1,False,True,,gap_expired,0.461708883,81.048343254,Consumer Defensive,22.87
3062,MGTX,2024-05-20,2024-05-20,1,1,False,False,,gap_expired,-0.214902562,5.71,Healthcare,12.15
3063,MGTX,2024-11-07,2024-11-07,1,1,False,False,,gap_expired,0.103995705,6.85,Healthcare,15.2
3064,MGY,2022-04-28,2022-04-28,1,1,False,False,,gap_expired,-0.143455194,22.070705688,Energy,29.99
3065,MHK,2018-01-22,2018-01-22,1,1,False,False,,gap_expired,-0.49600247,280.17,Consumer Cyclical,11.03
3066,MHK,2024-10-01,2024-10-01,1,1,False,False,,gap_expired,-0.398873011,158.0,Consumer Cyclical,19.26
3067,MHO,2021-03-31,2021-03-31,1,1,False,False,,gap_expired,-0.409016076,59.97,Consumer Cyclical,19.4
3068,MITK,2021-08-25,2021-08-25,1,1,False,False,,gap_expired,-0.443439258,21.76,Technology,16.79
3069,MITK,2021-11-08,2021-11-08,1,1,False,False,,gap_expired,-0.209237616,17.75,Technology,17.22
3070,MITK,2022-06-13,2022-06-13,1,1,False,False,,gap_expired,0.080858339,8.72,Technology,34.02
3071,MKC,2018-03-23,2018-03-23,1,1,False,False,,gap_expired,0.32013484,45.880101773,Consumer Defensive,24.87
3072,MKC,2018-07-16,2018-10-09,6,2,False,True,,gap_expired,0.282379272,51.354500032,Consumer Defensive,12.83
3073,MKC,2019-01-11,2019-04-08,5,4,False,True,,gap_expired,-0.079088135,60.811207578,Consumer Defensive,18.19
3074,MKC,2019-08-20,2019-10-24,4,2,False,True,,gap_expired,0.098630912,71.089169173,Consumer Defensive,17.5
3075,MKC,2020-01-27,2020-04-15,7,2,False,True,,gap_expired,-0.011580446,73.030588141,Consumer Defensive,18.23
3076,MKC,2020-06-18,2020-06-18,1,1,False,False,,gap_expired,-0.352313196,78.352513521,Consumer Defensive,32.94
3077,MKC,2020-09-25,2020-09-29,2,2,True,False,2020-09-29,gap_expired,-0.452343432,87.223724679,Consumer Defensive,26.38
3078,MKC,2021-04-07,2021-04-07,1,1,False,False,,gap_expired,0.06114963,80.279393979,Consumer Defensive,17.16
3079,MKC,2021-06-25,2021-06-25,1,1,False,True,,gap_expired,0.102822713,79.335718586,Consumer Defensive,15.62
3080,MKC,2021-09-22,2021-10-04,2,1,False,True,,gap_expired,0.054355968,77.728883926,Consumer Defensive,20.87
3081,MKC,2022-01-27,2022-03-29,3,2,False,True,,gap_expired,-0.175504248,89.934995857,Consumer Defensive,30.49
3082,MKC,2022-06-24,2022-06-24,1,1,False,False,,gap_expired,-0.067124097,80.667774986,Consumer Defensive,27.23
3083,MKC,2022-08-25,2022-08-25,1,1,False,False,,gap_expired,-0.140115155,82.194298889,Consumer Defensive,21.78
3084,MKC,2023-01-26,2023-01-26,1,1,False,True,,gap_expired,-0.274990876,68.788602711,Consumer Defensive,18.73
3085,MKC,2024-03-22,2024-03-22,1,1,False,False,,gap_expired,0.083126854,66.972398515,Consumer Defensive,13.06
3086,MKC,2024-06-24,2024-06-24,1,1,False,True,,gap_expired,-0.010903862,66.001089316,Consumer Defensive,13.33
3087,MKC,2024-10-01,2024-10-09,2,1,False,False,,gap_expired,-0.355713568,80.024236832,Consumer Defensive,19.26
3088,MKSI,2020-01-10,2020-01-10,1,1,False,True,,gap_expired,0.416044518,102.975404922,Technology,12.56
3089,MKSI,2021-08-03,2021-08-03,1,1,False,False,,gap_expired,-0.162074384,151.464813189,Technology,18.04
3090,MKTW,2022-03-18,2022-03-18,1,1,False,False,,gap_expired,-0.57411296,77.4978636,Financial Services,23.87
3091,MKTX,2018-08-06,2018-08-06,1,1,False,False,,gap_expired,0.831395461,176.244460623,Financial Services,11.27
3092,MKTX,2019-02-12,2019-02-12,1,1,False,True,,gap_expired,0.253232457,212.44656648,Financial Services,15.43
3093,MKTX,2019-04-26,2019-04-26,1,1,False,False,,gap_expired,0.637360297,255.434636295,Financial Services,12.73
3094,MKTX,2019-11-10,2020-04-22,5,3,True,True,2019-11-10,gap_expired,0.348436768,326.554678825,Financial Services,
3095,MKTX,2021-04-05,2021-04-05,1,1,False,False,,gap_expired,-0.456444979,481.793273438,Financial Services,17.91
3096,MLI,2024-08-13,2024-08-13,1,1,False,False,,gap_expired,0.168452351,66.967996582,Industrials,18.12
3097,MLM,2018-03-08,2018-04-10,2,1,False,False,,gap_expired,-0.085300127,197.165390113,Basic Materials,16.54
3098,MLM,2019-07-30,2019-07-30,1,1,False,False,,gap_expired,-0.245105807,236.616355443,Basic Materials,13.94
3099,MLM,2020-06-16,2020-07-29,2,1,False,False,,gap_expired,0.20334468,208.609150896,Basic Materials,33.67
3100,MLM,2021-03-01,2021-08-16,5,3,True,False,2021-03-01,gap_expired,-0.063202279,338.144221318,Basic Materials,23.35
3101,MLM,2023-04-03,2023-05-04,2,2,False,False,,gap_expired,0.469283968,351.063644832,Basic Materials,18.55
3102,MLM,2023-07-10,2023-08-17,2,1,False,False,,gap_expired,-0.029364106,440.179006751,Basic Materials,15.07
3103,MMM,2018-02-02,2019-02-20,21,7,True,True,2018-05-31,gap_expired,-0.152757262,153.166592316,Industrials,17.31
3104,MMM,2019-07-12,2019-08-30,2,1,False,False,,gap_expired,-0.06822497,113.691327747,Industrials,12.39
3105,MMM,2020-08-05,2020-10-20,6,2,False,False,,gap_expired,-0.041231509,106.061754947,Industrials,22.99
3106,MMM,2021-03-03,2021-03-03,1,1,False,False,,gap_expired,-0.303557112,125.148316151,Industrials,26.67
3107,MMM,2021-11-08,2021-11-08,1,1,False,True,,gap_expired,-0.020717396,128.505411885,Industrials,17.22
3108,MMM,2022-08-04,2022-08-04,1,1,False,False,,gap_expired,-0.006995926,107.094605871,Industrials,21.44
3109,MMM,2024-01-02,2024-01-02,1,1,False,False,,gap_expired,0.196827617,86.247112205,Industrials,13.2
3110,MMM,2024-04-01,2024-04-01,1,1,False,False,,gap_expired,0.48635351,89.379509777,Industrials,13.65
3111,MMM,2024-07-02,2024-09-25,4,2,False,False,,gap_expired,0.404553234,97.917587231,Industrials,12.03
3112,MMPCX,2018-01-02,2018-04-05,3,2,False,False,,gap_expired,-0.08021801,45.81799101,Industrials,9.77
3113,MMPCX,2018-06-13,2018-06-13,1,1,False,True,,gap_expired,-0.108609841,46.331908442,Industrials,12.94
3114,MMPCX,2023-08-08,2023-08-08,1,1,True,False,2023-08-08,gap_expired,0.052287091,63.411674063,Industrials,15.99
3115,MMYT,2021-03-17,2021-03-17,1,1,False,False,,gap_expired,-0.515245438,38.25,Consumer Cyclical,19.23
3116,MNDY,2021-07-23,2021-07-23,1,1,False,False,,gap_expired,-0.448256933,208.84,Technology,17.2
3117,MNDY,2023-07-17,2023-07-26,2,1,False,False,,gap_expired,-0.022753233,185.96,Technology,13.48
3118,MNDY,2024-06-06,2024-06-06,1,1,False,False,,gap_expired,0.209809945,222.87,Technology,12.58
3119,MNKD,2021-06-25,2021-06-25,1,1,False,False,,gap_expired,-0.145766771,5.0,Healthcare,15.62
3120,MNST,2018-01-23,2018-01-23,1,1,False,True,,gap_expired,-0.103993548,34.34,Consumer Defensive,11.1
3121,MNST,2018-08-21,2018-08-21,1,1,False,True,,gap_expired,-0.056765468,30.875,Consumer Defensive,12.86
3122,MNST,2019-06-11,2019-06-11,1,1,False,True,,gap_expired,-0.013864283,32.32,Consumer Defensive,15.99
3123,MNST,2020-05-27,2020-05-27,1,1,False,False,,gap_expired,-0.086179649,35.555,Consumer Defensive,27.62
3124,MNST,2021-08-04,2021-08-04,1,1,False,False,,gap_expired,-0.115749586,46.285,Consumer Defensive,17.97
3125,MNST,2023-10-11,2023-10-11,1,1,False,True,,gap_expired,-0.313207398,49.59,Consumer Defensive,16.09
3126,MNTK,2022-08-31,2022-08-31,1,1,False,False,,gap_expired,-0.628950278,17.8,Basic Materials,25.87
3127,MO,2019-04-03,2019-04-03,1,1,False,False,,gap_expired,-0.138629639,31.996108582,Consumer Defensive,13.74
3128,MOD,2021-07-06,2021-07-06,1,1,False,False,,gap_expired,-0.192642833,16.9,Consumer Cyclical,16.44
3129,MOD,2023-12-14,2024-01-24,2,2,False,True,,gap_expired,0.948453807,56.8,Consumer Cyclical,12.48
3130,MOD,2024-10-10,2024-10-10,1,1,False,False,,gap_expired,0.070301762,130.8,Consumer Cyclical,20.93
3131,MOG-A,2020-09-11,2020-09-11,1,1,False,False,,gap_expired,-0.025950098,57.116119761,Industrials,26.87
3132,MOS,2020-10-12,2020-10-12,1,1,False,False,,gap_expired,0.873989958,17.349053473,Basic Materials,25.07
3133,MOS,2021-01-08,2021-01-08,1,1,False,False,,gap_expired,0.285857737,23.692661152,Basic Materials,21.56
3134,MOS,2021-05-10,2021-05-10,1,1,False,False,,gap_expired,0.694895504,31.334158247,Basic Materials,19.66
3135,MOS,2022-01-04,2022-01-04,1,1,False,False,,gap_expired,0.328831786,37.095536779,Basic Materials,16.91
3136,MOS,2022-08-25,2022-08-25,1,1,False,False,,gap_expired,-0.452772714,57.0021855,Basic Materials,21.78
3137,MOS,2022-11-03,2022-12-23,2,1,False,False,,gap_expired,-0.519481129,45.428726454,Basic Materials,25.3
3138,MOVE,2023-03-28,2023-03-28,1,1,False,False,,gap_expired,-0.969713169,186.0,Technology,19.97
3139,MP,2021-02-24,2021-04-06,4,3,False,True,,gap_expired,-0.176308381,46.88,Basic Materials,21.34
3140,MP,2021-07-07,2021-08-16,3,1,False,True,,gap_expired,-0.010808557,34.33,Basic Materials,16.2
3141,MP,2021-10-27,2021-12-09,2,2,False,True,,gap_expired,0.057697325,32.69,Basic Materials,16.98
3142,MP,2022-02-25,2022-02-25,1,1,False,False,,gap_expired,-0.149813865,46.0,Basic Materials,27.59
3143,MP,2022-05-06,2022-11-18,7,5,False,True,,gap_expired,-0.435546183,37.58,Basic Materials,30.19
3144,MP,2023-01-26,2023-03-27,3,2,False,False,,gap_expired,-0.710941903,30.65,Basic Materials,18.73
3145,MP,2023-06-12,2023-06-12,1,1,False,False,,gap_expired,-0.635172343,22.37,Basic Materials,15.01
3146,MP,2024-04-03,2024-04-03,1,1,False,False,,gap_expired,0.613039793,15.1,Basic Materials,14.33
3147,MPC,2018-02-01,2019-05-31,19,9,True,True,2018-03-21,gap_expired,0.015188122,53.17718136,Energy,13.47
3148,MPC,2020-02-20,2020-02-20,1,1,False,False,,gap_expired,-0.20591048,50.221938919,Energy,15.56
3149,MPC,2020-08-25,2020-08-25,1,1,False,True,,gap_expired,0.359925991,31.411197277,Energy,22.03
3150,MPC,2021-05-10,2021-05-10,1,1,False,False,,gap_expired,0.639007155,52.14302952,Energy,19.66
3151,MPC,2022-05-18,2022-05-18,1,1,False,False,,gap_expired,0.107574569,87.208513226,Energy,30.96
3152,MPC,2022-12-12,2022-12-12,1,1,False,False,,gap_expired,0.200337946,105.665948208,Energy,25.0
3153,MPC,2023-03-09,2023-03-29,3,1,False,True,,gap_expired,0.093733151,121.606646906,Energy,22.61
3154,MPC,2023-09-18,2023-09-18,1,1,False,False,,gap_expired,-0.226862263,150.318420222,Energy,14.0
3155,MPC,2024-02-07,2024-02-07,1,1,False,False,,gap_expired,-0.030034587,162.593413106,Energy,12.83
3156,MPC,2024-11-06,2024-11-06,1,1,False,False,,gap_expired,-0.028181821,150.958605781,Energy,16.27
3157,MPLX,2018-12-04,2018-12-04,1,1,False,False,,gap_expired,-0.43068174,16.71484506,Energy,20.74
3158,MPLX,2023-01-19,2023-01-19,1,1,False,False,,gap_expired,-0.07517171,26.369868044,Energy,20.52
3159,MPLX,2024-05-30,2024-05-30,1,1,False,True,,gap_expired,0.220677605,35.018877138,Energy,14.47
3160,MPW,2022-06-15,2022-06-15,1,1,False,False,,gap_expired,-0.511499304,10.623037652,Real Estate,29.62
3161,MPWR,2024-03-04,2024-03-04,1,1,False,False,,gap_expired,-0.311360118,711.525807786,Technology,13.49
3162,MRK,2022-12-09,2022-12-09,1,1,False,False,,gap_expired,-0.193074683,97.851316897,Healthcare,22.83
3163,MRK,2023-04-17,2023-04-17,1,1,False,True,,gap_expired,-0.095558249,105.203660529,Healthcare,16.95
3164,MRNA,2018-12-10,2018-12-10,1,1,False,False,,gap_expired,-0.29050041,20.55,Healthcare,22.64
3165,MRNA,2019-02-13,2019-07-23,7,7,False,True,,gap_expired,-0.237143897,18.64,Healthcare,15.65
3166,MRNA,2020-01-15,2020-05-11,10,9,False,True,,gap_expired,-0.149089983,21.68,Healthcare,12.42
3167,MRNA,2021-02-25,2021-05-07,4,3,False,True,,gap_expired,1.365174036,157.98,Healthcare,28.89
3168,MRNA,2021-07-21,2022-01-24,6,5,True,True,2021-07-21,gap_expired,0.180736334,319.0,Healthcare,17.91
3169,MRNA,2022-08-18,2022-09-21,2,2,False,False,,gap_expired,-0.260505025,147.64,Healthcare,19.56
3170,MRNA,2023-02-09,2023-02-09,1,1,False,False,,gap_expired,-0.715319009,164.0,Healthcare,20.71
3171,MRNA,2023-06-12,2023-07-17,3,1,False,True,,gap_expired,-0.085802996,123.25,Healthcare,15.01
3172,MRNA,2024-01-02,2024-01-16,2,2,False,True,,gap_expired,-0.899557577,112.51,Healthcare,13.2
3173,MRNA,2024-04-01,2024-05-24,4,3,False,True,,gap_expired,-0.803075183,104.71,Healthcare,13.65
3174,MRSH,2023-12-15,2023-12-15,1,1,False,False,,gap_expired,-0.126019955,181.813481135,Financial Services,12.28
3175,MRTN,2022-06-01,2022-06-01,1,1,False,False,,gap_expired,0.173221244,16.667418396,Industrials,25.69
3176,MRTN,2023-06-22,2023-06-22,1,1,False,True,,gap_expired,-0.398482874,19.903005615,Industrials,12.91
3177,MS,2018-04-13,2018-04-13,1,1,False,False,,gap_expired,-0.206019237,42.000637608,Financial Services,17.41
3178,MS,2018-07-09,2018-07-09,1,1,False,False,,gap_expired,-0.159953055,38.24620808,Financial Services,12.69
3179,MS,2019-01-11,2019-04-18,6,2,False,True,,gap_expired,0.017813764,33.041776277,Financial Services,18.19
3180,MS,2019-08-26,2019-10-18,3,1,False,True,,gap_expired,0.099126859,32.881690744,Financial Services,19.32
3181,MS,2020-01-10,2020-02-20,4,1,False,True,,gap_expired,0.313336593,42.973439673,Financial Services,12.56
3182,MS,2020-07-20,2020-07-20,1,1,False,False,,gap_expired,0.529539035,43.544181347,Financial Services,24.46
3183,MS,2020-10-09,2021-01-20,7,3,False,False,,gap_expired,0.775076619,41.465744631,Financial Services,25.0
3184,MS,2021-05-05,2021-05-05,1,1,False,False,,gap_expired,0.022033289,72.684840925,Financial Services,19.15
3185,MS,2021-07-19,2024-10-16,54,18,True,True,2021-10-08,gap_expired,0.004867273,76.287889021,Financial Services,22.5
3186,MSA,2020-02-10,2020-02-10,1,1,False,True,,gap_expired,0.037616465,130.429155094,Industrials,15.04
3187,MSCI,2018-06-19,2018-06-19,1,1,False,False,,gap_expired,0.278810687,158.95588462,Financial Services,13.35
3188,MSCI,2019-07-01,2019-07-01,1,1,False,True,,gap_expired,0.356041625,225.050330375,Financial Services,14.06
3189,MSCI,2020-03-05,2020-03-05,1,1,False,True,,gap_expired,0.068167125,273.682473645,Financial Services,39.62
3190,MSCI,2024-03-04,2024-03-04,1,1,False,False,,gap_expired,-0.120501531,542.106112108,Financial Services,13.49
3191,MSCI,2024-08-06,2024-08-06,1,1,False,False,,gap_expired,-0.170596871,519.006105349,Financial Services,27.71
3192,MSFT,2018-01-26,2024-12-13,138,40,True,True,2018-01-26,gap_expired,0.18521178,87.40177107,Technology,11.08
3193,MSGS,2021-02-26,2021-02-26,1,1,False,False,,gap_expired,-0.260374329,195.02,Communication Services,27.95
3194,MSGS,2022-04-01,2022-04-01,1,1,False,False,,gap_expired,0.169119802,179.54,Communication Services,19.63
3195,MSGS,2023-05-08,2023-05-08,1,1,False,True,,gap_expired,-0.357632639,204.21,Communication Services,16.98
3196,MSI,2018-01-12,2018-01-12,1,1,False,False,,gap_expired,0.249009524,86.916148796,Technology,10.16
3197,MSI,2022-08-25,2022-09-01,2,1,False,True,,gap_expired,0.034861487,244.369978188,Technology,21.78
3198,MSI,2024-09-14,2024-09-14,1,1,False,False,,gap_expired,-0.112295801,437.393137757,Technology,
3199,MSI,2024-11-18,2024-11-18,1,1,False,True,,gap_expired,-0.376905574,481.418614355,Technology,15.58
3200,MT,2024-01-09,2024-01-09,1,1,False,True,,gap_expired,-0.405170016,26.225831854,Basic Materials,12.76
3201,MTB,2023-03-14,2023-05-01,2,1,False,True,,gap_expired,-0.153443584,111.812286004,Financial Services,23.73
3202,MTB,2023-07-24,2023-07-24,1,1,False,True,,gap_expired,0.085737685,128.86295786,Financial Services,13.91
3203,MTB,2024-12-19,2024-12-19,1,1,False,False,,gap_expired,-0.04434699,179.227417556,Financial Services,24.09
3204,MTCH,2018-03-07,2018-03-07,1,1,False,False,,gap_expired,0.231851788,41.008700025,Communication Services,17.76
3205,MTCH,2018-11-01,2018-11-01,1,1,False,False,,gap_expired,0.204093584,49.707802646,Communication Services,19.34
3206,MTCH,2019-08-13,2019-08-13,1,1,False,True,,gap_expired,0.281659004,77.37435344,Communication Services,17.52
3207,MTCH,2020-02-11,2020-02-11,1,1,False,False,,gap_expired,-0.489907214,167.220237739,Communication Services,15.18
3208,MTCH,2020-12-09,2020-12-09,1,1,False,False,,gap_expired,-0.396027966,139.042648298,Communication Services,22.27
3209,MTCH,2021-07-14,2021-08-25,2,2,False,False,,gap_expired,-0.495868735,157.448845896,Communication Services,16.33
3210,MTCH,2022-10-31,2022-10-31,1,1,False,True,,gap_expired,-0.464632031,43.148393828,Communication Services,25.88
3211,MTCH,2024-07-16,2024-07-16,1,1,False,True,,gap_expired,-0.166583906,33.209021101,Communication Services,13.19
3212,MTD,2021-08-09,2021-08-09,1,1,False,True,,gap_expired,-0.079979828,1526.26,Healthcare,16.72
3213,MTDR,2024-01-04,2024-01-04,1,1,False,False,,gap_expired,-0.191338637,53.494144088,Energy,14.13
3214,MTLS,2019-07-10,2019-07-10,1,1,False,True,,gap_expired,0.197824326,18.39,Technology,13.03
3215,MTN,2018-03-02,2018-03-02,1,1,False,False,,gap_expired,-0.028212301,161.446640013,Consumer Cyclical,19.59
3216,MTN,2018-07-23,2018-10-08,3,2,False,False,,gap_expired,-0.204746051,227.566031942,Consumer Cyclical,12.62
3217,MTN,2019-09-09,2019-09-09,1,1,False,False,,gap_expired,-0.197686885,188.821188446,Consumer Cyclical,15.27
3218,MTN,2022-09-30,2022-11-15,2,2,False,False,,gap_expired,-0.183194276,185.801147548,Consumer Cyclical,31.62
3219,MTN,2023-06-02,2023-06-02,1,1,False,False,,gap_expired,-0.469515141,219.980096762,Consumer Cyclical,14.6
3220,MTN,2024-06-11,2024-06-11,1,1,False,False,,gap_expired,-0.231796536,165.992061266,Consumer Cyclical,12.85
3221,MTTRF,2021-11-04,2021-12-23,2,2,False,False,,gap_expired,0.828437881,4.49,Energy,15.44
3222,MTW,2018-03-01,2018-03-01,1,1,False,False,,gap_expired,-0.376318303,27.1,Industrials,22.47
3223,MTW,2018-08-13,2018-08-13,1,1,False,False,,gap_expired,-0.400306984,22.95,Industrials,14.78
3224,MTW,2019-02-11,2019-02-11,1,1,False,True,,gap_expired,-0.461932884,16.21,Industrials,15.97
3225,MTW,2021-03-30,2021-03-30,1,1,False,False,,gap_expired,-0.455442003,21.4,Industrials,19.61
3226,MTZ,2019-07-02,2019-07-02,1,1,False,True,,gap_expired,-0.237262673,52.28,Industrials,12.93
3227,MTZ,2020-12-18,2020-12-18,1,1,False,False,,gap_expired,0.087936982,65.71,Industrials,21.57
3228,MTZ,2023-02-02,2023-02-02,1,1,False,False,,gap_expired,-0.514130377,98.0,Industrials,18.73
3229,MTZ,2023-08-15,2023-10-03,2,2,True,False,2023-08-15,gap_expired,-0.08274752,93.3,Industrials,16.46
3230,MTZ,2024-06-05,2024-06-05,1,1,False,False,,gap_expired,0.299809927,109.91,Industrials,12.63
3231,MU,2018-01-16,2018-06-21,13,5,False,True,,gap_expired,0.273527654,42.15981932,Technology,11.66
3232,MU,2018-08-23,2018-10-03,4,2,False,True,,gap_expired,-0.171148927,48.7067569,Technology,12.41
3233,MU,2018-12-03,2019-01-09,3,3,False,False,,gap_expired,0.035307026,38.598567584,Technology,16.44
3234,MU,2019-03-20,2020-04-13,24,11,False,True,,gap_expired,0.034009419,40.686554433,Technology,13.91
3235,MU,2020-06-29,2020-07-01,2,1,False,False,,gap_expired,0.212061618,50.521581184,Technology,31.78
3236,MU,2020-09-09,2020-09-09,1,1,False,True,,gap_expired,0.293899237,44.364917854,Technology,28.81
3237,MU,2020-12-01,2021-01-08,3,2,False,True,,gap_expired,-0.043862232,65.966854901,Technology,20.77
3238,MU,2021-03-26,2021-04-01,2,1,False,True,,gap_expired,-0.258944619,85.627165473,Technology,18.86
3239,MU,2021-07-21,2021-07-21,1,1,False,False,,gap_expired,-0.113038654,74.377387951,Technology,17.91
3240,MU,2021-09-27,2021-09-29,2,1,False,False,,gap_expired,-0.166923852,72.689374797,Technology,18.76
3241,MU,2021-12-20,2021-12-20,1,1,False,False,,gap_expired,-0.276857397,86.948666755,Technology,22.87
3242,MU,2022-03-25,2022-07-21,7,4,False,True,,gap_expired,-0.088115315,76.869109269,Technology,20.81
3243,MU,2022-10-20,2023-01-06,3,2,False,False,,gap_expired,0.104075506,52.603526117,Technology,29.98
3244,MU,2023-03-29,2023-03-29,1,1,False,False,,gap_expired,0.629650222,63.11212502,Technology,19.12
3245,MU,2023-06-22,2023-07-18,3,1,False,True,,gap_expired,0.892724396,64.642201832,Technology,12.91
3246,MU,2023-09-19,2024-03-07,7,4,False,False,,gap_expired,-0.009716259,70.206185813,Technology,14.11
3247,MU,2024-05-10,2024-12-13,16,7,False,True,,gap_expired,-0.364281244,122.125058417,Technology,12.55
3248,MUFG,2018-01-19,2018-01-19,1,1,False,False,,gap_expired,-0.270828943,5.802458875,Financial Services,11.27
3249,MVIS,2021-04-26,2021-04-26,1,1,False,False,,gap_expired,-0.437107796,27.63,Technology,17.64
3250,MWA,2024-07-24,2024-07-24,1,1,False,False,,gap_expired,0.049004867,19.76052208,Industrials,18.04
3251,MYGN,2023-06-21,2023-06-21,1,1,False,False,,gap_expired,-0.193695031,22.82,Healthcare,13.2
3252,MYRG,2023-07-17,2023-07-17,1,1,False,False,,gap_expired,-0.297344659,150.52,Industrials,13.48
3253,NCLH,2018-01-08,2018-01-08,1,1,False,True,,gap_expired,-0.119303292,54.83,Consumer Cyclical,9.52
3254,NCLH,2018-03-28,2018-05-03,2,1,False,False,,gap_expired,-0.051161239,52.7,Consumer Cyclical,22.87
3255,NCLH,2018-08-13,2018-11-09,4,2,False,False,,gap_expired,-0.065334294,51.12,Consumer Cyclical,14.78
3256,NCLH,2019-02-15,2019-04-30,4,2,False,False,,gap_expired,-0.27945552,53.77,Consumer Cyclical,14.91
3257,NCLH,2019-11-10,2019-11-10,1,1,False,False,,gap_expired,-0.05158638,51.56,Consumer Cyclical,
3258,NCLH,2020-02-11,2020-02-11,1,1,False,False,,gap_expired,-0.228640056,23.4,Consumer Cyclical,15.18
3259,NCLH,2020-05-27,2020-05-27,1,1,False,True,,gap_expired,0.466990459,17.38,Consumer Cyclical,27.62
3260,NCLH,2020-08-05,2022-04-26,25,16,True,True,2021-08-11,gap_expired,0.511042354,13.34,Consumer Cyclical,22.99
3261,NCLH,2022-10-06,2022-11-16,4,2,False,False,,gap_expired,0.080459328,13.01,Consumer Cyclical,30.52
3262,NCLH,2023-07-05,2023-07-26,2,1,False,False,,gap_expired,-0.452429826,21.86,Consumer Cyclical,14.18
3263,NCLH,2023-11-03,2023-11-03,1,1,False,False,,gap_expired,0.620087003,13.91,Consumer Cyclical,14.91
3264,NCLH,2024-04-03,2024-05-20,2,2,True,True,2024-05-20,gap_expired,-0.181644552,19.52,Consumer Cyclical,14.33
3265,NCNO,2020-09-10,2020-09-10,1,1,False,False,,gap_expired,-0.483744229,85.0,Technology,29.71
3266,NCNO,2020-11-20,2021-06-10,6,4,True,True,2020-11-20,gap_expired,-0.557620465,78.17,Technology,23.7
3267,NCNO,2021-10-26,2021-10-26,1,1,False,False,,gap_expired,-0.403797712,71.34,Technology,15.98
3268,NDAQ,2019-04-01,2019-04-01,1,1,False,False,,gap_expired,0.186891272,26.666579954,Financial Services,13.4
3269,NEE,2018-07-12,2018-07-12,1,1,False,False,,gap_expired,0.169803046,35.046386355,Utilities,12.58
3270,NEE,2019-04-23,2019-04-23,1,1,False,False,,gap_expired,0.326954783,40.202741652,Utilities,12.28
3271,NEE,2019-08-22,2019-09-23,2,1,False,True,,gap_expired,0.095576576,47.443516389,Utilities,16.68
3272,NEE,2020-01-15,2020-04-21,3,2,False,False,,gap_expired,0.174206947,54.075693773,Utilities,12.42
3273,NEE,2020-09-17,2020-12-03,3,2,False,True,,gap_expired,-0.117676167,61.083771672,Utilities,26.46
3274,NEE,2022-01-20,2022-01-31,2,1,False,False,,gap_expired,0.111004151,75.107779513,Utilities,25.59
3275,NEE,2022-07-28,2022-07-28,1,1,False,True,,gap_expired,-0.264550943,76.67997454,Utilities,22.33
3276,NEE,2022-12-13,2023-01-27,2,2,False,True,,gap_expired,-0.468819116,80.155959667,Utilities,22.55
3277,NEE,2023-05-19,2023-08-08,3,2,False,True,,gap_expired,-0.233555343,69.096992015,Utilities,16.81
3278,NEE,2024-02-07,2024-03-25,2,2,False,False,,gap_expired,0.052016834,53.166603721,Utilities,12.83
3279,NEE,2024-09-16,2024-10-29,2,1,False,True,,gap_expired,-0.328048285,81.679902376,Utilities,17.14
3280,NEM,2019-01-30,2019-01-30,1,1,False,False,,gap_expired,0.159238252,27.302238596,Basic Materials,17.66
3281,NEM,2020-06-15,2020-06-29,3,1,False,False,,gap_expired,-0.143346027,48.079330477,Basic Materials,34.4
3282,NEM,2024-12-16,2024-12-16,1,1,False,False,,gap_expired,1.467109253,38.798896275,Basic Materials,14.69
3283,NEO,2019-09-06,2019-09-06,1,1,False,False,,gap_expired,0.309256985,24.619789992,Healthcare,15.0
3284,NEO,2021-04-15,2021-04-15,1,1,False,False,,gap_expired,-0.817912891,50.22,Healthcare,16.57
3285,NEOG,2019-06-13,2019-06-13,1,1,False,True,,gap_expired,0.081744074,30.8,Healthcare,15.82
3286,NEOG,2021-12-15,2021-12-15,1,1,False,False,,gap_expired,-0.487825264,43.86,Healthcare,19.29
3287,NET,2020-03-30,2020-03-31,2,1,False,False,,gap_expired,0.397019899,24.16,Technology,57.08
3288,NET,2020-06-10,2020-07-30,2,2,False,True,,gap_expired,0.101512248,28.5,Technology,27.57
3289,NET,2020-10-06,2020-10-08,2,1,False,True,,gap_expired,0.31613627,42.9,Technology,29.48
3290,NET,2021-07-07,2021-07-07,1,1,False,True,,gap_expired,-0.41746421,103.77,Technology,16.2
3291,NET,2021-09-22,2021-11-23,3,2,False,True,,gap_expired,-0.451807318,136.97,Technology,20.87
3292,NET,2022-05-19,2022-05-19,1,1,False,True,,gap_expired,-0.131949409,59.56,Technology,29.35
3293,NET,2022-08-29,2022-09-27,2,2,False,False,,gap_expired,-0.137486446,65.3,Technology,26.21
3294,NET,2023-01-27,2023-02-10,2,2,False,False,,gap_expired,0.301994984,52.04,Technology,18.51
3295,NET,2023-04-21,2023-07-26,5,4,False,True,,gap_expired,0.138883937,63.38,Technology,16.77
3296,NET,2024-02-02,2024-05-24,6,4,False,True,,gap_expired,0.486827821,81.77,Technology,13.85
3297,NET,2024-10-28,2024-10-28,1,1,False,False,,gap_expired,1.673499828,88.44,Technology,19.8
3298,NF0,2023-04-19,2023-06-02,4,3,False,False,,gap_expired,-0.286716013,29.334183843,Energy,16.46
3299,NF0,2023-10-31,2023-12-05,2,2,False,True,,gap_expired,-1.111030822,29.67322946,Energy,18.14
3300,NF0,2024-03-06,2024-04-11,2,2,False,True,,gap_expired,-0.814870532,32.790926236,Energy,14.5
3301,NF0,2024-10-07,2024-10-07,1,1,False,True,,gap_expired,-0.952567659,9.07,Energy,22.64
3302,NFG,2018-12-03,2018-12-03,1,1,False,True,,gap_expired,-0.298936273,42.96379472,Energy,16.44
3303,NFG,2019-09-18,2019-09-18,1,1,False,False,,gap_expired,-0.227601663,39.080363213,Energy,13.95
3304,NFLX,2018-01-19,2019-08-30,38,12,False,True,,gap_expired,0.4923678,22.2,Communication Services,11.27
3305,NFLX,2020-01-21,2020-08-12,16,5,False,True,,gap_expired,0.565506562,33.255,Communication Services,12.85
3306,NFLX,2020-10-19,2021-12-20,16,7,True,True,2020-10-27,gap_expired,-0.152104459,52.814,Communication Services,29.18
3307,NFLX,2022-10-19,2023-05-11,14,4,False,True,,gap_expired,0.33101238,27.278,Communication Services,30.76
3308,NFLX,2023-07-20,2023-10-23,5,2,False,True,,gap_expired,0.23265236,43.737,Communication Services,13.99
3309,NFLX,2024-01-24,2024-01-29,2,1,False,False,,gap_expired,0.504967105,55.195,Communication Services,13.14
3310,NFLX,2024-04-22,2024-08-06,3,2,False,True,,gap_expired,0.868084411,55.649,Communication Services,16.94
3311,NFLX,2024-10-07,2024-12-20,5,2,False,True,,gap_expired,0.574621782,70.388,Communication Services,22.64
3312,NGG,2018-01-04,2018-01-04,1,1,False,False,,gap_expired,-0.05812834,36.407251895,Utilities,9.22
3313,NGG,2019-11-07,2019-11-07,1,1,False,False,,gap_expired,-0.042505901,38.811878802,Utilities,12.73
3314,NGL,2023-06-14,2023-06-14,1,1,False,False,,gap_expired,0.125475133,4.0,Energy,13.88
3315,NGVT,2020-07-16,2020-07-16,1,1,False,False,,gap_expired,-0.03377544,58.4,Basic Materials,28.0
3316,NGVT,2021-08-24,2021-08-24,1,1,False,False,,gap_expired,-0.008101923,79.67,Basic Materials,17.22
3317,NI,2021-09-15,2021-11-03,2,1,False,False,,gap_expired,0.348728905,20.91555846,Utilities,18.18
3318,NI,2022-11-07,2022-12-13,2,2,False,True,,gap_expired,-0.101976735,21.941138636,Utilities,24.35
3319,NICE,2023-07-31,2023-07-31,1,1,False,False,,gap_expired,-0.394948123,217.7,Technology,13.63
3320,NIOIF,2024-10-02,2024-10-02,1,1,False,True,,gap_expired,-0.137325714,7.005,Consumer Cyclical,18.9
3321,NKE,2018-01-24,2018-01-24,1,1,False,True,,gap_expired,0.246398766,61.472558981,Consumer Cyclical,11.47
3322,NKE,2018-04-06,2018-04-06,1,1,False,False,,gap_expired,0.125131501,61.893764388,Consumer Cyclical,21.49
3323,NKE,2018-06-13,2019-05-02,19,7,False,True,,gap_expired,0.055340038,67.702446029,Consumer Cyclical,12.94
3324,NKE,2019-07-15,2019-07-15,1,1,False,False,,gap_expired,0.020685308,82.104532123,Consumer Cyclical,12.68
3325,NKE,2019-09-24,2019-12-13,6,2,False,True,,gap_expired,0.25881008,84.413646888,Consumer Cyclical,17.05
3326,NKE,2020-03-25,2021-08-03,23,10,True,True,2020-10-14,gap_expired,0.061004028,74.132999297,Consumer Cyclical,63.95
3327,NKE,2021-12-20,2021-12-20,1,1,False,False,,gap_expired,-0.153792935,156.343075633,Consumer Cyclical,22.87
3328,NKE,2022-03-04,2024-12-06,31,15,True,True,2022-11-28,gap_expired,-0.014067801,123.148842762,Consumer Cyclical,31.98
3329,NKTR,2018-10-04,2018-10-04,1,1,False,True,,gap_expired,-0.706714706,785.25,Healthcare,14.22
3330,NMM,2023-09-19,2023-09-19,1,1,False,False,,gap_expired,1.204072623,22.682340212,Industrials,14.11
3331,NOC,2018-03-06,2018-05-16,4,2,False,True,,gap_expired,-0.204151546,297.6179219,Industrials,18.36
3332,NOC,2018-11-02,2018-11-06,2,1,False,False,,gap_expired,0.120662749,244.355497941,Industrials,19.51
3333,NOC,2019-05-16,2019-05-16,1,1,False,False,,gap_expired,0.054629882,271.105934547,Industrials,15.29
3334,NOC,2019-12-02,2019-12-02,1,1,False,False,,gap_expired,-0.318290534,308.088381509,Industrials,14.91
3335,NOC,2020-04-14,2020-04-14,1,1,False,False,,gap_expired,-0.508454274,314.520411168,Industrials,37.76
3336,NOC,2022-05-19,2022-05-19,1,1,False,False,,gap_expired,-0.072673593,423.664029303,Industrials,29.35
3337,NOC,2023-01-04,2023-02-22,3,2,False,True,,gap_expired,-0.34478182,500.762387901,Industrials,22.01
3338,NOC,2023-05-17,2023-07-13,3,1,False,False,,gap_expired,-0.227052304,425.78668635,Industrials,16.87
3339,NOC,2023-10-12,2023-10-12,1,1,False,False,,gap_expired,-0.239758596,464.459637988,Industrials,16.69
3340,NOC,2024-01-03,2024-01-29,3,1,False,False,,gap_expired,-0.326092812,465.265244771,Industrials,14.04
3341,NOG,2022-11-18,2022-11-18,1,1,False,False,,gap_expired,-0.082199217,30.426877399,Energy,23.12
3342,NOK,2018-02-28,2018-03-12,2,1,False,True,,gap_expired,0.048120994,4.83678264,Technology,19.85
3343,NOK,2019-02-06,2019-04-29,3,2,False,False,,gap_expired,-0.508083823,5.254066105,Technology,15.38
3344,NOK,2020-01-06,2020-01-21,2,1,False,True,,gap_expired,-0.157826102,3.529111897,Technology,13.85
3345,NOK,2020-06-16,2020-06-30,2,1,False,False,,gap_expired,-0.197675151,3.93901179,Technology,33.67
3346,NOK,2021-05-06,2021-05-06,1,1,False,False,,gap_expired,-0.000353273,4.473804312,Technology,18.39
3347,NOK,2021-07-21,2021-07-21,1,1,False,False,,gap_expired,-0.040237526,5.177770958,Technology,17.91
3348,NOK,2021-09-20,2021-11-30,4,2,False,True,,gap_expired,-0.048236219,4.87479499,Technology,25.71
3349,NOK,2022-06-23,2022-06-23,1,1,False,False,,gap_expired,-0.265017075,4.197111227,Technology,29.05
3350,NOMD,2019-02-28,2019-02-28,1,1,False,False,,gap_expired,-0.163566196,18.486760245,Consumer Defensive,14.7
3351,NOV,2022-04-05,2022-04-27,2,1,False,False,,gap_expired,0.011449499,18.235133576,Energy,21.03
3352,NOVAQ,2022-10-13,2022-10-13,1,1,False,False,,gap_expired,-0.623735717,18.6,Utilities,31.94
3353,NOW,2018-02-01,2018-09-28,6,4,True,True,2018-02-01,gap_expired,0.523575107,30.102,Technology,13.47
3354,NOW,2019-01-30,2019-12-05,16,7,False,True,,gap_expired,0.374797761,42.272,Technology,17.66
3355,NOW,2020-02-10,2020-03-10,3,2,False,True,,gap_expired,0.521479352,69.192,Technology,15.04
3356,NOW,2020-10-23,2020-12-07,3,1,False,False,,gap_expired,-0.045118123,103.602,Technology,27.55
3357,NOW,2021-02-22,2021-05-14,5,2,False,False,,gap_expired,-0.111595497,107.868,Technology,23.45
3358,NOW,2021-10-18,2021-11-30,3,1,False,False,,gap_expired,-0.304666398,134.48,Technology,16.31
3359,NOW,2022-05-16,2022-07-11,3,1,False,True,,gap_expired,0.095372413,89.184,Technology,27.47
3360,NOW,2022-10-12,2022-11-11,2,2,False,True,,gap_expired,0.317961698,69.55,Technology,33.57
3361,NOW,2023-04-13,2023-04-13,1,1,False,True,,gap_expired,0.358143833,93.356,Technology,17.8
3362,NOW,2023-07-26,2023-10-26,5,2,False,True,,gap_expired,0.132831314,119.6,Technology,13.19
3363,NOW,2024-01-16,2024-01-25,3,1,False,False,,gap_expired,-0.161177078,145.2,Technology,13.84
3364,NOW,2024-04-19,2024-05-31,3,1,False,True,,gap_expired,0.090003039,144.65,Technology,18.71
3365,NOW,2024-07-31,2024-08-12,2,1,False,False,,gap_expired,0.107271142,163.772,Technology,16.36
3366,NOW,2024-11-06,2024-12-02,2,1,False,True,,gap_expired,0.042682722,199.36,Technology,16.27
3367,NRG,2022-06-08,2022-06-14,2,2,False,False,,gap_expired,-0.298051548,41.457922346,Utilities,23.96
3368,NRG,2023-01-03,2023-01-03,1,1,False,False,,gap_expired,0.444382368,29.520663883,Utilities,22.9
3369,NRWRF,2021-11-15,2021-11-15,1,1,False,True,,gap_expired,0.237317883,0.691199999,Real Estate,16.49
3370,NRWRF,2023-02-10,2023-02-10,1,1,False,False,,gap_expired,-0.002574091,0.6531,Real Estate,20.53
3371,NSC,2018-05-10,2018-05-10,1,1,False,False,,gap_expired,0.283027457,129.958902864,Industrials,13.23
3372,NSC,2018-07-10,2018-08-15,3,2,False,False,,gap_expired,0.22904244,134.362140207,Industrials,12.64
3373,NSC,2019-02-08,2019-02-08,1,1,False,False,,gap_expired,-0.041449585,151.815199208,Industrials,15.72
3374,NSC,2019-04-26,2019-04-26,1,1,False,False,,gap_expired,-0.139931336,176.77642911,Industrials,12.73
3375,NSC,2020-10-08,2020-10-08,1,1,False,True,,gap_expired,-0.051427774,196.115244616,Industrials,26.36
3376,NSC,2021-02-02,2021-05-10,3,2,False,False,,gap_expired,-0.058892415,221.395769035,Industrials,25.56
3377,NSC,2021-07-12,2021-07-12,1,1,False,False,,gap_expired,-0.01765865,236.004514838,Industrials,16.17
3378,NSC,2022-12-07,2022-12-07,1,1,False,True,,gap_expired,-0.250935543,225.632712755,Industrials,22.68
3379,NSC,2023-07-11,2023-09-07,3,2,False,False,,gap_expired,-0.301632541,219.934877981,Industrials,14.84
3380,NSC,2024-01-19,2024-01-19,1,1,False,False,,gap_expired,-0.182927781,228.42719657,Industrials,13.3
3381,NSC,2024-04-24,2024-04-24,1,1,False,False,,gap_expired,-0.161036939,227.176746975,Industrials,15.97
3382,NSP,2018-05-16,2018-05-16,1,1,False,True,,gap_expired,0.212818092,74.31834412,Industrials,13.42
3383,NSP,2019-06-17,2019-06-17,1,1,False,True,,gap_expired,-0.593254586,103.137438746,Industrials,15.35
3384,NSRGY,2019-05-08,2019-05-08,1,1,False,False,,gap_expired,0.10444163,81.649126106,Consumer Defensive,19.4
3385,NSRGY,2019-08-27,2019-08-27,1,1,False,True,,gap_expired,-0.124572973,94.135247183,Consumer Defensive,20.31
3386,NSRGY,2020-04-01,2020-04-01,1,1,False,False,,gap_expired,-0.548724752,87.330475962,Consumer Defensive,57.06
3387,NSRGY,2021-04-22,2021-04-22,1,1,False,True,,gap_expired,0.068255354,106.558480978,Consumer Defensive,18.71
3388,NSRGY,2022-07-28,2022-07-28,1,1,False,True,,gap_expired,-0.116970661,111.840685104,Consumer Defensive,22.33
3389,NSRGY,2022-11-15,2022-11-15,1,1,False,False,,gap_expired,-0.161571243,105.140835701,Consumer Defensive,24.54
3390,NTAP,2024-10-28,2024-10-28,1,1,False,True,,gap_expired,-0.19417095,117.629464014,Technology,19.8
3391,NTNX,2018-03-05,2018-03-15,2,2,False,False,,gap_expired,-0.200535747,42.36,Technology,18.73
3392,NTNX,2018-07-31,2018-10-12,5,4,False,False,,gap_expired,-0.654333249,49.42,Technology,12.83
3393,NTNX,2019-03-19,2019-05-14,2,1,False,False,,gap_expired,-0.504484619,39.03,Technology,13.56
3394,NTNX,2019-08-01,2019-09-23,2,2,False,True,,gap_expired,-0.097364773,21.88,Technology,17.87
3395,NTNX,2021-03-05,2021-03-05,1,1,False,False,,gap_expired,-0.246670328,26.95,Technology,24.66
3396,NTNX,2024-05-06,2024-05-06,1,1,False,False,,gap_expired,0.053972173,64.84,Technology,13.49
3397,NTR,2022-08-25,2022-08-25,1,1,False,False,,gap_expired,-0.443099485,89.546142646,Basic Materials,21.78
3398,NTRA,2020-01-06,2020-01-06,1,1,False,True,,gap_expired,1.909320581,33.43,Healthcare,13.85
3399,NTRA,2021-04-26,2021-04-26,1,1,False,False,,gap_expired,-0.687662367,116.52,Healthcare,17.64
3400,NU,2023-02-02,2023-02-02,1,1,False,False,,gap_expired,0.131146891,4.8,Financial Services,18.73
3401,NU,2023-12-21,2024-01-08,2,1,False,False,,gap_expired,-0.028247585,8.25,Financial Services,13.65
3402,NU,2024-11-20,2024-11-20,1,1,False,False,,gap_expired,0.085849719,13.425,Financial Services,17.16
3403,NUE,2018-01-24,2020-06-16,44,15,True,True,2018-01-24,gap_expired,-0.024371816,58.706464438,Basic Materials,11.47
3404,NUE,2020-10-19,2024-11-06,82,33,True,True,2020-11-06,gap_expired,0.83896881,45.333626069,Basic Materials,29.18
3405,NVAX,2020-07-17,2020-07-17,1,1,False,False,,gap_expired,0.024934847,149.49,Healthcare,25.68
3406,NVAX,2020-11-06,2021-02-02,3,3,False,True,,gap_expired,0.488760426,94.53,Healthcare,24.86
3407,NVCR,2018-02-26,2018-02-26,1,1,False,False,,gap_expired,1.518396813,21.15,Healthcare,15.8
3408,NVCR,2018-06-20,2018-06-20,1,1,False,True,,gap_expired,0.774821975,31.2,Healthcare,12.79
3409,NVCR,2018-09-11,2018-09-11,1,1,False,True,,gap_expired,0.684255649,45.4,Healthcare,13.22
3410,NVCR,2019-06-17,2019-12-03,7,6,False,True,,gap_expired,-0.019526073,58.7,Healthcare,15.35
3411,NVCR,2020-09-11,2020-11-03,3,2,False,True,,gap_expired,0.05995917,90.33,Healthcare,26.87
3412,NVCR,2021-04-13,2021-05-03,2,1,False,True,,gap_expired,-0.626265835,183.81,Healthcare,16.65
3413,NVCR,2021-10-08,2021-10-08,1,1,False,True,,gap_expired,-0.122571989,111.08,Healthcare,18.77
3414,NVCR,2022-01-11,2022-01-11,1,1,False,False,,gap_expired,0.465826578,70.96,Healthcare,18.41
3415,NVCR,2022-07-19,2022-07-19,1,1,False,True,,gap_expired,-0.646283414,74.18,Healthcare,24.5
3416,NVDA,2018-02-01,2024-12-30,318,71,True,True,2018-04-26,gap_expired,0.043847044,5.859335832,Technology,13.47
3417,NVGS,2023-05-25,2023-05-25,1,1,False,True,,gap_expired,0.00692928,13.083212069,Energy,19.14
3418,NVO,2019-04-08,2019-04-08,1,1,False,False,,gap_expired,0.21826222,22.825772785,Healthcare,13.18
3419,NVO,2022-12-12,2022-12-12,1,1,False,True,,gap_expired,0.151438884,62.810176816,Healthcare,25.0
3420,NVO,2023-02-24,2023-04-19,2,2,False,True,,gap_expired,0.092376704,68.070529442,Healthcare,21.67
3421,NVO,2023-11-09,2023-12-04,3,1,False,False,,gap_expired,-0.307412966,96.452030824,Healthcare,15.29
3422,NVO,2024-03-08,2024-03-08,1,1,False,False,,gap_expired,-0.518786046,128.381327826,Healthcare,14.74
3423,NVS,2018-01-03,2018-01-31,2,1,False,False,,gap_expired,0.07573831,52.305280783,Healthcare,9.15
3424,NVS,2018-04-06,2018-04-06,1,1,False,True,,gap_expired,0.08708855,51.380234783,Healthcare,21.49
3425,NVS,2019-01-07,2019-01-07,1,1,False,False,,gap_expired,-0.003495166,54.749252393,Healthcare,21.4
3426,NVS,2019-05-21,2019-11-14,7,3,True,False,2019-09-27,gap_expired,0.012008505,61.581264242,Healthcare,14.95
3427,NVS,2023-04-19,2023-04-19,1,1,False,True,,gap_expired,-0.171718363,86.525826031,Healthcare,16.46
3428,NVS,2024-06-12,2024-06-12,1,1,False,False,,gap_expired,0.025990168,102.104040278,Healthcare,12.04
3429,NXPI,2018-07-30,2018-11-01,3,2,False,False,,gap_expired,-0.011840921,84.866284336,Technology,14.26
3430,NXPI,2019-01-07,2019-01-07,1,1,False,False,,gap_expired,0.411469058,68.342376599,Technology,21.4
3431,NXPI,2019-10-28,2019-10-28,1,1,False,False,,gap_expired,0.050167679,103.24625426,Technology,13.11
3432,NXPI,2020-06-04,2020-06-04,1,1,False,False,,gap_expired,0.403940098,105.282101472,Technology,25.81
3433,NXPI,2020-10-08,2020-12-16,3,2,False,True,,gap_expired,0.043559016,130.26032405,Technology,26.36
3434,NXPI,2021-11-01,2021-11-01,1,1,False,False,,gap_expired,-0.090819607,189.935761413,Technology,16.41
3435,NXPI,2022-03-17,2022-05-02,3,1,False,False,,gap_expired,0.056789655,174.55853748,Technology,25.67
3436,NXPI,2023-01-27,2023-01-27,1,1,False,False,,gap_expired,-0.018229004,169.53305573,Technology,18.51
3437,NXPI,2023-07-25,2023-08-23,2,1,False,False,,gap_expired,-0.030691424,208.377426241,Technology,13.86
3438,NXST,2024-09-12,2024-09-12,1,1,False,False,,gap_expired,0.132664641,152.666007466,Communication Services,17.07
3439,NXT,2024-02-12,2024-11-06,11,7,True,True,2024-08-01,gap_expired,-0.442151889,57.59,Technology,13.93
3440,NYT,2018-11-05,2018-11-05,1,1,False,False,,gap_expired,2.4515e-05,24.798050485,Communication Services,19.96
3441,NYT,2019-02-06,2019-02-06,1,1,False,False,,gap_expired,0.021892825,27.829345174,Communication Services,15.38
3442,NYT,2024-07-31,2024-07-31,1,1,False,False,,gap_expired,-0.14925114,53.234211164,Communication Services,16.36
3443,O,2019-03-25,2019-03-25,1,1,False,True,,gap_expired,-0.126142143,50.873314698,Real Estate,16.33
3444,O,2021-11-12,2021-11-12,1,1,False,False,,gap_expired,0.084302796,57.203245629,Real Estate,16.29
3445,O,2022-06-06,2022-06-06,1,1,False,False,,gap_expired,-0.113877261,54.840038601,Real Estate,25.07
3446,O,2022-08-11,2022-09-14,3,2,False,False,,gap_expired,-0.254604008,61.410487982,Real Estate,20.2
3447,O,2022-12-21,2023-03-10,3,2,False,True,,gap_expired,-0.309879565,53.759967679,Real Estate,20.07
3448,O,2023-05-24,2023-06-08,2,1,False,True,,gap_expired,-0.377310907,50.911071433,Real Estate,20.03
3449,O,2023-08-17,2023-08-17,1,1,False,True,,gap_expired,-0.17244724,49.107499312,Real Estate,17.89
3450,O,2023-11-02,2024-02-21,7,2,False,True,,gap_expired,-0.126944168,44.84653183,Real Estate,15.66
3451,O,2024-08-12,2024-09-05,2,1,False,True,,gap_expired,-0.198035647,55.974896557,Real Estate,20.71
3452,O,2024-11-13,2024-11-13,1,1,False,False,,gap_expired,-0.051189967,52.979401224,Real Estate,14.02
3453,OBE,2024-06-04,2024-06-04,1,1,False,True,,gap_expired,-0.385003376,7.06,Energy,13.16
3454,OC,2018-09-14,2018-09-14,1,1,False,True,,gap_expired,-0.025515437,52.763092957,Industrials,12.07
3455,OC,2024-08-26,2024-08-26,1,1,False,False,,gap_expired,-0.268218968,164.968088661,Industrials,16.15
3456,OCGN,2021-04-06,2021-04-06,1,1,False,False,,gap_expired,0.008986591,6.4,Healthcare,18.12
3457,OCSL,2023-09-11,2023-09-11,1,1,False,False,,gap_expired,-0.368901403,15.116576703,Financial Services,13.8
3458,ODD,2023-07-25,2023-07-25,1,1,False,False,,gap_expired,-0.385377135,50.16,Consumer Defensive,13.86
3459,ODD,2023-12-19,2023-12-19,1,1,False,True,,gap_expired,-0.331200624,46.95,Consumer Defensive,12.53
3460,ODD,2024-03-05,2024-03-05,1,1,False,False,,gap_expired,-0.089907957,41.5,Consumer Defensive,14.46
3461,ODFL,2018-01-09,2018-01-09,1,1,False,True,,gap_expired,-0.039986812,44.659317478,Industrials,10.08
3462,OGN,2023-01-25,2023-01-25,1,1,False,False,,gap_expired,-0.223385113,26.419244737,Healthcare,19.08
3463,OGN,2024-07-29,2024-07-29,1,1,False,True,,gap_expired,-0.695827935,21.255175125,Healthcare,16.6
3464,OGS,2018-10-11,2018-10-11,1,1,False,True,,gap_expired,0.06402106,64.86853545,Utilities,24.98
3465,OHI,2022-03-17,2022-03-17,1,1,False,False,,gap_expired,0.098918281,20.79305217,Real Estate,25.67
3466,OKE,2018-09-12,2018-09-12,1,1,False,False,,gap_expired,0.175158582,40.207507926,Energy,13.14
3467,OKE,2018-11-28,2018-11-28,1,1,False,False,,gap_expired,0.054789898,38.475140775,Energy,18.49
3468,OKE,2019-11-04,2019-11-04,1,1,False,False,,gap_expired,-0.514685775,47.7367625,Energy,12.83
3469,OKE,2020-03-11,2020-03-11,1,1,False,True,,gap_expired,-0.047810561,21.544144034,Energy,53.9
3470,OKE,2021-05-18,2021-06-10,2,1,False,False,,gap_expired,0.326971365,40.62291674,Energy,21.34
3471,OKE,2022-06-14,2022-07-07,2,1,False,True,,gap_expired,-0.117594948,49.347622513,Energy,32.69
3472,OKE,2022-09-27,2022-09-27,1,1,False,False,,gap_expired,0.116950337,42.641028337,Energy,32.6
3473,OKE,2023-04-19,2023-05-15,2,2,False,False,,gap_expired,0.060816536,55.928486629,Energy,16.46
3474,OKE,2023-08-08,2024-10-10,15,6,True,True,2024-03-08,gap_expired,0.185977868,56.740855497,Energy,15.99
3475,OKTA,2018-04-13,2018-04-13,1,1,False,False,,gap_expired,1.184075187,41.11,Technology,17.41
3476,OKTA,2018-06-15,2018-06-15,1,1,False,False,,gap_expired,1.359187712,54.29,Technology,11.98
3477,OKTA,2018-09-12,2021-05-26,40,18,True,True,2019-07-09,gap_expired,0.333038232,74.81,Technology,13.14
3478,OKTA,2021-10-13,2021-11-17,2,1,False,True,,gap_expired,-0.631126464,251.0,Technology,18.64
3479,OKTA,2022-04-19,2022-06-08,2,2,True,True,2022-06-08,gap_expired,-0.430083276,149.57,Technology,21.37
3480,OKTA,2023-03-16,2023-03-16,1,1,False,False,,gap_expired,-0.092715202,85.12,Technology,22.99
3481,OKTA,2024-03-22,2024-05-01,2,2,False,True,,gap_expired,-0.388053095,105.62,Technology,13.06
3482,OKTA,2024-09-20,2024-09-20,1,1,False,False,,gap_expired,-0.051372154,76.07,Technology,16.15
3483,OKTA,2024-12-04,2024-12-04,1,1,False,False,,gap_expired,-0.131717049,87.265,Technology,13.45
3484,OLED,2018-01-24,2018-01-24,1,1,False,False,,gap_expired,-0.44207624,172.178386974,Technology,11.47
3485,OLED,2024-11-08,2024-11-08,1,1,False,False,,gap_expired,-0.474261853,176.724577796,Technology,14.94
3486,OLLI,2018-03-29,2018-03-29,1,1,False,False,,gap_expired,0.300315676,60.1,Consumer Defensive,19.97
3487,OLLI,2018-12-06,2018-12-06,1,1,False,False,,gap_expired,-0.370764233,73.7,Consumer Defensive,21.19
3488,OLLI,2019-03-14,2019-04-08,3,2,True,True,2019-03-14,gap_expired,-0.387391697,80.49,Consumer Defensive,13.5
3489,OLLI,2020-02-13,2020-04-08,2,1,False,False,,gap_expired,0.499309056,56.34,Consumer Defensive,14.15
3490,OLLI,2021-01-13,2021-01-13,1,1,False,False,,gap_expired,-0.725838287,92.41,Consumer Defensive,22.21
3491,OLLI,2022-01-26,2022-01-26,1,1,False,False,,gap_expired,0.252561292,45.25,Consumer Defensive,31.96
3492,OLLI,2022-12-02,2022-12-20,2,2,False,False,,gap_expired,0.120733014,60.4,Consumer Defensive,19.06
3493,OLLI,2024-06-25,2024-06-26,2,1,False,False,,gap_expired,0.190562437,98.26,Consumer Defensive,12.84
3494,OLLI,2024-12-06,2024-12-11,2,2,False,True,,gap_expired,-0.007400333,101.86,Consumer Defensive,12.77
3495,OLN,2020-11-30,2020-11-30,1,1,False,False,,gap_expired,1.078444851,20.495107086,Basic Materials,20.57
3496,OMC,2020-03-30,2020-03-30,1,1,False,False,,gap_expired,-0.140526791,44.705585187,Communication Services,57.08
3497,OMF,2024-05-02,2024-05-02,1,1,False,False,,gap_expired,-0.115829271,44.903017057,Financial Services,14.68
3498,OMI,2020-01-27,2020-04-20,3,3,False,False,,gap_expired,2.774418771,6.830022855,Healthcare,18.23
3499,OMI,2020-08-11,2020-08-11,1,1,False,False,,gap_expired,1.203496385,15.52220613,Healthcare,24.03
3500,OMI,2020-10-13,2020-10-13,1,1,False,True,,gap_expired,-0.025153192,25.991061876,Healthcare,26.07
3501,OMI,2024-04-05,2024-05-14,2,2,False,False,,gap_expired,-0.796016277,27.17,Healthcare,16.03
3502,ON,2018-03-23,2018-03-23,1,1,False,False,,gap_expired,-0.287534226,25.7,Technology,24.87
3503,ON,2019-04-03,2019-04-03,1,1,False,False,,gap_expired,-0.390327381,22.2,Technology,13.74
3504,ON,2020-12-21,2020-12-21,1,1,False,True,,gap_expired,0.765198962,31.93,Technology,25.16
3505,ON,2021-02-22,2021-02-22,1,1,False,False,,gap_expired,0.35006834,39.441,Technology,23.45
3506,ON,2021-07-29,2021-08-05,2,2,False,True,,gap_expired,0.723902644,38.0,Technology,17.7
3507,ON,2021-11-01,2021-12-02,2,2,False,False,,gap_expired,0.246905253,55.98,Technology,16.41
3508,ON,2022-05-02,2022-05-02,1,1,False,False,,gap_expired,0.406584276,55.62,Technology,32.34
3509,ON,2023-05-17,2023-05-17,1,1,False,True,,gap_expired,-0.432340609,86.0,Technology,16.87
3510,ON,2023-08-14,2023-08-21,2,1,False,False,,gap_expired,-0.467960334,96.21,Technology,14.82
3511,ON,2024-03-18,2024-05-14,2,1,False,False,,gap_expired,-0.516801803,73.16,Technology,14.33
3512,ONON,2021-10-19,2021-10-19,1,1,False,False,,gap_expired,-0.127389537,30.31,Consumer Cyclical,15.7
3513,ONON,2022-08-16,2022-08-16,1,1,False,False,,gap_expired,0.20932991,24.19,Consumer Cyclical,19.69
3514,ONON,2022-11-02,2022-12-09,2,1,False,False,,gap_expired,0.500019825,16.59,Consumer Cyclical,25.86
3515,ONON,2023-03-22,2023-07-05,9,4,False,False,,gap_expired,-0.106722501,28.17,Consumer Cyclical,22.26
3516,ONON,2023-10-04,2024-03-04,5,4,False,True,,gap_expired,0.659891864,25.0,Consumer Cyclical,18.58
3517,ONON,2024-05-16,2024-05-16,1,1,False,True,,gap_expired,0.493888931,36.73,Consumer Cyclical,12.42
3518,ONON,2024-08-13,2024-09-12,3,2,False,True,,gap_expired,-0.105700131,41.33,Consumer Cyclical,18.12
3519,OPEN,2021-01-05,2021-02-01,2,1,False,False,,gap_expired,-0.802692477,26.004,Real Estate,25.34
3520,OPK,2018-05-31,2018-05-31,1,1,False,False,,gap_expired,0.432093023,3.92,Healthcare,15.43
3521,OPK,2020-08-13,2020-08-24,2,1,False,True,,gap_expired,-0.61308285,4.95,Healthcare,22.13
3522,OPY,2022-01-04,2022-01-04,1,1,False,False,,gap_expired,0.151923542,43.827755629,Financial Services,16.91
3523,ORA,2019-03-12,2019-03-12,1,1,False,False,,gap_expired,0.156319381,53.298284098,Utilities,13.77
3524,ORCL,2018-01-03,2018-01-03,1,1,False,False,,gap_expired,0.048850919,42.446846232,Technology,9.15
3525,ORCL,2018-03-16,2018-03-16,1,1,False,False,,gap_expired,-0.029766018,46.554610417,Technology,15.8
3526,ORCL,2018-12-14,2018-12-14,1,1,False,True,,gap_expired,-0.098725508,41.718414313,Technology,21.63
3527,ORCL,2019-12-16,2020-02-05,2,1,False,True,,gap_expired,0.006014238,49.257744505,Technology,12.14
3528,ORCL,2020-08-19,2020-09-21,2,1,False,True,,gap_expired,0.283773115,51.497002636,Technology,22.54
3529,ORCL,2020-12-07,2020-12-07,1,1,False,True,,gap_expired,0.236118036,54.867995057,Technology,21.3
3530,ORCL,2021-03-02,2021-03-02,1,1,False,False,,gap_expired,0.049480595,61.856469534,Technology,24.1
3531,ORCL,2021-05-19,2021-07-13,2,2,False,True,,gap_expired,-0.096418726,74.033176138,Technology,22.18
3532,ORCL,2021-12-10,2022-01-07,2,2,True,False,2021-12-10,gap_expired,-0.067837137,96.750005747,Technology,18.69
3533,ORCL,2022-11-15,2022-12-21,3,1,False,False,,gap_expired,0.326326425,76.017394729,Technology,24.54
3534,ORCL,2023-06-07,2024-12-10,16,10,True,True,2023-12-08,gap_expired,-0.078673071,102.343577614,Technology,13.94
3535,ORGN,2021-11-01,2021-12-17,2,2,False,False,,gap_expired,-0.069728239,7.0,Basic Materials,16.41
3536,ORGN,2023-01-27,2023-02-03,2,1,False,False,,gap_expired,-1.117198049,5.91,Basic Materials,18.51
3537,ORI,2020-06-17,2020-06-17,1,1,False,False,,gap_expired,0.267096104,10.332716915,Financial Services,33.47
3538,ORI,2021-04-15,2021-04-15,1,1,False,True,,gap_expired,0.047047568,16.259430587,Financial Services,16.57
3539,ORI,2021-09-29,2021-09-29,1,1,False,False,,gap_expired,0.135892273,17.341091567,Financial Services,22.56
3540,ORMP,2021-08-05,2021-08-05,1,1,False,False,,gap_expired,-0.47415265,17.274607713,Healthcare,17.28
3541,OSCR,2024-11-21,2024-11-21,1,1,False,False,,gap_expired,-0.044040686,16.29,Healthcare,16.87
3542,OSK,2018-06-08,2018-06-08,1,1,False,True,,gap_expired,0.004410278,66.948516227,Industrials,12.18
3543,OSK,2022-06-24,2022-06-24,1,1,False,False,,gap_expired,-0.143734772,80.26856826,Industrials,27.23
3544,OSK,2022-12-15,2022-12-15,1,1,False,False,,gap_expired,0.077624964,78.852435952,Industrials,22.83
3545,OTIS,2020-07-28,2020-07-28,1,1,False,True,,gap_expired,0.087627106,55.937009751,Industrials,25.44
3546,OTIS,2020-10-20,2020-10-20,1,1,False,False,,gap_expired,0.004455933,59.143879475,Industrials,29.35
3547,OTIS,2021-02-01,2021-02-01,1,1,False,False,,gap_expired,0.090607344,60.060552268,Industrials,30.24
3548,OTIS,2021-07-26,2021-07-26,1,1,False,False,,gap_expired,-0.055135391,82.705355261,Industrials,17.58
3549,OTIS,2021-10-26,2021-10-26,1,1,False,False,,gap_expired,0.034574835,75.142809762,Industrials,15.98
3550,OTIS,2022-04-25,2022-04-25,1,1,False,False,,gap_expired,0.203029316,68.744354526,Industrials,27.02
3551,OTIS,2023-02-01,2023-02-01,1,1,False,True,,gap_expired,-0.124701389,80.956487523,Industrials,17.87
3552,OTIS,2024-02-09,2024-02-09,1,1,False,True,,gap_expired,-0.13699358,87.520971195,Industrials,12.93
3553,OTTR,2022-01-04,2022-01-04,1,1,False,False,,gap_expired,0.075670131,61.729585846,Industrials,16.91
3554,OTTR,2023-05-11,2023-05-11,1,1,False,False,,gap_expired,-0.074910735,72.78716875,Industrials,16.93
3555,OTTR,2024-02-06,2024-02-06,1,1,False,False,,gap_expired,-0.380384454,89.856262587,Industrials,13.06
3556,OUT,2019-08-07,2019-08-07,1,1,False,True,,gap_expired,-0.592538267,19.418809431,Real Estate,19.49
3557,OWL,2021-12-23,2021-12-23,1,1,False,False,,gap_expired,-0.098347291,12.83380373,Financial Services,17.96
3558,OWL,2022-04-01,2022-04-01,1,1,False,False,,gap_expired,-0.061162305,10.946475863,Financial Services,19.63
3559,OXY,2018-08-03,2018-08-03,1,1,False,True,,gap_expired,-0.145688442,68.934411288,Energy,11.64
3560,OXY,2019-09-11,2019-09-11,1,1,True,False,2019-09-11,gap_expired,-0.211214768,40.919216899,Energy,14.61
3561,OXY,2021-01-14,2021-01-14,1,1,False,False,,gap_expired,0.266309473,22.09808993,Energy,23.25
3562,OXY,2021-05-07,2021-05-07,1,1,False,False,,gap_expired,0.090822683,26.120134843,Energy,16.69
3563,OXY,2022-07-28,2022-12-12,6,3,True,True,2022-07-28,gap_expired,-0.149719018,60.650974912,Energy,22.33
3564,OXY,2023-11-03,2023-11-03,1,1,False,False,,gap_expired,-0.551703834,60.754776187,Energy,14.91
3565,OZK,2018-05-10,2018-05-10,1,1,False,True,,gap_expired,-0.38761592,36.872180411,Financial Services,13.23
3566,PAA,2022-03-21,2022-04-26,2,1,False,False,,gap_expired,0.251551609,7.94990336,Energy,23.53
3567,PAAS,2018-06-05,2018-06-05,1,1,False,False,,gap_expired,-0.410158737,15.881214426,Basic Materials,12.4
3568,PAAS,2024-01-16,2024-01-16,1,1,False,False,,gap_expired,0.247458643,13.780125546,Basic Materials,13.84
3569,PAAS,2024-06-11,2024-06-11,1,1,False,False,,gap_expired,0.290595954,20.261899156,Basic Materials,12.85
3570,PACK,2020-01-22,2020-01-22,1,1,False,False,,gap_expired,0.142257799,20.3,Consumer Cyclical,12.91
3571,PAG,2020-05-18,2020-05-18,1,1,False,False,,gap_expired,1.049277123,30.905263516,Consumer Cyclical,29.3
3572,PAG,2023-04-18,2023-04-18,1,1,False,True,,gap_expired,-0.157419195,132.46550102,Consumer Cyclical,16.83
3573,PAG,2023-12-01,2023-12-01,1,1,False,False,,gap_expired,-0.249421212,145.480906186,Consumer Cyclical,12.63
3574,PANW,2018-01-18,2018-01-18,1,1,False,False,,gap_expired,0.331915214,26.243300052,Technology,12.22
3575,PANW,2018-06-05,2018-08-13,3,2,False,False,,gap_expired,-0.103108892,33.943333468,Technology,12.4
3576,PANW,2018-10-22,2019-02-11,6,2,False,True,,gap_expired,0.032060628,31.761601191,Technology,19.64
3577,PANW,2019-04-26,2019-05-16,2,1,True,False,2019-04-26,gap_expired,-0.203320162,40.829966748,Technology,12.73
3578,PANW,2019-12-04,2019-12-11,2,1,False,True,,gap_expired,0.132736663,37.841666331,Technology,14.8
3579,PANW,2020-05-21,2024-12-06,92,34,True,True,2020-09-05,gap_expired,0.073022931,40.000000347,Technology,29.53
3580,PAR,2021-04-14,2021-04-14,1,1,False,False,,gap_expired,-0.60998049,78.45,Technology,16.99
3581,PARAX,2018-10-08,2018-12-03,3,1,False,False,,gap_expired,-0.063615216,47.99523177,Communication Services,15.69
3582,PARAX,2019-04-12,2020-03-17,9,6,True,False,2019-04-12,gap_expired,-0.29029861,43.880937902,Communication Services,12.01
3583,PARAX,2020-11-09,2020-11-16,2,1,True,True,2020-11-09,gap_expired,-0.09037903,25.919234991,Communication Services,25.75
3584,PARAX,2021-06-14,2021-08-04,2,1,False,False,,gap_expired,-0.274055644,38.365504554,Communication Services,16.39
3585,PARAX,2021-11-16,2022-01-12,2,1,False,False,,gap_expired,-0.310236615,31.885516063,Communication Services,16.37
3586,PARAX,2022-04-20,2022-04-20,1,1,False,False,,gap_expired,-0.233190028,30.986006668,Communication Services,20.32
3587,PARAX,2022-08-18,2022-08-18,1,1,False,False,,gap_expired,-0.459412124,23.887966806,Communication Services,19.56
3588,PARAX,2023-02-23,2023-02-23,1,1,False,False,,gap_expired,-0.793735778,21.567776907,Communication Services,21.14
3589,PARAX,2023-06-09,2023-06-09,1,1,False,False,,gap_expired,-0.581645404,15.690725131,Communication Services,13.83
3590,PARR,2020-04-09,2020-04-09,1,1,False,False,,gap_expired,0.417336564,7.53,Energy,41.67
3591,PARR,2022-10-19,2022-10-19,1,1,False,False,,gap_expired,0.452041673,20.18,Energy,30.76
3592,PATH,2021-08-04,2021-08-04,1,1,False,False,,gap_expired,-0.620350491,63.93,Technology,17.97
3593,PATH,2023-06-16,2023-06-16,1,1,False,False,,gap_expired,-0.627579676,17.87,Technology,13.54
3594,PATH,2024-01-25,2024-03-27,2,2,True,False,2024-01-25,gap_expired,-0.623999328,23.0,Technology,13.45
3595,PAYC,2018-09-28,2018-09-28,1,1,False,False,,gap_expired,0.32040569,151.185029443,Technology,12.12
3596,PAYC,2019-07-17,2019-08-21,2,1,False,True,,gap_expired,0.117216964,236.774169582,Technology,13.97
3597,PAYC,2020-01-28,2020-01-28,1,1,False,False,,gap_expired,0.035604161,314.052393581,Technology,16.28
3598,PAYC,2021-11-23,2021-11-23,1,1,False,True,,gap_expired,-0.138462351,434.473105894,Technology,19.38
3599,PAYX,2018-04-10,2018-04-10,1,1,False,False,,gap_expired,0.256135181,48.24008377,Technology,20.47
3600,PAYX,2018-07-05,2018-07-05,1,1,False,False,,gap_expired,0.165744368,54.736506645,Technology,14.97
3601,PAYX,2018-09-27,2018-10-02,2,1,False,True,,gap_expired,0.117931713,58.798131626,Technology,12.41
3602,PAYX,2019-03-27,2019-03-27,1,1,False,True,,gap_expired,-0.142327616,64.572033049,Technology,15.15
3603,PAYX,2019-07-01,2019-07-01,1,1,False,False,,gap_expired,-0.122509023,67.995787382,Technology,14.06
3604,PAYX,2019-10-02,2019-10-02,1,1,False,True,,gap_expired,-0.194838731,68.604296252,Technology,20.56
3605,PAYX,2019-12-13,2019-12-20,2,1,False,False,,gap_expired,-0.048303253,71.014052201,Technology,12.63
3606,PAYX,2020-10-06,2020-10-06,1,1,False,False,,gap_expired,0.199834453,68.597071461,Technology,29.48
3607,PAYX,2021-04-01,2021-04-07,2,1,False,False,,gap_expired,0.28965823,86.238853576,Technology,17.33
3608,PAYX,2021-06-29,2022-09-28,7,6,True,True,2021-06-29,gap_expired,0.187710143,93.765332466,Technology,16.02
3609,PAYX,2023-07-05,2023-07-05,1,1,False,True,,gap_expired,-0.208233421,102.377985224,Technology,14.18
3610,PAYX,2023-12-15,2023-12-15,1,1,False,False,,gap_expired,-0.161382113,119.04451446,Technology,12.28
3611,PAYX,2024-03-28,2024-04-02,2,1,False,False,,gap_expired,0.205703673,115.381119855,Technology,13.01
3612,PAYX,2024-06-26,2024-06-26,1,1,False,False,,gap_expired,0.147191951,110.846105672,Technology,12.55
3613,PAYX,2024-08-27,2024-08-27,1,1,False,False,,gap_expired,-0.085043507,124.547002599,Technology,15.43
3614,PBA,2022-07-11,2022-07-11,1,1,False,False,,gap_expired,-0.237035708,28.711384782,Energy,26.17
3615,PBF,2018-08-14,2018-08-14,1,1,False,False,,gap_expired,-0.562707029,40.340902436,Energy,13.31
3616,PBFS,2020-05-29,2020-05-29,1,1,False,False,,gap_expired,-0.179152873,9.59,Financial Services,27.51
3617,PBFS,2021-06-14,2021-06-21,2,1,False,False,,gap_expired,-0.045132656,12.02,Financial Services,16.39
3618,PBFS,2023-04-21,2023-04-21,1,1,False,False,,gap_expired,-0.197734141,8.55,Financial Services,16.77
3619,PBR,2021-10-19,2021-10-19,1,1,False,False,,gap_expired,1.54439014,3.41210169,Energy,15.7
3620,PCAR,2018-03-06,2018-03-06,1,1,False,False,,gap_expired,-0.008102369,33.900755025,Industrials,18.36
3621,PCAR,2021-10-13,2021-10-13,1,1,False,False,,gap_expired,0.250802544,47.216278796,Industrials,18.64
3622,PCAR,2023-01-25,2023-03-28,3,2,False,False,,gap_expired,0.186363769,66.550937139,Industrials,19.08
3623,PCAR,2023-08-01,2023-08-01,1,1,False,False,,gap_expired,-0.048801388,77.528381196,Industrials,13.93
3624,PCAR,2024-01-25,2024-01-25,1,1,False,False,,gap_expired,-0.113486691,94.830317135,Industrials,13.45
3625,PCG,2019-01-03,2019-01-03,1,1,False,False,,gap_expired,-0.29848092,23.566719338,Utilities,25.45
3626,PCG,2020-11-23,2020-11-23,1,1,False,False,,gap_expired,-0.35043881,12.682985418,Utilities,22.66
3627,PCG,2023-02-23,2023-09-07,6,3,False,False,,gap_expired,-0.220101501,15.174029473,Utilities,21.14
3628,PCG,2023-11-27,2023-11-27,1,1,False,True,,gap_expired,-0.127535425,17.724470974,Utilities,12.69
3629,PCG,2024-02-22,2024-02-22,1,1,False,False,,gap_expired,-0.221412312,16.557363938,Utilities,14.54
3630,PCG,2024-06-12,2024-06-12,1,1,False,False,,gap_expired,-0.365142298,17.972864015,Utilities,12.04
3631,PCG,2024-09-18,2024-09-18,1,1,False,False,,gap_expired,-0.418086784,19.260660202,Utilities,18.23
3632,PCT,2024-10-08,2024-10-08,1,1,False,False,,gap_expired,0.193869484,9.65,Industrials,21.42
3633,PDD,2021-02-03,2021-02-03,1,1,False,False,,gap_expired,-0.905167047,199.344,Consumer Cyclical,22.91
3634,PDD,2024-01-24,2024-01-24,1,1,False,False,,gap_expired,-0.486238266,145.78,Consumer Cyclical,13.14
3635,PEG,2019-01-10,2019-01-10,1,1,False,False,,gap_expired,-0.138207364,41.000001318,Utilities,19.5
3636,PEG,2021-03-02,2021-03-02,1,1,False,False,,gap_expired,0.092857351,45.992685313,Utilities,24.1
3637,PEG,2023-04-03,2023-04-03,1,1,False,False,,gap_expired,-0.15168455,55.956478241,Utilities,18.55
3638,PEG,2023-08-09,2023-08-09,1,1,False,True,,gap_expired,0.165269421,56.045946778,Utilities,15.96
3639,PEGA,2018-03-06,2018-03-06,1,1,False,False,,gap_expired,0.026972831,29.772397551,Technology,18.36
3640,PEP,2018-04-04,2021-01-14,69,26,True,True,2018-04-19,gap_expired,0.031014991,87.081400693,Consumer Defensive,20.06
3641,PEP,2021-05-20,2021-07-13,2,1,False,True,,gap_expired,0.180472207,127.752923173,Consumer Defensive,20.67
3642,PEP,2021-12-17,2022-02-04,2,1,False,False,,gap_expired,0.262298653,147.455812173,Consumer Defensive,21.57
3643,PEP,2022-07-21,2022-10-12,3,2,False,False,,gap_expired,0.001557279,151.230167108,Consumer Defensive,23.11
3644,PEP,2023-01-05,2024-12-17,19,9,True,True,2023-01-05,gap_expired,-0.122048729,161.954664352,Consumer Defensive,22.46
3645,PERI,2022-11-01,2022-11-01,1,1,False,False,,gap_expired,0.107357431,22.72,Communication Services,25.81
3646,PETQ,2018-08-21,2018-08-22,2,1,False,False,,gap_expired,-0.197505593,36.99,Healthcare,12.86
3647,PETQ,2019-03-20,2019-03-20,1,1,False,False,,gap_expired,-0.244068735,30.5,Healthcare,13.91
3648,PETQ,2019-08-08,2019-08-08,1,1,False,False,,gap_expired,-0.23335307,32.98,Healthcare,16.91
3649,PETS,2020-07-28,2020-07-28,1,1,False,True,,gap_expired,-0.371085144,26.355636625,Healthcare,25.44
3650,PFE,2018-05-08,2018-05-08,1,1,False,True,,gap_expired,0.117186513,23.113897003,Healthcare,14.71
3651,PFE,2018-11-07,2018-11-07,1,1,False,False,,gap_expired,-0.078703467,29.707473228,Healthcare,16.36
3652,PFE,2019-01-29,2019-01-29,1,1,False,False,,gap_expired,-0.162869939,27.61456622,Healthcare,19.13
3653,PFE,2019-06-07,2019-07-23,2,1,False,False,,gap_expired,-0.017983408,29.805381207,Healthcare,16.3
3654,PFE,2019-10-30,2019-12-18,2,1,False,True,,gap_expired,-0.017656463,26.709845444,Healthcare,12.33
3655,PFE,2020-03-02,2020-03-11,3,2,False,False,,gap_expired,-0.182263777,24.965492136,Healthcare,33.42
3656,PFE,2020-05-13,2020-07-17,3,3,False,False,,gap_expired,-0.323634218,26.375371293,Healthcare,35.28
3657,PFE,2021-03-02,2021-06-10,3,2,False,True,,gap_expired,0.324179888,26.105546994,Healthcare,24.1
3658,PFE,2021-09-28,2022-03-02,9,4,False,True,,gap_expired,0.20889685,34.309709997,Healthcare,23.25
3659,PFE,2022-10-13,2022-10-13,1,1,False,False,,gap_expired,-0.407334088,35.160693638,Healthcare,31.94
3660,PFE,2022-12-15,2023-02-21,4,2,False,False,,gap_expired,-0.696188215,43.829472427,Healthcare,22.83
3661,PFE,2023-09-18,2023-09-18,1,1,False,True,,gap_expired,-0.253057142,28.612454686,Healthcare,14.0
3662,PFE,2024-01-09,2024-12-16,17,6,True,True,2024-08-06,gap_expired,-0.27327061,25.376701759,Healthcare,12.76
3663,PFG,2018-07-30,2018-07-30,1,1,False,False,,gap_expired,-0.081788209,43.823499942,Financial Services,14.26
3664,PFG,2018-12-10,2019-02-07,2,1,False,True,,gap_expired,0.085988778,33.10385388,Financial Services,22.64
3665,PFG,2020-03-18,2020-03-18,1,1,False,True,,gap_expired,0.723239549,21.325621043,Financial Services,76.45
3666,PFPT,2018-02-09,2018-02-09,1,1,False,False,,gap_expired,0.150708868,98.07,Technology,29.06
3667,PFPT,2018-04-25,2018-05-03,2,1,False,False,,gap_expired,-0.079086635,121.3,Technology,17.84
3668,PFPT,2018-07-17,2018-10-02,3,2,False,False,,gap_expired,-0.112557903,127.76,Technology,12.06
3669,PFPT,2019-05-17,2019-05-17,1,1,False,False,,gap_expired,-0.082918794,117.99,Technology,15.96
3670,PFPT,2019-10-29,2019-10-29,1,1,False,False,,gap_expired,-0.216654218,115.7,Technology,13.2
3671,PFPT,2020-06-02,2020-09-17,4,3,False,False,,gap_expired,0.083286799,118.92,Technology,26.84
3672,PG,2018-01-23,2019-02-20,20,6,False,True,,gap_expired,0.134771237,72.079905719,Consumer Defensive,11.1
3673,PG,2019-04-30,2019-11-14,10,3,False,True,,gap_expired,0.133215426,89.592704211,Consumer Defensive,13.12
3674,PG,2020-04-01,2020-06-29,5,3,False,False,,gap_expired,-0.385431393,92.612458682,Consumer Defensive,57.06
3675,PG,2020-10-27,2020-10-28,2,1,False,False,,gap_expired,-0.358077264,123.037913779,Consumer Defensive,33.35
3676,PG,2021-02-23,2021-02-23,1,1,False,False,,gap_expired,0.147910728,112.234893703,Consumer Defensive,23.11
3677,PG,2021-06-28,2021-06-28,1,1,False,False,,gap_expired,0.172712166,120.190513872,Consumer Defensive,15.76
3678,PG,2021-10-15,2021-10-15,1,1,False,False,,gap_expired,0.067051468,128.122358513,Consumer Defensive,16.3
3679,PG,2022-01-19,2024-12-06,68,15,True,True,2022-06-16,gap_expired,0.006301892,144.573830551,Consumer Defensive,23.85
3680,PGNY,2019-11-14,2019-11-14,1,1,False,False,,gap_expired,0.136120578,22.41,Healthcare,13.05
3681,PGNY,2021-11-18,2021-11-18,1,1,False,False,,gap_expired,-0.293353394,60.81,Healthcare,17.59
3682,PGNY,2024-04-05,2024-04-05,1,1,False,False,,gap_expired,-0.436685855,35.61,Healthcare,16.03
3683,PGR,2018-03-08,2018-03-08,1,1,False,True,,gap_expired,0.254443558,46.799924391,Financial Services,16.54
3684,PGR,2020-11-20,2020-11-20,1,1,False,True,,gap_expired,-0.26104763,79.300600861,Financial Services,23.7
3685,PGR,2022-04-05,2022-04-05,1,1,False,False,,gap_expired,0.376247948,104.051946452,Financial Services,21.03
3686,PGR,2023-09-13,2023-09-13,1,1,False,True,,gap_expired,0.572185983,128.01137776,Financial Services,13.48
3687,PGR,2024-04-22,2024-04-26,2,1,False,False,,gap_expired,0.154825853,196.644981849,Financial Services,16.94
3688,PGTIX,2018-01-05,2018-01-05,1,1,False,True,,gap_expired,-0.057986716,10.395599997,ETF,9.22
3689,PH,2018-01-09,2018-01-09,1,1,False,False,,gap_expired,-0.188175445,182.987445392,Industrials,10.08
3690,PH,2018-03-19,2018-03-19,1,1,False,True,,gap_expired,-0.126534426,162.031905039,Industrials,19.02
3691,PH,2019-07-17,2019-07-17,1,1,False,False,,gap_expired,0.025902569,151.561560753,Industrials,13.97
3692,PH,2023-02-07,2023-03-08,2,1,False,False,,gap_expired,0.301612793,333.430573634,Industrials,18.66
3693,PH,2023-05-22,2023-05-22,1,1,False,True,,gap_expired,0.328489877,322.076164496,Industrials,17.21
3694,PH,2023-12-15,2024-02-05,2,2,False,True,,gap_expired,0.172414905,445.343080167,Industrials,12.28
3695,PH,2024-08-13,2024-08-13,1,1,False,False,,gap_expired,0.096467813,564.29177227,Industrials,18.12
3696,PHM,2020-10-08,2020-10-08,1,1,False,True,,gap_expired,-0.306227696,46.805539281,Consumer Cyclical,26.36
3697,PHM,2023-06-07,2023-06-07,1,1,False,False,,gap_expired,0.327971548,69.881993179,Consumer Cyclical,13.94
3698,PHM,2024-03-19,2024-03-19,1,1,False,True,,gap_expired,-0.171480969,110.106964436,Consumer Cyclical,13.82
3699,PHM,2024-10-21,2024-10-22,2,1,False,False,,gap_expired,-0.303203655,137.222783927,Consumer Cyclical,18.37
3700,PIG,2020-04-08,2020-04-08,1,1,False,False,,gap_expired,-0.684251154,41.415447784,Healthcare,43.35
3701,PII,2018-03-07,2018-03-07,1,1,False,False,,gap_expired,-0.298879259,95.070591278,Consumer Cyclical,17.76
3702,PII,2019-10-28,2019-10-28,1,1,False,False,,gap_expired,-0.155734897,83.319031258,Consumer Cyclical,13.11
3703,PII,2020-04-09,2020-04-09,1,1,False,False,,gap_expired,1.069030084,47.667375596,Consumer Cyclical,41.67
3704,PII,2020-06-10,2020-11-09,5,3,False,True,,gap_expired,0.062394395,78.372637606,Consumer Cyclical,27.57
3705,PINS,2019-05-10,2019-07-09,4,1,False,False,,gap_expired,-0.396939854,27.8,Communication Services,16.04
3706,PINS,2019-09-11,2019-11-08,2,2,False,False,,gap_expired,-0.001579077,30.2,Communication Services,14.61
3707,PINS,2020-02-21,2020-04-14,2,2,False,True,,gap_expired,2.759602871,21.24,Communication Services,17.08
3708,PINS,2020-06-16,2020-08-03,2,2,False,False,,gap_expired,1.929494657,22.2,Communication Services,33.67
3709,PINS,2020-10-28,2020-10-28,1,1,False,False,,gap_expired,-0.727110025,64.0,Communication Services,40.28
3710,PINS,2021-05-17,2021-07-07,2,2,False,True,,gap_expired,-0.613528309,58.94,Communication Services,19.72
3711,PINS,2021-11-08,2021-11-08,2,1,False,True,,gap_expired,-0.356567971,47.01,Communication Services,17.22
3712,PINS,2022-10-28,2023-01-20,5,2,False,False,,gap_expired,0.095993121,24.79,Communication Services,25.75
3713,PINS,2023-08-01,2023-08-01,1,1,False,False,,gap_expired,-0.168969471,28.44,Communication Services,13.93
3714,PINS,2023-11-07,2023-12-20,2,2,False,False,,gap_expired,-0.435752468,30.72,Communication Services,14.81
3715,PINS,2024-07-09,2024-07-22,3,2,True,False,2024-07-16,gap_expired,-0.305408039,43.34,Communication Services,12.51
3716,PIPR,2024-04-08,2024-04-08,1,1,False,False,,gap_expired,0.113912505,195.639645258,Financial Services,15.19
3717,PKG,2024-10-25,2024-10-25,1,1,False,True,,gap_expired,-0.296156992,220.305601219,Consumer Cyclical,20.33
3718,PLAY,2018-01-03,2018-01-03,1,1,False,False,,gap_expired,-0.100507269,56.25,Communication Services,9.15
3719,PLAY,2019-04-03,2019-04-03,1,1,False,False,,gap_expired,-0.690667344,53.0,Communication Services,13.74
3720,PLAY,2020-02-11,2020-02-11,1,1,False,True,,gap_expired,-0.083578732,37.52,Communication Services,15.18
3721,PLAY,2021-03-26,2021-03-26,1,1,False,True,,gap_expired,-0.294034425,49.16,Communication Services,18.86
3722,PLAY,2022-02-28,2022-02-28,1,1,False,False,,gap_expired,0.007536755,43.35,Communication Services,30.15
3723,PLAY,2022-06-08,2022-06-08,1,1,False,False,,gap_expired,-0.131551917,40.86,Communication Services,23.96
3724,PLCE,2018-01-03,2018-01-09,2,1,False,False,,gap_expired,-0.327650644,143.142628499,Consumer Cyclical,9.15
3725,PLCE,2018-03-16,2018-03-16,1,1,False,False,,gap_expired,-0.400697739,131.75625551,Consumer Cyclical,15.8
3726,PLCE,2018-07-16,2018-08-23,2,2,False,False,,gap_expired,-0.198940848,110.922334813,Consumer Cyclical,12.83
3727,PLCE,2018-12-14,2018-12-14,1,1,False,False,,gap_expired,-0.573634058,90.186719181,Consumer Cyclical,21.63
3728,PLD,2018-02-01,2018-02-01,1,1,False,True,,gap_expired,0.145118917,50.669842786,Real Estate,13.47
3729,PLD,2018-04-30,2018-05-11,2,1,False,True,,gap_expired,0.081677379,52.573896341,Real Estate,15.93
3730,PLD,2018-08-01,2018-08-01,1,1,False,False,,gap_expired,0.189832586,53.677518417,Real Estate,13.15
3731,PLD,2019-06-18,2019-06-18,1,1,False,False,,gap_expired,0.129548667,67.143943644,Real Estate,15.15
3732,PLD,2019-10-04,2019-10-04,1,1,False,False,,gap_expired,0.089043206,72.10017221,Real Estate,17.04
3733,PLD,2020-03-06,2020-04-15,3,1,False,True,,gap_expired,-0.184266398,68.466242392,Real Estate,41.94
3734,PLD,2020-07-01,2020-07-01,1,1,False,False,,gap_expired,-0.119531903,83.041526361,Real Estate,28.62
3735,PLD,2021-09-17,2021-10-27,2,2,False,True,,gap_expired,-0.016729728,113.906073374,Real Estate,20.81
3736,PLD,2022-01-20,2022-07-25,7,4,False,True,,gap_expired,-0.087824261,139.35725919,Real Estate,25.59
3737,PLD,2022-12-06,2023-01-20,3,1,False,False,,gap_expired,-0.106120362,102.78540843,Real Estate,22.17
3738,PLD,2023-03-28,2023-04-19,2,1,False,False,,gap_expired,-0.214331545,108.545390746,Real Estate,19.97
3739,PLD,2023-11-30,2024-03-18,3,3,True,True,2023-12-13,gap_expired,-0.30068148,106.906413549,Real Estate,12.92
3740,PLD,2024-10-22,2024-10-22,1,1,False,True,,gap_expired,-0.085632765,113.847103297,Real Estate,18.2
3741,PLNT,2018-01-04,2018-01-04,1,1,False,False,,gap_expired,0.783808536,33.04,Consumer Cyclical,9.22
3742,PLNT,2018-08-23,2018-09-17,2,1,False,True,,gap_expired,0.380493375,49.9,Consumer Cyclical,12.41
3743,PLNT,2019-03-01,2019-03-22,3,1,False,False,,gap_expired,0.015973044,61.55,Consumer Cyclical,13.57
3744,PLNT,2019-07-10,2019-09-10,3,2,False,False,,gap_expired,-0.338792985,76.82,Consumer Cyclical,13.03
3745,PLNT,2019-11-13,2020-01-06,2,2,True,False,2020-01-06,gap_expired,-0.205474376,71.06,Consumer Cyclical,13.0
3746,PLNT,2020-08-17,2020-08-17,1,1,False,False,,gap_expired,-0.033687684,55.73,Consumer Cyclical,21.35
3747,PLNT,2021-01-05,2021-01-05,1,1,False,False,,gap_expired,-0.063640608,74.41,Consumer Cyclical,25.34
3748,PLNT,2021-03-31,2021-05-07,3,1,False,True,,gap_expired,-0.065891996,78.03,Consumer Cyclical,19.4
3749,PLNT,2021-07-22,2021-07-22,1,1,False,False,,gap_expired,0.123574425,74.48,Consumer Cyclical,17.69
3750,PLNT,2021-11-04,2021-11-04,1,1,False,True,,gap_expired,-0.192954466,97.99,Consumer Cyclical,15.44
3751,PLNT,2022-06-15,2022-06-15,1,1,False,False,,gap_expired,-0.130232684,62.57,Consumer Cyclical,29.62
3752,PLNT,2022-09-28,2022-09-28,1,1,False,False,,gap_expired,-0.348700861,57.79,Consumer Cyclical,30.18
3753,PLNT,2022-11-28,2023-01-17,2,1,False,True,,gap_expired,-0.287838972,76.97,Consumer Cyclical,22.21
3754,PLNT,2023-05-15,2023-05-15,1,1,False,False,,gap_expired,-0.354838974,69.03,Consumer Cyclical,17.12
3755,PLTR,2020-02-08,2020-02-08,1,1,False,True,,gap_expired,-0.816473121,36.9,Technology,
3756,PLTR,2020-10-27,2020-10-27,1,1,False,False,,gap_expired,1.005746625,10.66,Technology,33.35
3757,PLTR,2021-01-20,2021-01-20,1,1,False,False,,gap_expired,-0.624048592,26.42,Technology,21.58
3758,PLTR,2021-04-23,2021-05-07,2,2,False,True,,gap_expired,-0.528841187,23.69,Technology,17.33
3759,PLTR,2021-09-17,2021-09-17,1,1,False,False,,gap_expired,-0.620186568,27.57,Technology,20.81
3760,PLTR,2021-11-23,2021-11-23,1,1,False,False,,gap_expired,-0.464607535,20.35,Technology,19.38
3761,PLTR,2023-05-09,2023-08-01,7,4,False,False,,gap_expired,0.84050764,9.73,Technology,17.71
3762,PLTR,2023-10-02,2024-05-21,13,7,False,True,,gap_expired,1.159850626,15.61,Technology,17.61
3763,PLTR,2024-10-08,2024-12-06,10,5,False,True,,gap_expired,3.094084594,41.55,Technology,21.42
3764,PLUG,2019-04-11,2019-04-11,1,1,False,False,,gap_expired,-0.038772472,2.7,Industrials,13.02
3765,PLUG,2020-07-21,2021-12-06,27,14,True,True,2020-11-23,gap_expired,0.739966034,9.04,Industrials,24.84
3766,PLUG,2022-08-25,2022-08-25,1,1,False,False,,gap_expired,-0.458408839,30.06,Industrials,21.78
3767,PLUG,2023-05-22,2023-05-22,1,1,False,False,,gap_expired,0.007696419,8.76,Industrials,17.21
3768,PM,2018-01-12,2018-01-12,1,1,False,True,,gap_expired,-0.205335099,68.87688604,Consumer Defensive,10.16
3769,PM,2023-04-19,2023-04-19,1,1,False,False,,gap_expired,-0.077566755,85.123675682,Consumer Defensive,16.46
3770,PM,2023-06-21,2023-06-21,1,1,False,False,,gap_expired,0.009744552,85.187121657,Consumer Defensive,13.2
3771,PN1,2018-05-30,2018-07-12,2,1,False,False,,gap_expired,-0.513771987,34.37,Consumer Cyclical,14.94
3772,PN1,2019-03-29,2019-03-29,1,1,False,False,,gap_expired,-0.3031308,20.38,Consumer Cyclical,13.71
3773,PN1,2019-08-15,2019-08-15,1,1,False,True,,gap_expired,1.971825926,16.81,Consumer Cyclical,21.18
3774,PN1,2020-01-21,2021-12-23,25,18,True,True,2020-06-22,gap_expired,-0.775030226,106.0,Consumer Cyclical,12.85
3775,PN1,2023-02-09,2023-02-24,2,1,True,False,2023-02-09,gap_expired,-0.519148546,31.7,Consumer Cyclical,20.71
3776,PNC,2018-01-05,2018-01-05,1,1,False,False,,gap_expired,-0.105125111,108.675655659,Financial Services,9.22
3777,PNC,2018-04-11,2018-04-11,1,1,False,False,,gap_expired,-0.210209417,113.905628728,Financial Services,20.24
3778,PNC,2023-04-10,2023-04-11,2,1,False,False,,gap_expired,0.0428316,108.297039688,Financial Services,18.97
3779,PNC,2024-04-11,2024-04-18,2,1,False,False,,gap_expired,0.003639251,141.137867221,Financial Services,14.91
3780,PNGAY,2020-05-19,2020-06-08,2,2,False,False,,gap_expired,-0.492221601,25.5,Financial Services,30.53
3781,PNGAY,2020-08-20,2020-09-25,2,1,False,False,,gap_expired,-0.631822949,33.86,Financial Services,22.72
3782,PNGAY,2021-05-06,2021-05-06,1,1,False,False,,gap_expired,-0.046440624,24.67,Financial Services,18.39
3783,PNGAY,2021-09-10,2021-09-10,1,1,False,True,,gap_expired,0.212313227,25.65,Financial Services,20.95
3784,PNR,2018-05-04,2018-05-04,1,1,False,True,,gap_expired,-0.237298327,39.605542789,Industrials,14.77
3785,PNR,2023-07-10,2023-07-10,1,1,False,False,,gap_expired,-0.050664818,62.655831288,Industrials,15.07
3786,PNRZX,2021-12-23,2021-12-23,1,1,False,False,,gap_expired,0.434834402,42.846100005,ETF,17.96
3787,POOL,2018-07-31,2018-07-31,1,1,False,False,,gap_expired,0.187404718,140.823213501,Industrials,12.83
3788,POOL,2020-07-20,2020-07-20,1,1,False,False,,gap_expired,0.162341812,286.283755427,Industrials,24.46
3789,POOL,2021-04-28,2021-04-28,1,1,False,False,,gap_expired,-0.039150656,400.514045865,Industrials,17.28
3790,POOL,2023-12-05,2023-12-05,1,1,False,False,,gap_expired,-0.284057397,346.561321393,Industrials,12.85
3791,POSH,2021-02-09,2021-02-09,1,1,False,True,,gap_expired,-0.948745405,71.69,Communication Services,21.63
3792,POSH,2021-05-07,2021-08-19,6,3,False,True,,gap_expired,-0.71775293,42.9,Communication Services,16.69
3793,POST,2018-08-15,2018-08-15,1,1,False,False,,gap_expired,-0.036877392,62.670728091,Consumer Defensive,14.64
3794,POST,2024-06-10,2024-06-10,1,1,False,False,,gap_expired,-0.046094972,103.3,Consumer Defensive,12.74
3795,POWL,2023-09-27,2023-09-27,1,1,False,True,,gap_expired,1.356153615,81.080711123,Industrials,18.22
3796,POWL,2024-06-28,2024-08-19,2,2,False,False,,gap_expired,0.345084412,144.307531673,Industrials,12.44
3797,PPC,2019-02-01,2019-02-01,1,1,False,False,,gap_expired,0.089699506,17.044471548,Consumer Defensive,16.14
3798,PPC,2019-09-11,2019-09-11,1,1,False,True,,gap_expired,-0.588543627,25.710700002,Consumer Defensive,14.61
3799,PPG,2018-01-12,2018-01-18,2,1,False,False,,gap_expired,-0.116236504,101.948182683,Basic Materials,10.16
3800,PPG,2019-10-28,2019-12-04,3,1,False,False,,gap_expired,-0.067672678,109.603399669,Basic Materials,13.11
3801,PPG,2020-10-08,2020-10-22,3,1,False,True,,gap_expired,-0.138249938,122.282557265,Basic Materials,26.36
3802,PPG,2021-04-21,2021-04-21,1,1,False,False,,gap_expired,-0.286876646,157.466764943,Basic Materials,17.5
3803,PPG,2021-10-27,2021-10-27,1,1,False,False,,gap_expired,-0.150824424,148.480951237,Basic Materials,16.98
3804,PPG,2022-03-21,2022-03-21,1,1,False,False,,gap_expired,0.070409323,120.166229471,Basic Materials,23.53
3805,PPL,2018-05-24,2018-06-19,2,1,False,False,,gap_expired,0.10246562,19.553106018,Utilities,12.53
3806,PPL,2019-12-17,2019-12-17,1,1,False,False,,gap_expired,-0.382414848,28.084095903,Utilities,12.29
3807,PR,2022-10-03,2022-10-03,1,1,False,False,,gap_expired,0.518077988,6.823511468,Energy,30.1
3808,PRCH,2021-01-15,2021-02-10,2,2,True,False,2021-02-10,gap_expired,-0.557668811,17.73,Financial Services,24.34
3809,PRGS,2018-06-04,2018-06-04,1,1,False,False,,gap_expired,0.017881529,35.373092742,Technology,12.74
3810,PRI,2018-07-23,2018-07-23,1,1,False,False,,gap_expired,0.048681227,100.10644956,Financial Services,12.62
3811,PRIM,2023-09-29,2023-09-29,1,1,False,False,,gap_expired,0.423367596,32.409269818,Industrials,17.52
3812,PRLO,2023-05-30,2023-05-30,1,1,False,False,,gap_expired,-1.266077284,0.0077,Technology,17.46
3813,PRPL,2020-10-26,2020-10-26,1,1,False,False,,gap_expired,-0.715076097,30.628395178,Consumer Cyclical,32.46
3814,PRU,2018-05-07,2018-07-09,3,2,False,False,,gap_expired,-0.052407543,68.980159834,Financial Services,14.75
3815,PRU,2018-09-12,2018-09-12,1,1,False,True,,gap_expired,-0.097475209,68.034258736,Financial Services,13.14
3816,PRU,2018-11-12,2018-11-12,1,1,False,False,,gap_expired,-0.125295672,65.788164902,Financial Services,20.45
3817,PRU,2021-04-27,2021-04-27,1,1,False,False,,gap_expired,0.142897951,79.797764485,Financial Services,17.56
3818,PRU,2023-12-18,2023-12-18,1,1,False,True,,gap_expired,0.02520442,93.924431195,Financial Services,12.56
3819,PSA,2019-02-05,2019-02-05,1,1,False,True,,gap_expired,-0.140073004,157.054036829,Real Estate,15.57
3820,PSA,2020-06-24,2020-06-24,1,1,False,True,,gap_expired,0.238356655,149.903287305,Real Estate,33.84
3821,PSA,2023-06-06,2023-08-10,3,2,False,False,,gap_expired,-0.246161912,250.712877852,Real Estate,13.96
3822,PSA,2024-02-26,2024-02-26,1,1,False,False,,gap_expired,-0.063778379,259.225114454,Real Estate,13.74
3823,PSFE,2021-01-20,2021-01-20,1,1,False,False,,gap_expired,-0.982282117,222.0,Technology,21.58
3824,PSFE,2021-04-14,2021-07-23,5,3,False,False,,gap_expired,-0.856535506,170.28,Technology,16.99
3825,PSFE,2021-10-07,2021-10-07,1,1,False,True,,gap_expired,-0.636536447,87.36,Technology,19.54
3826,PSFE,2023-01-23,2023-01-23,1,1,False,False,,gap_expired,-0.496434498,20.17,Technology,19.81
3827,PSMT,2020-07-15,2020-07-15,1,1,False,False,,gap_expired,0.013821415,59.538135492,Consumer Defensive,27.76
3828,PSN,2019-05-13,2019-05-13,1,1,False,False,,gap_expired,0.23435454,31.1,Technology,20.55
3829,PSN,2020-02-28,2020-02-28,1,1,False,False,,gap_expired,-0.420940286,39.39,Technology,40.11
3830,PSN,2024-02-23,2024-02-23,1,1,False,False,,gap_expired,-0.426883299,79.77,Technology,13.75
3831,PSTG,2018-05-16,2018-05-16,1,1,False,False,,gap_expired,-0.218397387,23.64,Technology,13.42
3832,PSTG,2024-02-22,2024-03-08,2,2,False,True,,gap_expired,0.331286273,41.25,Technology,14.54
3833,PSTG,2024-05-13,2024-05-13,1,1,False,False,,gap_expired,-0.110072018,54.14,Technology,13.6
3834,PSTG,2024-10-07,2024-10-07,1,1,False,True,,gap_expired,0.575587657,51.53,Technology,22.64
3835,PSX,2018-03-14,2018-03-14,1,1,False,True,,gap_expired,0.027774065,69.768295404,Energy,17.23
3836,PSX,2018-09-12,2018-10-16,2,1,False,True,,gap_expired,-0.095089211,84.020297513,Energy,13.14
3837,PSX,2019-02-11,2019-02-11,1,1,False,True,,gap_expired,-0.270769813,71.771786924,Energy,15.97
3838,PSX,2022-06-01,2022-06-01,1,1,False,True,,gap_expired,-0.085632458,90.208754693,Energy,25.69
3839,PSX,2023-03-16,2023-03-16,1,1,False,True,,gap_expired,0.378794386,86.334716063,Energy,22.99
3840,PSX,2023-09-18,2023-09-18,1,1,False,False,,gap_expired,-0.193596675,114.117285841,Energy,14.0
3841,PSX,2023-12-12,2023-12-12,1,1,False,False,,gap_expired,-0.304560402,116.66688998,Energy,12.07
3842,PSX,2024-03-20,2024-03-20,1,1,False,False,,gap_expired,-0.296941564,149.460599748,Energy,13.04
3843,PSX,2024-11-06,2024-11-06,1,1,False,False,,gap_expired,-0.021302848,122.047134351,Energy,16.27
3844,PTLO,2021-12-17,2021-12-17,1,1,False,False,,gap_expired,-0.283600066,31.43,Consumer Cyclical,21.57
3845,PTLO,2022-04-08,2022-04-08,1,1,False,False,,gap_expired,-0.042961348,22.25,Consumer Cyclical,21.16
3846,PTLO,2022-07-13,2022-07-13,1,1,False,False,,gap_expired,-0.029567763,19.05,Consumer Cyclical,26.82
3847,PTLO,2022-11-08,2023-01-06,2,2,False,False,,gap_expired,-0.526796892,22.59,Consumer Cyclical,25.54
3848,PTLO,2023-03-22,2023-04-18,2,1,False,False,,gap_expired,-0.354373772,20.93,Consumer Cyclical,22.26
3849,PTON,2019-11-01,2019-11-01,1,1,False,False,,gap_expired,0.56982683,25.3,Consumer Cyclical,12.3
3850,PTON,2020-02-13,2020-04-15,3,2,False,True,,gap_expired,1.21876731,28.89,Consumer Cyclical,14.15
3851,PTON,2020-08-03,2020-11-06,7,4,False,True,,gap_expired,-0.099492812,70.95,Consumer Cyclical,24.28
3852,PTON,2021-03-31,2021-03-31,1,1,False,False,,gap_expired,-0.327122474,114.99,Consumer Cyclical,19.4
3853,PTON,2021-06-25,2021-06-25,1,1,False,True,,gap_expired,-0.285295487,122.07,Consumer Cyclical,15.62
3854,PTON,2022-02-23,2022-04-04,4,2,False,False,,gap_expired,-0.47591371,25.5,Consumer Cyclical,31.02
3855,PUBM,2021-01-20,2021-01-20,1,1,False,False,,gap_expired,-0.490431145,35.27,Technology,21.58
3856,PVH,2018-03-23,2018-05-30,4,2,False,False,,gap_expired,-0.317535442,142.551783478,Consumer Cyclical,24.87
3857,PVH,2018-08-24,2018-09-21,2,1,False,True,,gap_expired,-0.55939828,153.900391997,Consumer Cyclical,11.99
3858,PVH,2018-11-29,2019-01-14,3,1,False,False,,gap_expired,-0.289459082,107.967262601,Consumer Cyclical,18.79
3859,PVH,2019-03-27,2019-03-28,2,1,False,False,,gap_expired,-0.618067067,123.889910238,Consumer Cyclical,15.15
3860,PVH,2019-09-13,2019-09-13,1,1,False,True,,gap_expired,-0.362187975,88.531876753,Consumer Cyclical,13.74
3861,PVH,2019-11-15,2019-11-15,1,1,False,False,,gap_expired,-0.386105774,98.667038919,Consumer Cyclical,12.05
3862,PVH,2020-06-11,2020-06-11,1,1,False,True,,gap_expired,0.616384737,53.581040136,Consumer Cyclical,40.79
3863,PVH,2020-09-15,2020-09-15,1,1,False,False,,gap_expired,0.207497494,71.163592869,Consumer Cyclical,25.59
3864,PVH,2020-12-02,2020-12-02,1,1,False,True,,gap_expired,-0.065450045,82.693344355,Consumer Cyclical,21.17
3865,PVH,2021-05-03,2021-05-03,1,1,False,False,,gap_expired,-0.387079257,115.665539548,Consumer Cyclical,18.31
3866,PVH,2022-12-02,2022-12-02,1,1,False,False,,gap_expired,0.308647001,71.632564272,Consumer Cyclical,19.06
3867,PVH,2023-12-04,2023-12-04,1,1,False,False,,gap_expired,-0.295439666,102.974779299,Consumer Cyclical,13.08
3868,PWR,2021-11-15,2021-11-15,1,1,False,False,,gap_expired,0.378388391,117.985008372,Industrials,16.49
3869,PWR,2022-11-15,2022-11-15,1,1,False,False,,gap_expired,0.123374696,142.936500787,Industrials,24.54
3870,PWR,2023-11-30,2023-12-20,3,2,False,False,,gap_expired,0.468564998,187.270865477,Industrials,12.92
3871,PWR,2024-04-02,2024-05-06,2,1,False,False,,gap_expired,-0.048736281,254.653017003,Industrials,14.61
3872,PYPL,2018-01-17,2022-04-20,75,28,True,True,2018-03-29,gap_expired,0.133899087,82.239876277,Financial Services,11.91
3873,PYPL,2022-10-25,2022-12-14,2,2,False,True,,gap_expired,-0.236434059,87.8968377,Financial Services,28.46
3874,PYPL,2023-04-04,2023-07-17,2,2,True,True,2023-04-04,gap_expired,-0.013434765,74.936739857,Financial Services,19.0
3875,PYPL,2023-12-19,2024-02-09,5,1,False,True,,gap_expired,-0.207345418,62.804809224,Financial Services,12.53
3876,PYPL,2024-06-13,2024-06-13,1,1,False,True,,gap_expired,-0.025541728,60.230746392,Financial Services,11.94
3877,PYPL,2024-09-11,2024-11-26,4,3,False,True,,gap_expired,-0.237119074,68.980514209,Financial Services,17.69
3878,PZZA,2019-05-29,2019-05-29,1,1,False,False,,gap_expired,0.581931386,39.669227104,Consumer Cyclical,17.9
3879,PZZA,2020-08-06,2020-08-06,1,1,False,False,,gap_expired,-0.106903435,82.953685982,Consumer Cyclical,22.65
3880,PZZA,2020-11-05,2020-11-05,1,1,False,False,,gap_expired,0.241758371,71.21594291,Consumer Cyclical,27.58
3881,PZZA,2021-05-06,2021-05-06,1,1,False,False,,gap_expired,-0.118391753,87.798227481,Consumer Cyclical,18.39
3882,PZZA,2021-11-04,2021-11-04,1,1,False,False,,gap_expired,-0.235983053,118.735241417,Consumer Cyclical,15.44
3883,PZZA,2022-05-09,2022-05-09,1,1,False,False,,gap_expired,0.038611957,74.112210656,Consumer Cyclical,34.75
3884,PZZA,2023-02-23,2023-02-23,1,1,False,False,,gap_expired,-0.434591503,76.832992927,Consumer Cyclical,21.14
3885,QCOM,2018-03-27,2018-03-27,1,1,False,True,,gap_expired,-0.019130976,44.883878964,Technology,22.5
3886,QCOM,2018-06-08,2018-06-08,1,1,False,False,,gap_expired,0.148499886,49.803450956,Technology,12.18
3887,QCOM,2018-11-28,2018-11-28,1,1,False,False,,gap_expired,0.320410947,48.344575558,Technology,18.49
3888,QCOM,2019-02-06,2019-02-06,1,1,False,False,,gap_expired,0.534094874,42.914597572,Technology,15.38
3889,QCOM,2019-04-29,2019-04-29,1,1,False,True,,gap_expired,-0.081412887,74.289180752,Technology,13.11
3890,QCOM,2019-09-24,2019-12-18,6,2,False,False,,gap_expired,0.424612292,65.18189976,Technology,17.05
3891,QCOM,2020-03-12,2020-07-29,5,4,False,False,,gap_expired,0.355862878,62.812383067,Technology,75.47
3892,QCOM,2020-10-20,2021-01-15,4,2,False,False,,gap_expired,-0.280914089,114.472640501,Technology,29.35
3893,QCOM,2021-06-22,2021-07-14,2,1,False,False,,gap_expired,0.000240227,122.315429157,Technology,16.66
3894,QCOM,2022-01-03,2022-01-03,1,1,False,False,,gap_expired,-0.092239714,171.001377503,Technology,16.6
3895,QCOM,2022-03-16,2023-04-06,14,7,True,True,2022-03-16,gap_expired,-0.052866828,136.995330691,Technology,26.67
3896,QCOM,2024-05-08,2024-05-08,1,1,False,False,,gap_expired,-0.295802739,174.495168424,Technology,13.0
3897,QDEL,2020-10-13,2020-10-28,2,1,False,False,,gap_expired,-0.790186917,276.0,Healthcare,26.07
3898,QDEL,2022-08-16,2022-08-16,1,1,False,False,,gap_expired,-0.197970882,88.06,Healthcare,19.69
3899,QLYS,2021-09-08,2021-09-08,1,1,False,False,,gap_expired,0.441406096,117.85,Technology,17.96
3900,QQQ,2018-08-29,2018-09-10,2,1,False,False,,gap_expired,-0.014476578,177.324799937,ETF,12.25
3901,QQQ,2023-04-11,2023-04-11,1,1,False,False,,gap_expired,0.129928038,312.674105824,ETF,19.1
3902,QRTEA,2018-05-04,2018-05-04,1,1,False,False,,gap_expired,-0.387716683,7.270598536,Consumer Cyclical,14.77
3903,QRVO,2019-11-01,2019-12-19,4,2,False,False,,gap_expired,0.193903484,98.32,Technology,12.3
3904,QRVO,2020-05-18,2020-12-16,6,4,False,True,,gap_expired,0.345517431,98.74,Technology,29.3
3905,QS,2020-10-22,2021-02-23,4,3,False,True,,gap_expired,0.503255099,14.35,Consumer Cyclical,28.11
3906,QSR,2019-02-07,2019-02-08,2,1,False,True,,gap_expired,-0.185178637,48.964428957,Consumer Cyclical,16.37
3907,QSR,2020-06-29,2020-06-29,1,1,False,True,,gap_expired,-0.217753407,45.475953893,Consumer Cyclical,31.78
3908,QSR,2022-11-16,2022-12-01,2,1,False,False,,gap_expired,-0.025799201,56.894637796,Consumer Cyclical,24.11
3909,QSR,2023-08-08,2023-08-08,1,1,False,True,,gap_expired,-0.232165539,68.756399075,Consumer Cyclical,15.99
3910,QSR,2023-12-15,2023-12-15,1,1,False,False,,gap_expired,-0.34207012,68.87619066,Consumer Cyclical,12.28
3911,RACE,2018-09-27,2018-09-27,1,1,False,False,,gap_expired,0.085058519,129.770702934,Consumer Cyclical,12.41
3912,RACE,2019-03-22,2019-03-22,1,1,False,True,,gap_expired,0.235295624,122.83117556,Consumer Cyclical,16.48
3913,RACE,2019-08-19,2019-08-19,1,1,False,False,,gap_expired,0.086383741,147.835833927,Consumer Cyclical,16.88
3914,RACE,2019-12-10,2019-12-10,1,1,False,True,,gap_expired,0.114435223,157.502833062,Consumer Cyclical,15.68
3915,RACE,2021-04-23,2021-04-23,1,1,False,True,,gap_expired,-0.049932949,209.443161836,Consumer Cyclical,17.33
3916,RACE,2022-08-03,2022-08-03,1,1,False,False,,gap_expired,0.351994336,209.710787875,Consumer Cyclical,21.95
3917,RACE,2023-03-10,2023-04-21,2,1,False,True,,gap_expired,0.276005734,250.937616088,Consumer Cyclical,24.8
3918,RACE,2023-07-06,2023-07-06,1,1,False,False,,gap_expired,0.078641772,307.99343137,Consumer Cyclical,15.44
3919,RACE,2024-08-14,2024-08-14,1,1,False,True,,gap_expired,-0.134631904,451.525344072,Consumer Cyclical,16.19
3920,RANAX,2018-01-04,2018-01-04,1,1,False,False,,gap_expired,0.036458965,7.817000004,Consumer Cyclical,9.22
3921,RANAX,2018-08-01,2018-08-01,1,1,False,False,,gap_expired,0.048330758,7.7065,Consumer Cyclical,13.15
3922,RANAX,2020-06-10,2020-06-10,1,1,False,False,,gap_expired,-0.357073202,9.734399995,Consumer Cyclical,27.57
3923,RB8,2021-04-21,2021-04-21,1,1,False,False,,gap_expired,-0.039190237,133.976012874,Industrials,17.5
3924,RB8,2022-05-13,2022-05-13,1,1,False,False,,gap_expired,-0.020400819,119.514025627,Industrials,28.87
3925,RBA,2022-12-15,2022-12-15,1,1,False,False,,gap_expired,-0.036953398,51.885563482,Industrials,22.83
3926,RBA,2023-05-24,2023-05-24,1,1,False,False,,gap_expired,0.085540186,53.380618452,Industrials,20.03
3927,RBLX,2021-03-22,2021-07-28,8,3,False,True,,gap_expired,-0.441730735,70.1,Communication Services,18.88
3928,RBLX,2021-09-27,2022-01-26,7,6,False,True,,gap_expired,-0.374244724,79.05,Communication Services,18.76
3929,RBLX,2022-05-11,2022-05-11,1,1,False,False,,gap_expired,0.422315928,23.35,Communication Services,32.56
3930,RBLX,2024-02-29,2024-03-22,2,1,False,False,,gap_expired,0.425681529,39.92,Communication Services,13.4
3931,RBRK,2024-05-03,2024-05-03,1,1,False,False,,gap_expired,1.219867526,32.81,Technology,13.49
3932,RBRK,2024-07-17,2024-07-17,1,1,False,True,,gap_expired,1.256850758,34.95,Technology,14.48
3933,RCI,2023-05-03,2023-05-03,1,1,False,True,,gap_expired,-0.465709285,43.756915939,Communication Services,18.34
3934,RCL,2018-03-07,2018-03-07,1,1,False,False,,gap_expired,-0.074819836,115.973366184,Consumer Cyclical,17.76
3935,RCL,2019-07-24,2019-08-19,4,1,False,False,,gap_expired,-0.624992718,107.992731405,Consumer Cyclical,12.07
3936,RCL,2019-10-28,2019-10-28,1,1,False,False,,gap_expired,-0.620835488,109.188264262,Consumer Cyclical,13.11
3937,RCL,2020-01-15,2020-01-15,1,1,False,False,,gap_expired,-0.607670187,129.554804482,Consumer Cyclical,12.42
3938,RCL,2020-06-08,2020-08-11,4,3,False,True,,gap_expired,-0.027494636,69.606812223,Consumer Cyclical,25.81
3939,RCL,2021-02-22,2021-02-22,1,1,False,False,,gap_expired,-0.180430001,85.802217854,Consumer Cyclical,23.45
3940,RCL,2022-12-14,2022-12-14,1,1,False,False,,gap_expired,1.013149406,53.273870875,Consumer Cyclical,21.14
3941,RCL,2023-07-26,2023-08-17,2,2,False,False,,gap_expired,0.219912604,107.117742547,Consumer Cyclical,13.19
3942,RCL,2024-01-03,2024-01-16,3,1,False,False,,gap_expired,0.656906582,115.972096167,Consumer Cyclical,14.04
3943,RCL,2024-08-15,2024-10-10,6,2,False,True,,gap_expired,0.908916544,157.168217609,Consumer Cyclical,15.23
3944,RCL,2024-12-11,2024-12-11,1,1,False,True,,gap_expired,0.022363739,242.868416644,Consumer Cyclical,13.58
3945,RDDT,2024-05-03,2024-11-26,8,7,False,True,,gap_expired,1.204170531,46.99,Communication Services,13.49
3946,RDN,2024-04-08,2024-04-08,1,1,False,False,,gap_expired,-0.002046908,30.300929815,Financial Services,15.19
3947,RDNT,2021-07-06,2021-07-22,2,1,False,False,,gap_expired,-0.383430503,34.694,Healthcare,16.44
3948,RDNT,2023-06-22,2023-06-22,1,1,False,False,,gap_expired,0.500335049,32.47,Healthcare,12.91
3949,RDNT,2023-08-23,2023-12-20,5,3,False,False,,gap_expired,0.774541813,31.73,Healthcare,15.98
3950,RDNT,2024-12-19,2024-12-19,1,1,False,True,,gap_expired,-0.163089948,70.3,Healthcare,24.09
3951,RDWR,2022-08-02,2022-08-02,1,1,False,True,,gap_expired,-0.364494129,22.97,Technology,23.93
3952,REAL,2019-08-14,2019-09-13,2,2,False,False,,gap_expired,-0.101665084,15.24,Consumer Cyclical,22.1
3953,REAL,2020-11-05,2020-11-05,1,1,False,True,,gap_expired,-0.431291182,14.79,Consumer Cyclical,27.58
3954,REGN,2018-01-11,2018-02-08,3,2,False,False,,gap_expired,0.136523948,367.412266013,Healthcare,9.88
3955,REGN,2018-05-10,2018-06-21,4,2,False,False,,gap_expired,-0.01267818,288.838009636,Healthcare,13.23
3956,REGN,2019-11-08,2019-11-08,1,1,False,False,,gap_expired,0.469201711,338.462831247,Healthcare,12.07
3957,REGN,2020-03-17,2020-12-04,14,5,False,True,,gap_expired,-0.730562347,493.045441127,Healthcare,75.91
3958,REGN,2021-03-05,2021-03-05,1,1,False,True,,gap_expired,0.250174595,453.972154997,Healthcare,24.66
3959,REGN,2021-08-16,2021-08-17,2,1,False,False,,gap_expired,0.042231094,622.686481626,Healthcare,16.12
3960,REGN,2021-10-18,2021-12-10,2,2,False,False,,gap_expired,0.461143204,544.997358425,Healthcare,16.31
3961,REGN,2022-03-04,2022-03-04,1,1,False,True,,gap_expired,0.265601403,615.018982545,Healthcare,31.98
3962,REGN,2022-06-03,2022-06-03,1,1,False,False,,gap_expired,0.135101474,622.030067485,Healthcare,24.79
3963,REGN,2022-10-18,2023-05-10,6,3,False,False,,gap_expired,-0.035437286,715.312740671,Healthcare,30.5
3964,REGN,2024-01-09,2024-01-16,2,1,False,False,,gap_expired,-0.441451306,890.709968982,Healthcare,12.76
3965,REGN,2024-06-14,2024-06-14,1,1,False,False,,gap_expired,-0.620428221,1030.803012785,Healthcare,12.66
3966,REGN,2024-10-09,2024-10-09,1,1,False,False,,gap_expired,-0.595682556,1005.980634606,Healthcare,20.86
3967,REI,2021-07-14,2021-07-14,1,1,False,False,,gap_expired,-0.005744002,2.7,Energy,16.33
3968,RES,2023-01-26,2023-01-26,1,1,False,True,,gap_expired,-0.41683725,8.74940127,Energy,18.73
3969,REYN,2020-04-30,2020-04-30,1,1,False,False,,gap_expired,-0.588820334,28.339731478,Consumer Cyclical,34.15
3970,RF,2018-05-17,2018-05-17,1,1,False,True,,gap_expired,-0.296412619,14.170648195,Financial Services,13.43
3971,RF,2018-07-19,2018-07-19,1,1,False,False,,gap_expired,-0.172140948,12.936153195,Financial Services,12.87
3972,RF,2022-04-20,2022-04-20,1,1,False,False,,gap_expired,-0.084304399,18.932311047,Financial Services,20.32
3973,RF,2023-01-30,2023-01-30,1,1,False,False,,gap_expired,-0.416593642,20.303915256,Financial Services,19.94
3974,RF,2024-03-05,2024-03-05,1,1,False,True,,gap_expired,0.042574451,18.057316456,Financial Services,14.46
3975,RGNX,2019-09-13,2019-09-13,1,1,False,False,,gap_expired,-0.389116677,37.98,Healthcare,13.74
3976,RGR,2020-06-23,2020-06-23,1,1,False,False,,gap_expired,-0.06596016,53.271398364,Industrials,31.37
3977,RH,2018-03-13,2018-03-13,1,1,False,True,,gap_expired,0.66530991,78.81,Consumer Cyclical,16.35
3978,RH,2018-06-11,2018-06-13,3,1,False,True,,gap_expired,-0.301924544,145.38,Consumer Cyclical,12.35
3979,RH,2018-09-21,2018-09-21,1,1,False,False,,gap_expired,0.20814455,136.04,Consumer Cyclical,11.68
3980,RH,2018-12-04,2018-12-12,2,1,False,False,,gap_expired,0.583833598,135.07,Consumer Cyclical,20.74
3981,RH,2019-04-02,2019-04-02,1,1,False,False,,gap_expired,-0.019646061,101.87,Consumer Cyclical,13.36
3982,RH,2019-06-13,2019-08-01,4,2,False,False,,gap_expired,1.155016986,109.82,Consumer Cyclical,15.82
3983,RH,2019-10-07,2019-12-05,4,2,False,False,,gap_expired,0.98358331,173.5,Consumer Cyclical,17.86
3984,RH,2020-03-27,2020-04-29,2,2,False,False,,gap_expired,3.817516943,111.4,Consumer Cyclical,65.54
3985,RH,2020-07-20,2020-09-15,3,2,False,True,,gap_expired,1.031302847,282.76,Consumer Cyclical,24.46
3986,RH,2021-03-25,2021-09-24,7,4,False,True,,gap_expired,-0.521436901,539.995,Consumer Cyclical,19.81
3987,RH,2021-12-16,2022-03-25,4,3,False,False,,gap_expired,-0.371658293,542.0,Consumer Cyclical,20.57
3988,RH,2023-03-30,2023-03-30,1,1,False,False,,gap_expired,-0.051645678,238.59,Consumer Cyclical,19.02
3989,RH,2023-07-13,2023-09-18,3,2,False,True,,gap_expired,-0.482559232,373.0,Consumer Cyclical,13.61
3990,RH,2024-07-11,2024-07-11,1,1,False,False,,gap_expired,-0.429113085,267.4,Consumer Cyclical,12.92
3991,RH,2024-09-14,2024-09-14,1,1,False,False,,gap_expired,-0.483739834,328.86,Consumer Cyclical,
3992,RIG,2019-01-07,2019-01-07,1,1,False,True,,gap_expired,-0.531964696,8.5,Energy,21.4
3993,RIG,2022-04-26,2022-04-26,1,1,False,False,,gap_expired,0.502960006,3.89,Energy,33.52
3994,RIO,2019-09-11,2019-09-11,1,1,False,False,,gap_expired,0.157318433,32.94990995,Basic Materials,14.61
3995,RIO,2021-07-15,2021-09-08,2,1,False,True,,gap_expired,-0.119628238,58.337849716,Basic Materials,17.01
3996,RIO,2022-01-11,2022-03-24,3,2,False,True,,gap_expired,0.276822001,56.526100012,Basic Materials,18.41
3997,RIO,2022-06-28,2022-06-28,1,1,False,False,,gap_expired,-0.101251415,50.490564264,Basic Materials,28.36
3998,RIO,2022-10-03,2022-11-28,2,2,False,True,,gap_expired,-0.036603941,47.741614295,Basic Materials,30.1
3999,RIO,2023-06-07,2023-06-07,1,1,False,True,,gap_expired,-0.141876616,55.195954442,Basic Materials,13.94
4000,RIO,2024-03-25,2024-03-25,1,1,False,False,,gap_expired,-0.046908865,57.697745137,Basic Materials,13.19
4001,RIO,2024-10-22,2024-10-22,1,1,False,True,,gap_expired,-0.023990475,60.662922611,Basic Materials,18.2
4002,RIOT,2022-05-20,2022-05-20,1,1,False,False,,gap_expired,0.555039612,6.96,Financial Services,29.43
4003,RIOT,2024-02-14,2024-02-14,1,1,False,False,,gap_expired,-0.597539895,17.9,Financial Services,14.38
4004,RIVN,2021-11-10,2021-11-10,1,1,False,False,,gap_expired,-0.636316359,114.625,Consumer Cyclical,18.73
4005,RIVN,2022-10-10,2022-10-10,1,1,False,True,,gap_expired,-0.029890588,31.448,Consumer Cyclical,32.45
4006,RIVN,2023-07-06,2023-07-06,1,1,False,False,,gap_expired,-0.173034579,22.89,Consumer Cyclical,15.44
4007,RIVN,2023-11-20,2024-02-07,5,3,False,True,,gap_expired,0.033979504,16.7,Consumer Cyclical,13.41
4008,RIVN,2024-07-24,2024-08-28,3,2,False,True,,gap_expired,-0.371347721,15.99,Consumer Cyclical,18.04
4009,RJF,2022-12-20,2022-12-20,1,1,False,False,,gap_expired,-0.189181254,101.62088377,Financial Services,21.48
4010,RKT,2020-08-17,2020-11-11,4,3,False,False,,gap_expired,0.15774385,16.485086401,Financial Services,21.35
4011,RKT,2021-02-04,2021-04-27,3,2,False,True,,gap_expired,-0.591183147,18.064671757,Financial Services,21.77
4012,RKT,2024-10-07,2024-10-07,1,1,False,True,,gap_expired,-0.17910897,16.730757176,Financial Services,22.64
4013,RL,2018-04-06,2018-04-06,1,1,False,False,,gap_expired,0.020719375,96.885396258,Consumer Cyclical,21.49
4014,RL,2018-08-13,2018-08-13,1,1,False,False,,gap_expired,-0.392791439,118.651767293,Consumer Cyclical,14.78
4015,RL,2018-10-22,2018-11-02,2,1,False,True,,gap_expired,-0.339462783,109.218274701,Consumer Cyclical,19.64
4016,RL,2019-02-01,2019-02-14,3,1,False,True,,gap_expired,-0.14677208,101.121690748,Consumer Cyclical,16.14
4017,RL,2019-05-10,2019-05-10,1,1,False,False,,gap_expired,-0.481562772,106.852077826,Consumer Cyclical,16.04
4018,RL,2020-09-15,2020-09-15,1,1,False,False,,gap_expired,0.06106024,73.652453591,Consumer Cyclical,25.59
4019,RL,2021-03-01,2021-03-01,1,1,False,False,,gap_expired,-0.0643123,108.924280804,Consumer Cyclical,23.35
4020,RL,2021-05-03,2021-05-03,1,1,False,False,,gap_expired,-0.218049391,123.040246115,Consumer Cyclical,18.31
4021,RL,2021-08-03,2021-08-03,1,1,False,False,,gap_expired,-0.148953492,114.271498792,Consumer Cyclical,18.04
4022,RL,2021-12-10,2021-12-10,1,1,False,False,,gap_expired,0.058816132,112.884893097,Consumer Cyclical,18.69
4023,RL,2022-03-17,2022-03-17,1,1,False,False,,gap_expired,0.073944279,108.558801366,Consumer Cyclical,25.67
4024,RL,2022-12-02,2023-01-11,2,1,True,False,2022-12-02,gap_expired,0.029053312,106.70467845,Consumer Cyclical,19.06
4025,RL,2023-07-10,2023-12-04,7,4,False,False,,gap_expired,0.171617625,124.072967999,Consumer Cyclical,15.07
4026,RL,2024-05-31,2024-05-31,1,1,False,False,,gap_expired,0.358221681,182.577893846,Consumer Cyclical,12.92
4027,RL,2024-12-05,2024-12-17,2,1,False,False,,gap_expired,0.395943385,231.440102678,Consumer Cyclical,13.54
4028,RM,2018-01-24,2018-02-06,2,1,False,False,,gap_expired,0.216095587,23.054627097,Financial Services,11.47
4029,RM,2018-05-11,2018-05-11,1,1,False,True,,gap_expired,-0.075201505,29.441564686,Financial Services,12.65
4030,RM,2019-02-27,2019-02-27,1,1,False,True,,gap_expired,-0.141534237,22.737804238,Financial Services,14.7
4031,RM,2020-04-07,2020-04-07,1,1,False,False,,gap_expired,1.248544492,10.897815326,Financial Services,46.7
4032,RMBS,2023-07-10,2023-07-10,1,1,False,False,,gap_expired,-0.229171871,62.0,Technology,15.07
4033,RMD,2018-11-02,2018-11-02,1,1,False,True,,gap_expired,0.22442407,98.821465673,Healthcare,19.51
4034,RMD,2019-06-14,2019-06-14,1,1,False,True,,gap_expired,0.338339641,111.64124411,Healthcare,15.28
4035,RMD,2020-09-17,2020-09-17,1,1,False,True,,gap_expired,0.354462165,163.895829391,Healthcare,26.46
4036,RMD,2020-11-20,2020-11-20,1,1,False,False,,gap_expired,-0.117846162,202.204621549,Healthcare,23.7
4037,RMD,2023-05-01,2023-05-01,1,1,False,False,,gap_expired,-0.295107885,227.911089416,Healthcare,16.08
4038,RMD,2024-01-25,2024-01-25,1,1,False,False,,gap_expired,0.107612699,184.170278517,Healthcare,13.45
4039,RNG,2019-03-20,2019-05-22,3,2,False,True,,gap_expired,0.880458799,107.37,Technology,13.91
4040,RNG,2019-09-16,2019-10-24,3,2,False,False,,gap_expired,0.867671052,126.97,Technology,14.67
4041,RNG,2020-02-27,2020-05-18,4,4,False,True,,gap_expired,0.311579942,228.91,Technology,39.16
4042,RNG,2020-11-06,2020-12-15,3,2,False,True,,gap_expired,-0.485938766,286.23,Technology,24.86
4043,RNG,2021-05-10,2021-05-10,1,1,False,False,,gap_expired,-0.706375199,251.41,Technology,19.66
4044,RNG,2021-11-19,2021-11-19,1,1,False,True,,gap_expired,-0.71146475,230.5,Technology,17.91
4045,ROK,2019-04-16,2019-04-16,1,1,False,False,,gap_expired,-0.090402147,167.017296658,Industrials,12.18
4046,ROK,2020-11-17,2020-11-17,1,1,False,False,,gap_expired,0.127903582,221.910982704,Industrials,22.71
4047,ROK,2021-02-04,2021-03-03,2,1,False,False,,gap_expired,-0.005358065,224.334147202,Industrials,21.77
4048,ROK,2021-07-28,2021-07-28,1,1,False,False,,gap_expired,-0.090807206,279.507500588,Industrials,18.31
4049,ROK,2021-11-10,2021-11-10,1,1,False,False,,gap_expired,-0.031341887,309.800965193,Industrials,18.73
4050,ROK,2022-01-28,2022-01-28,1,1,False,False,,gap_expired,0.067595441,264.923621064,Industrials,27.66
4051,ROK,2022-04-25,2022-05-03,2,2,False,False,,gap_expired,0.129143556,242.672767052,Industrials,27.02
4052,ROK,2023-03-08,2023-04-28,2,1,False,True,,gap_expired,-0.346484373,290.230189241,Industrials,19.11
4053,ROK,2023-08-01,2023-08-22,2,1,False,False,,gap_expired,-0.359783054,296.796165071,Industrials,13.93
4054,ROKU,2018-02-09,2018-02-09,1,1,False,False,,gap_expired,0.090335114,43.56,Communication Services,29.06
4055,ROKU,2018-04-17,2018-07-11,4,2,False,True,,gap_expired,0.54880026,34.54,Communication Services,15.25
4056,ROKU,2019-01-10,2020-06-03,22,15,False,True,,gap_expired,1.420766815,40.15,Communication Services,19.5
4057,ROKU,2020-09-21,2021-03-31,11,6,False,True,,gap_expired,0.145825002,187.38,Communication Services,27.78
4058,ROKU,2021-07-19,2021-07-19,1,1,False,True,,gap_expired,-0.705698214,409.07,Communication Services,22.5
4059,ROKU,2022-02-01,2022-02-01,1,1,False,False,,gap_expired,-0.285979673,166.96,Communication Services,21.96
4060,ROKU,2023-07-17,2023-07-17,1,1,False,False,,gap_expired,-0.081323109,75.45,Communication Services,13.48
4061,ROST,2018-08-17,2018-11-26,4,3,False,False,,gap_expired,0.113781209,85.654616359,Consumer Cyclical,12.64
4062,ROST,2019-11-15,2019-11-15,1,1,False,False,,gap_expired,-0.196712986,106.244336175,Consumer Cyclical,12.05
4063,ROST,2020-06-24,2020-06-24,1,1,False,False,,gap_expired,0.004128899,82.060511134,Consumer Cyclical,33.84
4064,ROST,2022-05-18,2022-05-18,1,1,False,False,,gap_expired,0.055892664,88.198891413,Consumer Cyclical,30.96
4065,ROST,2022-10-25,2022-10-25,1,1,False,False,,gap_expired,0.126012467,90.37673217,Consumer Cyclical,28.46
4066,ROST,2023-08-24,2023-08-24,1,1,False,False,,gap_expired,-0.000387394,116.304922285,Consumer Cyclical,17.2
4067,ROST,2024-06-26,2024-06-26,1,1,False,False,,gap_expired,-0.067671426,146.038819611,Consumer Cyclical,12.55
4068,RPD,2020-08-11,2020-08-11,1,1,False,True,,gap_expired,0.614423235,57.63,Technology,24.03
4069,RPM,2018-07-09,2018-07-09,1,1,False,True,,gap_expired,-0.060372085,52.043349363,Basic Materials,12.69
4070,RPM,2024-08-06,2024-08-06,1,1,True,False,2024-08-06,gap_expired,-0.171076594,112.880762727,Basic Materials,27.71
4071,RPRX,2020-06-17,2020-10-22,7,3,True,False,2020-09-30,gap_expired,-0.571685218,49.869809316,Healthcare,33.47
4072,RPRX,2021-08-25,2021-08-25,1,1,False,False,,gap_expired,0.196365645,35.518937809,Healthcare,16.79
4073,RPRX,2021-12-09,2021-12-09,1,1,False,True,,gap_expired,0.263379176,34.529708243,Healthcare,21.58
4074,RPRX,2022-08-10,2022-08-10,1,1,False,True,,gap_expired,-0.377199529,40.148709194,Healthcare,19.74
4075,RPRX,2022-10-13,2022-10-13,1,1,False,True,,gap_expired,-0.50743621,38.520921517,Healthcare,31.94
4076,RPRX,2022-12-23,2022-12-23,1,1,False,False,,gap_expired,-0.539163262,36.480590735,Healthcare,20.87
4077,RPRX,2023-12-18,2023-12-18,1,1,False,False,,gap_expired,-0.340040433,25.968411449,Healthcare,12.56
4078,RPRX,2024-12-19,2024-12-19,1,1,False,True,,gap_expired,0.452562169,23.74175561,Healthcare,24.09
4079,RRC,2023-05-19,2023-05-19,1,1,False,False,,gap_expired,0.020945812,28.046372952,Energy,16.81
4080,RSG,2020-01-23,2020-01-23,1,1,False,True,,gap_expired,-0.162267301,86.833457865,Industrials,12.98
4081,RSG,2020-09-21,2020-09-21,1,1,False,True,,gap_expired,-0.002746233,87.175898843,Industrials,27.78
4082,RSG,2022-10-31,2022-10-31,1,1,False,False,,gap_expired,0.031610202,128.305335056,Industrials,25.88
4083,RSG,2023-02-07,2023-02-07,1,1,False,False,,gap_expired,0.188583114,119.520412717,Industrials,18.66
4084,RSG,2024-12-18,2024-12-18,1,1,False,False,,gap_expired,-0.121355183,200.475643979,Industrials,27.62
4085,RTX,2018-01-04,2019-01-17,20,6,True,True,2018-02-07,gap_expired,-0.109548979,63.907934594,Industrials,9.22
4086,RTX,2019-10-03,2019-10-03,1,1,False,False,,gap_expired,-0.400350562,66.76095568,Industrials,19.12
4087,RTX,2019-12-17,2020-06-11,9,5,False,True,,gap_expired,-0.35382715,75.709161435,Industrials,12.29
4088,RTX,2020-08-24,2020-11-20,5,3,False,True,,gap_expired,0.106518403,54.326805063,Industrials,22.37
4089,RTX,2021-03-03,2021-05-18,4,2,False,False,,gap_expired,0.20402057,67.300661734,Industrials,26.67
4090,RTX,2021-09-20,2021-10-26,2,1,False,False,,gap_expired,0.153650468,75.974814887,Industrials,25.71
4091,RTX,2022-01-24,2022-06-02,7,3,False,False,,gap_expired,0.257247486,77.62605467,Industrials,29.9
4092,RTX,2022-08-03,2022-10-27,6,3,False,False,,gap_expired,-0.181094835,87.42948875,Industrials,21.95
4093,RTX,2023-01-13,2023-01-25,2,1,False,False,,gap_expired,-0.330176894,92.763004716,Industrials,18.35
4094,RTX,2023-05-17,2024-04-24,14,6,False,True,,gap_expired,-0.169860311,90.575109925,Industrials,16.87
4095,RTX,2024-07-30,2024-11-07,6,2,False,True,,gap_expired,0.203479305,114.127612995,Industrials,17.69
4096,RUN,2020-10-07,2020-10-15,2,2,False,False,,gap_expired,-0.73511875,77.18,Technology,28.06
4097,RUN,2021-01-15,2021-01-15,1,1,False,False,,gap_expired,-0.888850327,87.0,Technology,24.34
4098,RUN,2022-11-30,2022-11-30,1,1,False,False,,gap_expired,-0.688515866,32.31,Technology,20.58
4099,RVLV,2019-01-07,2019-01-07,1,1,False,True,,gap_expired,0.574855915,19.1,Consumer Cyclical,21.4
4100,RVLV,2019-06-12,2019-06-12,1,1,False,False,,gap_expired,-0.682717919,38.75,Consumer Cyclical,15.91
4101,RVLV,2019-08-12,2019-08-14,2,2,False,False,,gap_expired,-0.468523879,26.8,Consumer Cyclical,21.09
4102,RVLV,2019-11-10,2019-12-19,5,2,False,False,,gap_expired,0.166779894,16.29,Consumer Cyclical,
4103,RVLV,2020-03-25,2020-03-25,1,1,True,False,2020-03-25,gap_expired,3.123532367,9.43,Consumer Cyclical,63.95
4104,RVLV,2022-01-26,2022-02-24,2,2,False,False,,gap_expired,-0.33095715,46.11,Consumer Cyclical,31.96
4105,RVLV,2022-05-04,2022-05-04,1,1,False,False,,gap_expired,-0.486748097,36.74,Consumer Cyclical,25.42
4106,RXO,2023-10-04,2023-10-04,1,1,False,True,,gap_expired,0.040912922,19.47,Industrials,18.58
4107,RXRX,2024-04-23,2024-05-10,2,2,False,False,,gap_expired,-0.384708749,8.15,Healthcare,15.69
4108,RXRX,2024-11-26,2024-11-26,1,1,False,False,,gap_expired,-0.421557483,5.94,Healthcare,14.1
4109,RYAAY,2024-01-11,2024-01-11,1,1,False,False,,gap_expired,-0.373972721,46.25550278,Industrials,12.44
4110,RYAN,2022-11-16,2022-12-19,2,2,False,False,,gap_expired,0.115509934,33.93422722,Financial Services,24.11
4111,RYAN,2023-04-21,2023-04-21,1,1,False,False,,gap_expired,0.02344536,39.537506217,Financial Services,16.77
4112,RYN,2023-06-16,2023-06-16,1,1,False,False,,gap_expired,-0.246102995,24.431519727,Real Estate,13.54
4113,RYTM,2024-04-18,2024-04-18,1,1,False,False,,gap_expired,0.497802635,37.79,Healthcare,18.0
4114,S,2021-09-08,2021-09-08,1,1,False,False,,gap_expired,-0.509104446,69.11,Technology,17.96
4115,S,2022-03-16,2022-03-16,1,1,False,False,,gap_expired,-0.488586719,33.58,Technology,26.67
4116,S,2024-08-14,2024-08-14,1,1,False,False,,gap_expired,-0.445421353,23.11,Technology,16.19
4117,SAH,2020-10-22,2020-10-22,1,1,False,False,,gap_expired,-0.015127887,37.138396648,Consumer Cyclical,28.11
4118,SAIC,2018-11-12,2018-11-12,1,1,False,False,,gap_expired,0.050962638,62.342248183,Technology,20.45
4119,SAIC,2022-06-08,2022-06-08,1,1,False,False,,gap_expired,0.10694566,87.54108459,Technology,23.96
4120,SAM,2019-03-05,2019-03-05,1,1,False,True,,gap_expired,0.165059913,310.39,Consumer Defensive,14.74
4121,SAM,2019-07-17,2019-07-17,1,1,False,False,,gap_expired,0.542887953,390.75,Consumer Defensive,13.97
4122,SAM,2019-10-17,2019-10-17,1,1,False,False,,gap_expired,1.16097391,400.0,Consumer Defensive,13.79
4123,SAM,2020-04-24,2020-04-24,1,1,False,False,,gap_expired,1.249583491,444.0,Consumer Defensive,35.93
4124,SAM,2020-10-23,2020-12-22,2,1,False,True,,gap_expired,-0.888728768,1080.79,Consumer Defensive,27.55
4125,SAM,2021-04-16,2021-04-16,1,1,False,True,,gap_expired,-0.789927691,1295.6,Consumer Defensive,16.25
4126,SAN,2018-01-19,2018-01-24,2,1,False,False,,gap_expired,-0.257556495,5.364170348,Financial Services,11.27
4127,SAN,2018-05-17,2018-05-17,1,1,False,True,,gap_expired,-0.295262964,4.592573574,Financial Services,13.43
4128,SAN,2019-04-16,2019-04-16,1,1,False,False,,gap_expired,-0.578589601,4.047046745,Financial Services,12.18
4129,SAN,2019-07-31,2019-07-31,1,1,False,True,,gap_expired,-0.606185423,3.307893044,Financial Services,16.12
4130,SAN,2022-04-20,2022-04-20,1,1,False,False,,gap_expired,0.212987868,3.008669591,Financial Services,20.32
4131,SAN,2023-03-31,2023-04-20,2,1,False,False,,gap_expired,0.106540619,3.339099999,Financial Services,18.7
4132,SAN,2023-12-08,2024-02-01,3,1,False,False,,gap_expired,-0.127749091,3.907225121,Financial Services,12.35
4133,SAN,2024-09-27,2024-11-14,3,1,False,False,,gap_expired,1.000216646,4.672853113,Financial Services,16.96
4134,SANM,2024-04-09,2024-04-09,1,1,False,False,,gap_expired,0.256628212,57.99,Technology,14.98
4135,SAP,2023-01-26,2023-01-26,1,1,False,False,,gap_expired,0.352708853,108.35788279,Technology,18.73
4136,SAP,2024-04-23,2024-04-23,1,1,False,False,,gap_expired,0.431272867,184.525028176,Technology,15.69
4137,SAP,2024-07-23,2024-07-23,1,1,False,False,,gap_expired,0.170025116,209.951747098,Technology,14.72
4138,SARK,2022-01-27,2022-01-27,1,1,False,False,,gap_expired,0.059682518,91.428117853,ETF,30.49
4139,SARO,2024-10-08,2024-10-08,1,1,False,False,,gap_expired,-0.335995989,32.95,Industrials,21.42
4140,SAVA,2024-06-26,2024-06-26,1,1,False,False,,gap_expired,-1.047195378,18.6,Healthcare,12.55
4141,SBAC,2019-12-19,2019-12-19,1,1,False,False,,gap_expired,-0.026329396,224.222035157,Real Estate,12.5
4142,SBAC,2022-10-12,2022-10-12,1,1,False,False,,gap_expired,-0.400526063,224.090817019,Real Estate,33.57
4143,SBNY,2022-04-12,2022-04-12,1,1,False,False,,gap_expired,-0.960391071,264.750779447,Financial Services,24.26
4144,SBSW,2024-04-08,2024-04-08,1,1,False,True,,gap_expired,-0.346489039,5.77,Basic Materials,15.19
4145,SBUX,2018-02-26,2018-02-26,1,1,False,True,,gap_expired,0.032987372,48.063950339,Consumer Cyclical,15.8
4146,SBUX,2018-07-06,2019-03-01,10,4,False,True,,gap_expired,0.735031128,41.501090763,Consumer Cyclical,13.37
4147,SBUX,2019-07-08,2021-12-07,45,16,True,True,2020-02-06,gap_expired,0.120595918,75.262632826,Consumer Cyclical,13.96
4148,SBUX,2022-05-05,2024-12-03,44,14,True,True,2022-09-13,gap_expired,0.401622814,69.868887717,Consumer Cyclical,31.2
4149,SCHW,2018-06-08,2018-06-08,1,1,False,False,,gap_expired,-0.31866609,51.921407854,Financial Services,12.18
4150,SCHW,2019-03-12,2019-03-12,1,1,False,True,,gap_expired,-0.250161401,40.181675836,Financial Services,13.77
4151,SCHW,2019-05-16,2019-07-15,2,1,False,False,,gap_expired,-0.250973131,39.329056593,Financial Services,15.29
4152,SCHW,2019-12-10,2019-12-10,1,1,False,True,,gap_expired,-0.147729248,44.862989679,Financial Services,15.68
4153,SCHW,2021-12-22,2021-12-22,1,1,False,False,,gap_expired,0.141936711,80.25585356,Financial Services,18.63
4154,SCHW,2022-04-12,2022-04-12,1,1,False,False,,gap_expired,-0.294027521,75.717392951,Financial Services,24.26
4155,SCHW,2022-10-21,2022-10-21,1,1,False,False,,gap_expired,-0.415543358,66.894843409,Financial Services,29.69
4156,SCHW,2023-03-27,2024-01-12,11,6,False,True,,gap_expired,0.014210822,52.005045032,Financial Services,20.6
4157,SCHW,2024-04-02,2024-10-11,6,4,True,True,2024-05-23,gap_expired,-0.007936759,69.580441081,Financial Services,14.61
4158,SDGR,2020-03-11,2020-03-11,1,1,False,False,,gap_expired,0.533022582,38.49,Healthcare,53.9
4159,SDGR,2020-05-26,2020-05-26,1,1,False,False,,gap_expired,-0.400225166,70.2,Healthcare,28.01
4160,SDGR,2023-05-25,2023-05-25,1,1,False,True,,gap_expired,-0.690324804,36.0,Healthcare,19.14
4161,SE,2021-08-19,2021-08-19,1,1,False,True,,gap_expired,-0.590186789,316.99,Consumer Cyclical,21.67
4162,SE,2021-11-04,2021-11-17,2,2,True,False,2021-11-17,gap_expired,-0.52309587,360.28,Consumer Cyclical,15.44
4163,SEAT,2022-03-18,2022-03-18,1,1,False,False,,gap_expired,-0.291004359,231.2,Communication Services,23.87
4164,SEDG,2018-07-09,2018-07-09,1,1,False,False,,gap_expired,0.015468914,54.65,Technology,12.69
4165,SEDG,2020-02-14,2020-02-14,1,1,False,False,,gap_expired,1.815934521,111.46,Technology,13.68
4166,SEDG,2020-08-06,2020-08-06,1,1,False,True,,gap_expired,0.093775401,204.8,Technology,22.65
4167,SEDG,2020-10-15,2020-10-15,1,1,False,True,,gap_expired,-0.312190683,310.0,Technology,26.97
4168,SEDG,2022-12-21,2022-12-21,1,1,False,False,,gap_expired,-0.954768533,317.02,Technology,20.07
4169,SEHKF,2021-05-14,2021-06-11,2,1,False,False,,gap_expired,0.010113692,10.33,Basic Materials,18.81
4170,SEHKF,2021-11-11,2021-11-11,1,1,False,False,,gap_expired,-0.137230735,11.63,Basic Materials,17.66
4171,SEM,2019-08-20,2019-08-20,1,1,False,False,,gap_expired,0.045262069,7.964128134,Healthcare,17.5
4172,SF,2022-03-21,2022-03-21,1,1,False,False,,gap_expired,-0.342251197,65.949576167,Financial Services,23.53
4173,SFIX,2018-07-09,2018-09-28,3,2,False,True,,gap_expired,-0.243024364,32.56,Consumer Cyclical,12.69
4174,SFIX,2019-03-25,2019-03-25,1,1,False,False,,gap_expired,-0.40986182,28.25,Consumer Cyclical,16.33
4175,SFIX,2019-07-09,2019-10-04,4,2,False,True,,gap_expired,-0.096089335,29.91,Consumer Cyclical,14.09
4176,SFIX,2020-01-15,2020-01-15,1,1,False,False,,gap_expired,0.086240499,24.69,Consumer Cyclical,12.42
4177,SFIX,2021-08-09,2021-08-09,1,1,False,True,,gap_expired,-0.806473633,44.32,Consumer Cyclical,16.72
4178,SFL,2024-03-28,2024-03-28,1,1,False,True,,gap_expired,-0.401511228,11.023319612,Industrials,13.01
4179,SG,2024-08-20,2024-10-16,3,2,False,False,,gap_expired,-0.889270893,33.36,Consumer Cyclical,15.88
4180,SGENX,2018-07-11,2018-07-11,1,1,True,False,2018-07-11,gap_expired,-0.187979257,70.0,ETF,13.63
4181,SGENX,2020-05-01,2020-06-09,3,2,False,False,,gap_expired,-0.565009469,145.01,ETF,37.19
4182,SGENX,2020-09-14,2020-09-14,1,1,True,False,2020-09-14,gap_expired,-0.110073322,34.39529999,ETF,25.85
4183,SGENX,2022-09-29,2022-09-29,1,1,False,True,,gap_expired,0.37381968,136.45,ETF,31.84
4184,SGHC,2022-05-05,2022-05-05,1,1,False,True,,gap_expired,-0.642646391,9.090991821,Consumer Cyclical,31.2
4185,SGHC,2022-12-06,2022-12-06,1,1,False,False,,gap_expired,-0.189632328,2.719166667,Consumer Cyclical,22.17
4186,SGHC,2024-07-09,2024-07-09,1,1,False,True,,gap_expired,2.66673169,2.9659,Consumer Cyclical,12.51
4187,SGHC,2024-11-15,2024-11-15,1,1,False,True,,gap_expired,1.082602195,5.089741977,Consumer Cyclical,16.14
4188,SGMO,2019-01-17,2019-01-17,1,1,False,False,,gap_expired,-0.546205258,11.35,Healthcare,18.06
4189,SHAK,2018-01-09,2018-01-09,1,1,False,True,,gap_expired,0.02883056,43.14,Consumer Cyclical,10.08
4190,SHAK,2018-07-05,2018-07-05,1,1,False,True,,gap_expired,0.00772628,65.56,Consumer Cyclical,14.97
4191,SHAK,2019-07-16,2019-07-16,1,1,False,False,,gap_expired,-0.417592826,74.01,Consumer Cyclical,12.86
4192,SHAK,2020-01-03,2020-01-03,1,1,False,False,,gap_expired,0.251969116,59.99,Consumer Cyclical,14.02
4193,SHAK,2023-01-09,2023-01-09,1,1,False,True,,gap_expired,0.190494638,46.85,Consumer Cyclical,21.97
4194,SHAK,2024-03-26,2024-03-26,1,1,False,False,,gap_expired,-0.231593037,103.21,Consumer Cyclical,13.24
4195,SHCO,2024-02-02,2024-02-02,1,1,False,False,,gap_expired,-0.029817763,6.4,Consumer Cyclical,13.85
4196,SHOP,2018-02-02,2018-03-07,2,2,False,True,,gap_expired,0.423478123,12.057,Technology,17.31
4197,SHOP,2018-05-23,2018-07-19,2,2,False,True,,gap_expired,0.963877003,14.049,Technology,12.58
4198,SHOP,2018-12-11,2018-12-11,1,1,False,False,,gap_expired,1.145669014,15.799,Technology,21.76
4199,SHOP,2019-02-12,2021-06-29,47,22,True,True,2019-09-05,gap_expired,1.742275131,17.819,Technology,15.43
4200,SHOP,2021-11-29,2021-11-29,1,1,False,True,,gap_expired,-0.666551387,160.05,Technology,22.96
4201,SHOP,2022-04-04,2022-05-05,2,2,False,True,,gap_expired,-0.412456515,72.9,Technology,18.57
4202,SHOP,2022-07-27,2022-07-27,1,1,False,False,,gap_expired,-0.074215937,34.7,Technology,23.24
4203,SHOP,2022-10-31,2023-01-20,5,2,False,False,,gap_expired,0.565896275,35.38,Technology,25.88
4204,SHOP,2023-05-04,2023-09-11,6,3,False,True,,gap_expired,0.061683974,57.3,Technology,20.09
4205,SHOP,2023-12-15,2024-07-31,7,5,False,True,,gap_expired,0.191637585,75.75,Technology,12.28
4206,SHOP,2024-10-04,2024-11-08,2,1,False,True,,gap_expired,-0.037308043,81.85,Technology,19.21
4207,SHW,2018-08-09,2018-09-17,2,1,False,True,,gap_expired,0.14435482,138.278339692,Basic Materials,11.27
4208,SHW,2019-08-06,2019-08-06,1,1,False,False,,gap_expired,0.135777605,155.741923309,Basic Materials,20.17
4209,SHW,2019-12-13,2020-02-08,2,2,False,True,,gap_expired,0.088737994,181.492330118,Basic Materials,12.63
4210,SHW,2020-04-24,2020-08-20,4,3,False,False,,gap_expired,0.130408854,159.673323297,Basic Materials,35.93
4211,SHW,2020-10-21,2020-10-21,1,1,False,False,,gap_expired,0.031499544,215.201280277,Basic Materials,28.65
4212,SHW,2021-05-03,2021-05-03,1,1,False,False,,gap_expired,-0.032149256,265.123445118,Basic Materials,18.31
4213,SHW,2021-07-27,2021-07-27,1,1,False,True,,gap_expired,-0.085245133,276.460360726,Basic Materials,19.36
4214,SHW,2022-05-18,2022-05-18,1,1,False,True,,gap_expired,-0.191806864,249.627803093,Basic Materials,30.96
4215,SHW,2023-02-01,2023-02-01,1,1,False,False,,gap_expired,0.055249347,237.428525878,Basic Materials,17.87
4216,SHW,2024-01-19,2024-03-04,2,2,False,False,,gap_expired,-0.019499149,299.81438349,Basic Materials,13.3
4217,SHY,2020-01-02,2020-01-02,1,1,False,False,,gap_expired,-0.140385591,74.008528718,ETF,12.47
4218,SIG,2018-06-01,2018-06-11,3,2,False,True,,gap_expired,-0.576180525,36.364762108,Consumer Cyclical,13.46
4219,SIG,2018-09-21,2018-09-21,1,1,False,False,,gap_expired,-0.777171685,57.05903426,Consumer Cyclical,11.68
4220,SIG,2020-02-12,2020-02-12,1,1,False,False,,gap_expired,0.447971728,25.037355945,Consumer Cyclical,13.74
4221,SIG,2020-06-15,2020-06-15,1,1,False,False,,gap_expired,4.548069714,12.005885059,Consumer Cyclical,34.4
4222,SIG,2020-09-05,2020-09-05,1,1,False,False,,gap_expired,0.275278027,12.535645583,Consumer Cyclical,
4223,SIG,2021-01-14,2021-01-14,1,1,False,False,,gap_expired,0.954737909,38.388695112,Consumer Cyclical,23.25
4224,SIG,2021-09-08,2021-09-08,1,1,False,False,,gap_expired,-0.065553257,71.215983991,Consumer Cyclical,17.96
4225,SIG,2021-12-02,2021-12-02,1,1,False,False,,gap_expired,-0.244451463,86.567227157,Consumer Cyclical,27.95
4226,SIG,2022-03-17,2022-04-26,3,2,False,False,,gap_expired,-0.024083627,79.40925643,Consumer Cyclical,25.67
4227,SIG,2022-09-01,2022-09-01,1,1,False,True,,gap_expired,0.146503843,55.372133884,Consumer Cyclical,25.56
4228,SIG,2022-12-02,2022-12-02,1,1,False,False,,gap_expired,0.43157885,58.593818205,Consumer Cyclical,19.06
4229,SIG,2023-03-16,2023-06-02,3,2,False,False,,gap_expired,0.069303691,71.021317163,Consumer Cyclical,22.99
4230,SIG,2023-09-08,2023-09-08,1,1,False,False,,gap_expired,-0.210739708,73.085811673,Consumer Cyclical,13.84
4231,SIG,2023-12-05,2023-12-05,1,1,False,False,,gap_expired,-0.336031287,89.337765461,Consumer Cyclical,12.85
4232,SIG,2024-02-29,2024-06-07,3,2,False,False,,gap_expired,-0.671089328,99.328430776,Consumer Cyclical,13.4
4233,SIG,2024-09-04,2024-09-06,2,1,False,False,,gap_expired,-0.046104225,78.614364861,Consumer Cyclical,21.32
4234,SIRI,2018-01-10,2018-02-05,3,1,False,False,,gap_expired,0.252863643,45.537281816,Communication Services,9.82
4235,SIRI,2018-05-23,2018-08-16,3,2,False,True,,gap_expired,-0.057516823,57.018020954,Communication Services,12.58
4236,SIRI,2019-02-04,2019-02-04,1,1,False,True,,gap_expired,-0.015686669,49.725654482,Communication Services,15.73
4237,SIRI,2019-10-29,2020-03-02,4,3,False,True,,gap_expired,-0.19006621,53.011684698,Communication Services,13.2
4238,SIRI,2020-06-18,2020-06-30,2,1,False,True,,gap_expired,-0.316778089,50.998802014,Communication Services,32.94
4239,SIRI,2020-10-12,2020-10-12,1,1,False,False,,gap_expired,-0.22744318,49.357430223,Communication Services,25.07
4240,SIRI,2020-12-15,2020-12-15,1,1,False,True,,gap_expired,-0.276208891,53.502456827,Communication Services,22.89
4241,SIRI,2022-02-22,2022-02-22,1,1,False,False,,gap_expired,-0.192943075,53.22636181,Communication Services,28.81
4242,SIRI,2023-01-31,2023-01-31,1,1,False,False,,gap_expired,-0.322826997,51.388840955,Communication Services,19.4
4243,SITE,2020-12-17,2020-12-17,1,1,False,True,,gap_expired,0.18160968,151.36,Industrials,21.93
4244,SITM,2023-11-03,2023-11-03,1,1,False,False,,gap_expired,-0.336426253,112.73,Technology,14.91
4245,SITM,2024-10-02,2024-10-02,1,1,False,True,,gap_expired,0.014642687,167.07,Technology,18.9
4246,SJM,2019-02-27,2019-04-03,3,1,False,False,,gap_expired,-0.096482164,85.698773188,Consumer Defensive,14.7
4247,SJM,2020-05-29,2020-05-29,1,1,False,False,,gap_expired,-0.198267548,94.257706764,Consumer Defensive,27.51
4248,SJM,2021-02-23,2021-02-23,1,1,False,False,,gap_expired,0.119038003,97.27078258,Consumer Defensive,23.11
4249,SJM,2022-04-07,2022-04-07,1,1,True,False,2022-04-07,gap_expired,0.222376917,120.34920499,Consumer Defensive,21.55
4250,SJM,2022-12-22,2023-03-31,3,2,False,False,,gap_expired,-0.23152125,141.248170958,Consumer Defensive,21.97
4251,SJM,2023-09-11,2023-09-11,1,1,False,True,,gap_expired,-0.029231936,119.917859578,Consumer Defensive,13.8
4252,SJM,2024-06-07,2024-06-25,2,1,False,False,,gap_expired,-0.262315301,106.84743706,Consumer Defensive,12.22
4253,SKIN,2021-07-06,2021-07-06,1,1,False,False,,gap_expired,-0.197656128,19.52,Consumer Defensive,16.44
4254,SKIN,2021-09-14,2021-09-20,2,1,False,True,,gap_expired,-0.392313319,25.262,Consumer Defensive,19.46
4255,SKIN,2022-01-07,2022-01-31,2,2,False,True,,gap_expired,-0.367194399,20.24,Consumer Defensive,18.76
4256,SKLZ,2021-12-23,2021-12-23,1,1,False,True,,gap_expired,-0.767200587,168.6,Communication Services,17.96
4257,SKT,2021-03-15,2021-05-12,2,2,False,True,,gap_expired,-0.100401627,14.306135284,Real Estate,20.03
4258,SKT,2021-07-20,2021-09-17,2,1,False,True,,gap_expired,-0.013916497,14.748418764,Real Estate,19.73
4259,SKT,2022-09-14,2022-11-07,2,2,True,False,2022-11-07,gap_expired,0.455328238,13.133363764,Real Estate,26.16
4260,SKT,2023-08-17,2023-08-17,1,1,False,True,,gap_expired,-0.03175223,21.293335089,Real Estate,17.89
4261,SKT,2024-02-23,2024-11-07,5,4,True,False,2024-02-23,gap_expired,0.099719443,26.720991257,Real Estate,13.75
4262,SKYW,2018-04-06,2018-04-06,1,1,False,False,,gap_expired,-0.075489059,54.095784587,Industrials,21.49
4263,SLAB,2019-05-10,2019-05-10,1,1,False,False,,gap_expired,-0.093427387,100.28,Technology,16.04
4264,SLB,2018-01-02,2019-05-15,21,10,True,True,2018-01-12,gap_expired,-0.378652085,55.260310805,Energy,9.77
4265,SLB,2019-12-13,2020-01-22,5,3,True,True,2020-01-03,gap_expired,-0.57249222,33.75282339,Energy,12.63
4266,SLB,2021-07-07,2021-07-07,1,1,False,False,,gap_expired,0.244169511,26.980878865,Energy,16.2
4267,SLB,2021-10-15,2021-10-19,2,1,False,False,,gap_expired,0.441761216,30.881808712,Energy,16.3
4268,SLB,2022-07-05,2022-07-18,2,1,False,False,,gap_expired,0.485502875,30.084552332,Energy,27.54
4269,SLB,2022-10-24,2022-10-24,1,1,False,False,,gap_expired,-0.010326987,47.687374779,Energy,29.85
4270,SLB,2023-01-13,2023-01-13,1,1,False,False,,gap_expired,-0.362740049,53.622933996,Energy,18.35
4271,SLB,2023-04-14,2023-04-14,1,1,False,False,,gap_expired,-0.240197271,48.456562799,Energy,17.07
4272,SLB,2023-07-24,2023-11-20,4,2,False,True,,gap_expired,-0.339827651,53.172958821,Energy,13.91
4273,SLB,2024-01-24,2024-02-01,2,1,False,False,,gap_expired,-0.174942944,48.962018836,Energy,13.14
4274,SLB,2024-07-30,2024-07-30,1,1,False,False,,gap_expired,-0.217464271,45.787586972,Energy,17.69
4275,SLB,2024-10-07,2024-10-21,2,1,False,False,,gap_expired,-0.060902995,43.042323618,Energy,22.64
4276,SLDP,2021-10-01,2021-10-01,1,1,False,False,,gap_expired,-0.354967461,10.449,Consumer Cyclical,21.15
4277,SLDP,2021-12-01,2021-12-01,1,1,False,False,,gap_expired,-0.63602651,11.59,Consumer Cyclical,31.12
4278,SLG,2024-07-31,2024-07-31,1,1,False,False,,gap_expired,-0.29323036,63.455070599,Real Estate,16.36
4279,SLG,2024-10-17,2024-10-17,1,1,False,True,,gap_expired,-0.410906947,70.374560657,Real Estate,19.11
4280,SLI,2021-12-09,2021-12-09,1,1,False,False,,gap_expired,-0.454392842,9.2,Basic Materials,21.58
4281,SLP,2020-06-23,2020-06-23,1,1,False,False,,gap_expired,-0.478484524,57.23830359,Healthcare,31.37
4282,SMCI,2022-12-06,2022-12-19,2,1,False,False,,gap_expired,2.030541002,8.467,Technology,22.17
4283,SMCI,2023-04-19,2023-04-19,1,1,False,False,,gap_expired,5.396412106,10.816,Technology,16.46
4284,SMCI,2023-07-26,2023-07-26,1,1,False,True,,gap_expired,0.943472782,32.499989925,Technology,13.19
4285,SMCI,2023-10-09,2024-02-07,5,4,False,True,,gap_expired,0.226520731,29.5,Technology,17.7
4286,SMCI,2024-06-04,2024-06-04,1,1,False,True,,gap_expired,-0.517326683,79.49999046,Technology,13.16
4287,SMG,2018-04-20,2018-05-10,2,1,False,True,,gap_expired,-0.078996178,65.279798259,Basic Materials,16.88
4288,SMG,2018-09-20,2018-09-20,1,1,False,False,,gap_expired,0.014844505,64.539633768,Basic Materials,11.8
4289,SMG,2020-07-28,2020-07-28,1,1,False,False,,gap_expired,-0.06843174,135.985983731,Basic Materials,25.44
4290,SMG,2021-08-09,2021-09-27,2,1,False,True,,gap_expired,-0.456505059,137.844316043,Basic Materials,16.72
4291,SMG,2022-01-06,2022-01-06,1,1,False,False,,gap_expired,-0.461533107,136.008383514,Basic Materials,19.61
4292,SMP,2021-05-04,2021-05-04,1,1,False,True,,gap_expired,-0.098276323,39.179297959,Consumer Cyclical,19.48
4293,SMTI,2023-10-27,2023-10-27,1,1,False,False,,gap_expired,-0.209829128,27.03,Healthcare,21.27
4294,SN,2024-09-14,2024-09-27,2,1,False,False,,gap_expired,-0.063367477,103.47,Consumer Cyclical,
4295,SNA,2018-09-12,2018-09-12,1,1,False,False,,gap_expired,-0.128202677,155.080412481,Industrials,13.14
4296,SNA,2022-12-08,2022-12-08,1,1,False,False,,gap_expired,0.032363558,216.617252529,Industrials,22.29
4297,SNA,2023-06-06,2023-06-06,1,1,False,False,,gap_expired,-0.216352718,245.933622232,Industrials,13.96
4298,SNA,2024-10-22,2024-10-22,1,1,False,True,,gap_expired,-0.095878389,313.205582168,Industrials,18.2
4299,SNAP,2018-02-07,2018-02-07,1,1,False,False,,gap_expired,-0.166023112,20.74,Communication Services,27.73
4300,SNAP,2019-02-06,2019-04-30,3,2,False,True,,gap_expired,0.799723799,8.36,Communication Services,15.38
4301,SNAP,2019-07-25,2019-10-23,4,2,False,True,,gap_expired,0.194264888,17.7,Communication Services,12.74
4302,SNAP,2020-01-06,2020-03-19,5,4,False,True,,gap_expired,1.775145196,16.87,Communication Services,13.85
4303,SNAP,2020-10-21,2021-10-26,13,8,False,True,,gap_expired,0.152876062,36.94,Communication Services,28.65
4304,SNAP,2023-04-21,2023-05-22,2,1,False,False,,gap_expired,-0.080857016,10.02,Communication Services,16.77
4305,SNOW,2020-02-11,2020-02-11,1,1,False,True,,gap_expired,-0.162638569,299.0,Technology,15.18
4306,SNOW,2020-10-14,2021-05-26,11,5,False,True,,gap_expired,0.097751611,236.03,Technology,26.4
4307,SNOW,2021-08-25,2021-12-13,6,4,False,True,,gap_expired,-0.255087829,299.0,Technology,16.79
4308,SNOW,2022-03-02,2022-05-12,3,2,False,True,,gap_expired,-0.297270342,223.417,Technology,30.74
4309,SNOW,2022-08-18,2022-08-18,1,1,False,True,,gap_expired,0.000180488,159.65,Technology,19.56
4310,SNOW,2022-11-11,2024-02-28,18,10,True,True,2022-11-11,gap_expired,0.050446273,157.33,Technology,22.52
4311,SNPS,2019-02-12,2019-02-12,1,1,False,False,,gap_expired,0.333313135,102.0,Technology,15.43
4312,SNPS,2019-06-13,2019-06-13,1,1,False,False,,gap_expired,0.376712237,126.07,Technology,15.82
4313,SNPS,2019-11-26,2019-12-11,2,1,False,False,,gap_expired,0.427720258,140.36,Technology,11.54
4314,SNPS,2024-01-16,2024-01-16,1,1,False,False,,gap_expired,-0.254037541,511.98,Technology,13.84
4315,SNPS,2024-03-19,2024-03-19,1,1,False,False,,gap_expired,-0.35460006,592.49,Technology,13.82
4316,SNY,2020-03-27,2020-03-27,1,1,False,False,,gap_expired,-0.398431292,34.399609271,Healthcare,65.54
4317,SNY,2020-09-24,2020-09-24,1,1,False,True,,gap_expired,-0.396549747,41.134352107,Healthcare,28.51
4318,SNY,2021-05-17,2021-05-17,1,1,False,False,,gap_expired,0.025182905,45.59677386,Healthcare,19.72
4319,SNY,2022-01-20,2022-01-20,1,1,False,True,,gap_expired,0.055908857,44.286937349,Healthcare,25.59
4320,SO,2018-05-21,2018-05-21,1,1,False,False,,gap_expired,0.262504998,32.171920791,Utilities,13.08
4321,SO,2019-09-24,2019-09-24,1,1,False,True,,gap_expired,-0.22104979,48.672500887,Utilities,17.05
4322,SO,2020-03-10,2020-03-31,2,2,False,False,,gap_expired,-0.403127688,48.378594446,Utilities,47.3
4323,SO,2023-01-26,2023-01-26,1,1,False,True,,gap_expired,-0.046937316,60.375162453,Utilities,18.73
4324,SO,2023-04-04,2023-04-04,1,1,False,False,,gap_expired,-0.059835494,63.41481118,Utilities,19.0
4325,SO,2023-06-09,2023-08-24,3,2,False,True,,gap_expired,-0.047131343,65.368581087,Utilities,13.83
4326,SO,2023-11-27,2023-11-27,1,1,False,False,,gap_expired,-0.012726049,65.590512392,Utilities,12.69
4327,SOFI,2021-05-24,2022-03-15,13,10,False,False,,gap_expired,-0.621623866,20.5,Financial Services,18.4
4328,SOFI,2022-05-19,2023-02-01,14,8,False,True,,gap_expired,-0.411233569,8.02,Financial Services,29.35
4329,SOFI,2023-04-04,2024-04-09,21,10,False,True,,gap_expired,0.031907888,5.87,Financial Services,19.0
4330,SOFI,2024-08-26,2024-11-14,7,4,False,True,,gap_expired,0.840125332,7.58,Financial Services,16.15
4331,SOLV,2024-04-01,2024-04-01,1,1,False,False,,gap_expired,-0.01156193,67.67,Healthcare,13.65
4332,SONO,2020-06-29,2020-08-19,2,1,False,True,,gap_expired,1.022523077,14.37,Technology,31.78
4333,SONO,2021-04-23,2021-04-23,1,1,False,True,,gap_expired,-0.464068635,42.1558,Technology,17.33
4334,SONO,2021-10-28,2021-10-28,1,1,False,True,,gap_expired,-0.35389048,31.85,Technology,16.53
4335,SONO,2022-03-17,2022-03-17,1,1,False,True,,gap_expired,-0.164093266,25.64,Technology,25.67
4336,SONY,2020-02-18,2020-02-18,1,1,False,True,,gap_expired,0.525043322,12.388899967,Technology,14.83
4337,SONY,2020-06-12,2020-06-12,1,1,False,True,,gap_expired,0.010007119,12.55107008,Technology,36.09
4338,SONY,2020-11-06,2020-11-06,1,1,False,True,,gap_expired,0.044010138,16.910293535,Technology,24.86
4339,SONY,2021-05-20,2021-05-20,1,1,False,False,,gap_expired,-0.01815678,18.300195205,Technology,20.67
4340,SONY,2024-05-23,2024-05-23,1,1,False,False,,gap_expired,0.538717494,15.369396489,Technology,12.77
4341,SOUN,2024-02-27,2024-02-27,1,1,False,False,,gap_expired,-0.347007188,6.74,Technology,13.43
4342,SOUN,2024-11-13,2024-11-13,1,1,False,False,,gap_expired,0.070135052,6.56,Technology,14.02
4343,SPCE,2020-05-01,2020-05-01,1,1,False,True,,gap_expired,-0.145812637,339.2,Industrials,37.19
4344,SPCE,2020-08-06,2020-08-06,1,1,False,True,,gap_expired,-0.049850815,381.4,Industrials,22.65
4345,SPCE,2023-01-18,2023-01-18,1,1,False,False,,gap_expired,-0.834328994,96.2,Industrials,20.34
4346,SPG,2018-01-23,2018-01-23,1,1,False,True,,gap_expired,0.16067523,108.099363649,Real Estate,11.1
4347,SPG,2018-07-18,2018-07-18,1,1,False,False,,gap_expired,-0.129560671,113.113548162,Real Estate,12.1
4348,SPG,2020-02-03,2020-02-11,2,1,False,False,,gap_expired,-0.425051997,94.111087883,Real Estate,17.97
4349,SPG,2020-08-10,2020-08-10,1,1,False,False,,gap_expired,0.734699071,50.496561814,Real Estate,22.13
4350,SPG,2020-10-29,2020-11-23,3,3,False,True,,gap_expired,1.069088612,47.528793009,Real Estate,37.59
4351,SPG,2021-02-09,2021-02-22,2,2,False,False,,gap_expired,0.249568269,80.022079765,Real Estate,21.63
4352,SPG,2021-04-27,2021-05-07,2,1,False,True,,gap_expired,0.02974929,95.09137243,Real Estate,17.56
4353,SPG,2021-07-13,2021-09-17,3,2,False,False,,gap_expired,-0.09537744,99.123891361,Real Estate,17.12
4354,SPG,2022-03-02,2022-03-02,1,1,False,False,,gap_expired,0.0059543,112.161828303,Real Estate,30.74
4355,SPG,2022-09-14,2022-09-14,1,1,False,False,,gap_expired,0.059047859,84.21563308,Real Estate,26.16
4356,SPG,2023-04-03,2023-05-18,2,1,False,True,,gap_expired,0.138943235,97.19744082,Real Estate,18.55
4357,SPG,2023-11-30,2023-11-30,1,1,False,True,,gap_expired,0.180322842,111.568449358,Real Estate,12.92
4358,SPG,2024-01-30,2024-02-06,2,1,False,False,,gap_expired,0.065874711,126.473198691,Real Estate,13.31
4359,SPG,2024-05-03,2024-05-09,2,1,False,False,,gap_expired,0.07324126,132.313470328,Real Estate,13.49
4360,SPG,2024-08-26,2024-09-05,2,1,False,False,,gap_expired,-0.025987696,154.525988866,Real Estate,16.15
4361,SPGI,2018-02-01,2018-02-01,1,1,False,True,,gap_expired,0.091223161,169.24456914,Financial Services,13.47
4362,SPGI,2018-09-07,2018-09-07,1,1,False,False,,gap_expired,0.164581149,195.285327236,Financial Services,14.88
4363,SPGI,2018-12-17,2018-12-17,1,1,False,True,,gap_expired,0.357815821,157.741807446,Financial Services,24.52
4364,SPGI,2019-12-06,2019-12-06,1,1,False,False,,gap_expired,0.022728999,261.804048685,Financial Services,13.62
4365,SPGI,2020-05-14,2020-05-14,1,1,False,False,,gap_expired,-0.228077291,284.530919576,Financial Services,32.61
4366,SPGI,2021-01-15,2021-01-15,1,1,False,False,,gap_expired,0.167491875,294.982293075,Financial Services,24.34
4367,SPGI,2022-10-12,2022-10-12,1,1,False,False,,gap_expired,0.043244201,275.42538331,Financial Services,33.57
4368,SPGI,2022-12-15,2022-12-20,2,1,False,False,,gap_expired,0.045288997,331.667208856,Financial Services,22.83
4369,SPGI,2024-04-26,2024-04-26,1,1,False,False,,gap_expired,0.093792555,412.582737556,Financial Services,15.03
4370,SPOT,2018-04-05,2018-10-15,10,4,False,True,,gap_expired,-0.143525415,146.07,Communication Services,18.94
4371,SPOT,2019-01-11,2019-02-08,2,2,False,False,,gap_expired,-0.056030212,120.2,Communication Services,18.19
4372,SPOT,2019-04-11,2019-04-11,1,1,False,False,,gap_expired,-0.046090446,142.71,Communication Services,13.02
4373,SPOT,2019-06-18,2019-06-18,1,1,False,False,,gap_expired,0.4398138,147.5,Communication Services,15.15
4374,SPOT,2019-10-30,2019-10-30,1,1,False,False,,gap_expired,0.597300435,141.8,Communication Services,12.33
4375,SPOT,2020-06-22,2020-08-19,3,1,False,False,,gap_expired,-0.309178481,242.41,Communication Services,31.77
4376,SPOT,2021-04-28,2021-06-11,2,1,False,False,,gap_expired,-0.640557829,262.84,Communication Services,17.28
4377,SPOT,2023-07-26,2023-07-26,1,1,False,True,,gap_expired,0.9339315,151.47,Communication Services,13.19
4378,SPOT,2024-01-08,2024-01-08,1,1,False,True,,gap_expired,1.086905883,196.98,Communication Services,13.08
4379,SPOT,2024-04-19,2024-04-19,1,1,False,False,,gap_expired,1.044513301,280.97,Communication Services,18.71
4380,SPOT,2024-07-15,2024-07-15,1,1,False,False,,gap_expired,1.160540928,303.78,Communication Services,13.12
4381,SPOT,2024-11-08,2024-12-12,2,2,False,False,,gap_expired,0.458913893,405.11,Communication Services,14.94
4382,SPTNX,2020-05-28,2020-05-28,1,1,False,False,,gap_expired,-0.372088645,17.048155068,Consumer Defensive,28.59
4383,SPTNX,2024-03-01,2024-03-01,1,1,False,False,,gap_expired,-0.127032765,19.142430065,Consumer Defensive,13.11
4384,SPTNX,2024-09-05,2024-09-05,1,1,False,True,,gap_expired,0.055035714,20.99010313,Consumer Defensive,19.9
4385,SPY,2018-01-25,2018-01-29,2,1,False,False,,gap_expired,0.0,250.866445218,ETF,11.58
4386,SPY,2018-04-03,2019-10-15,45,8,False,True,,gap_expired,0.0,227.503724065,ETF,21.1
4387,SPY,2019-12-23,2020-03-04,7,2,False,True,,gap_expired,0.0,294.578723639,ETF,12.61
4388,SPY,2020-06-23,2020-06-23,1,1,False,False,,gap_expired,0.0,286.847913811,ETF,31.37
4389,SPY,2020-12-09,2020-12-16,2,1,False,False,,gap_expired,0.0,339.611280544,ETF,22.27
4390,SPY,2021-06-29,2021-06-29,1,1,False,False,,gap_expired,0.0,401.399254284,ETF,16.02
4391,SPY,2021-11-30,2021-12-08,2,1,False,False,,gap_expired,0.0,435.138687455,ETF,27.19
4392,SPY,2022-03-23,2022-03-23,1,1,False,True,,gap_expired,0.0,423.127064366,ETF,23.57
4393,SPY,2022-08-23,2022-08-29,2,1,False,False,,gap_expired,0.0,392.716910723,ETF,24.11
4394,SPY,2023-04-04,2023-04-17,3,1,False,True,,gap_expired,0.0,393.600024853,ETF,19.0
4395,SPY,2023-06-26,2023-06-27,2,1,False,False,,gap_expired,0.0,418.732318311,ETF,14.25
4396,SPY,2023-08-28,2024-12-26,36,7,True,True,2023-12-29,gap_expired,0.0,428.707944136,ETF,15.08
4397,SQM,2018-05-24,2018-05-24,1,1,False,False,,gap_expired,-0.449775014,41.864023385,Basic Materials,12.53
4398,SRAD,2024-10-28,2024-10-28,1,1,False,False,,gap_expired,0.796222662,12.89,Technology,19.8
4399,SRE,2019-12-19,2020-01-15,2,1,False,False,,gap_expired,-0.312109886,63.019866955,Utilities,12.5
4400,SRE,2020-08-05,2020-08-05,1,1,False,False,,gap_expired,-0.283414316,53.54939277,Utilities,22.99
4401,SRE,2020-10-23,2020-10-23,1,1,False,False,,gap_expired,-0.328602805,56.182540132,Utilities,27.55
4402,SRE,2022-04-05,2022-05-06,3,1,False,True,,gap_expired,0.032611161,73.690034189,Utilities,21.03
4403,SRE,2022-07-20,2024-03-01,15,8,True,True,2022-10-13,gap_expired,-0.148628554,68.274282554,Utilities,23.88
4404,SRE,2024-11-22,2024-12-11,2,1,False,False,,gap_expired,-0.130594019,91.903975407,Utilities,15.24
4405,SRNE,2018-04-16,2018-04-16,1,1,False,False,,gap_expired,-0.492452818,6.45,Healthcare,16.56
4406,SRNE,2020-07-20,2020-08-04,3,3,False,True,,gap_expired,-0.100296753,8.5,Healthcare,24.46
4407,SRPT,2018-08-16,2018-08-16,1,1,False,False,,gap_expired,-0.257177268,130.01,Healthcare,13.45
4408,SRPT,2019-02-25,2019-03-14,2,1,False,True,,gap_expired,-0.342483624,143.0,Healthcare,14.85
4409,SRPT,2019-07-11,2019-08-15,2,2,False,True,,gap_expired,-0.02165488,154.37,Healthcare,12.93
4410,SRPT,2020-08-05,2020-08-05,1,1,False,True,,gap_expired,-0.840599479,155.2,Healthcare,22.99
4411,SRPT,2024-05-21,2024-07-16,2,2,False,False,,gap_expired,-0.830741661,128.93,Healthcare,11.86
4412,SSTI,2018-10-03,2018-10-03,1,1,False,True,,gap_expired,-0.648480231,53.75,Technology,11.61
4413,SSTK,2018-12-11,2018-12-11,1,1,False,True,,gap_expired,-0.099569639,32.551133045,Communication Services,21.76
4414,SSTK,2023-03-27,2023-03-27,1,1,False,False,,gap_expired,-0.704980345,65.638784956,Communication Services,20.6
4415,ST,2020-02-11,2020-02-11,1,1,False,False,,gap_expired,-0.168435017,54.369918485,Technology,15.18
4416,STAA,2021-08-17,2021-08-17,1,1,False,False,,gap_expired,-0.287728612,145.22,Healthcare,17.91
4417,STAG,2020-01-16,2020-01-16,1,1,False,True,,gap_expired,-0.167183782,25.126098465,Real Estate,12.32
4418,STAG,2021-10-27,2021-10-27,1,1,False,True,,gap_expired,-0.112773701,36.823759204,Real Estate,16.98
4419,STEM,2021-02-12,2021-03-17,2,2,False,False,,gap_expired,-0.889967739,880.2,Utilities,19.97
4420,STEM,2021-06-09,2021-08-09,4,3,False,True,,gap_expired,-0.685542672,636.8,Utilities,17.89
4421,STKE,2021-01-12,2021-01-12,1,1,False,False,,gap_expired,-0.232614721,50.073,Financial Services,23.33
4422,STKE,2024-11-06,2024-11-06,1,1,False,False,,gap_expired,-0.26473887,256.8,Financial Services,16.27
4423,STKL,2021-03-17,2021-03-17,1,1,False,False,,gap_expired,-0.800349949,15.15,Consumer Defensive,19.23
4424,STLA,2022-09-13,2022-09-13,1,1,False,False,,gap_expired,0.401152386,10.693897285,Consumer Cyclical,27.27
4425,STLA,2023-03-10,2023-04-12,2,1,False,False,,gap_expired,0.380566611,13.617635967,Consumer Cyclical,24.8
4426,STLA,2023-07-19,2023-07-19,1,1,False,False,,gap_expired,-0.047973282,15.981471296,Consumer Cyclical,13.76
4427,STLD,2018-04-11,2018-04-11,1,1,False,False,,gap_expired,-0.335500385,37.757982408,Basic Materials,20.24
4428,STLD,2023-01-12,2023-02-06,2,2,False,False,,gap_expired,-0.178943815,105.034533543,Basic Materials,18.83
4429,STM,2018-02-26,2018-03-08,2,1,False,False,,gap_expired,-0.303483788,21.445115558,Technology,15.8
4430,STM,2018-06-01,2018-06-01,1,1,False,False,,gap_expired,-0.390926876,22.338635139,Technology,13.46
4431,STM,2020-02-06,2020-02-06,1,1,False,False,,gap_expired,0.235070471,28.105612166,Technology,14.96
4432,STM,2020-06-17,2020-06-17,1,1,False,False,,gap_expired,-0.040037777,26.055772827,Technology,33.47
4433,STNE,2020-10-15,2020-10-23,2,1,False,True,,gap_expired,-0.665353405,58.61,Technology,26.97
4434,STNG,2020-04-27,2020-04-27,1,1,False,False,,gap_expired,-0.774198613,23.895432524,Energy,33.29
4435,STRL,2023-08-14,2023-08-17,3,1,False,False,,gap_expired,0.157281678,81.1,Industrials,14.82
4436,STRL,2024-02-27,2024-05-13,3,2,False,True,,gap_expired,-0.032812584,106.9,Industrials,13.43
4437,STRL,2024-12-04,2024-12-04,1,1,False,True,,gap_expired,0.503279451,197.5,Industrials,13.45
4438,STT,2022-04-12,2022-04-12,1,1,False,False,,gap_expired,-0.03659311,71.709087552,Financial Services,24.26
4439,STT,2022-10-20,2022-10-20,1,1,False,False,,gap_expired,-0.144847099,58.215304936,Financial Services,29.98
4440,STWD,2018-10-10,2019-03-08,4,2,False,True,,gap_expired,0.153405918,10.598244753,Real Estate,22.96
4441,STWD,2019-06-05,2019-09-05,5,2,False,True,,gap_expired,-0.342595264,11.73614668,Real Estate,16.09
4442,STWD,2019-12-19,2020-03-13,4,3,False,True,,gap_expired,-0.309915843,13.627818284,Real Estate,12.5
4443,STWD,2020-05-28,2020-05-28,1,1,False,False,,gap_expired,0.620071143,8.010733335,Real Estate,28.59
4444,STWD,2021-04-29,2021-04-29,1,1,False,False,,gap_expired,-0.04423505,16.565224634,Real Estate,17.61
4445,STWD,2021-09-08,2021-09-17,2,1,False,False,,gap_expired,0.099098254,16.379223245,Real Estate,17.96
4446,STWD,2022-07-20,2022-07-20,1,1,False,True,,gap_expired,-0.146595943,15.817850802,Real Estate,23.88
4447,STWD,2022-10-04,2022-10-04,1,1,False,False,,gap_expired,-0.10118266,14.136341973,Real Estate,29.07
4448,STWD,2023-04-11,2023-04-11,1,1,False,False,,gap_expired,-0.069229325,13.605055399,Real Estate,19.1
4449,STWD,2024-01-16,2024-01-16,1,1,False,False,,gap_expired,-0.226146351,16.606471061,Real Estate,13.84
4450,STZ,2018-01-05,2024-12-06,95,35,True,True,2018-01-23,gap_expired,-0.266411446,192.285384543,Consumer Defensive,9.22
4451,SU,2022-04-29,2022-05-06,2,1,False,False,,gap_expired,-0.164693725,30.06754018,Energy,33.4
4452,SUN,2024-01-26,2024-01-26,1,1,False,False,,gap_expired,-0.217109823,51.386994416,Energy,13.26
4453,SUN,2024-05-24,2024-05-24,1,1,False,False,,gap_expired,0.025286876,44.5354448,Energy,11.93
4454,SW,2018-02-08,2018-02-08,1,1,False,False,,gap_expired,-0.144066162,24.462661829,Consumer Cyclical,33.46
4455,SW,2018-05-21,2018-06-01,2,1,True,False,2018-05-21,gap_expired,-0.34681847,30.452063332,Consumer Cyclical,13.08
4456,SW,2018-11-15,2018-12-03,2,1,True,False,2018-11-15,gap_expired,0.10041957,21.28280001,Consumer Cyclical,19.98
4457,SW,2019-12-06,2019-12-06,1,1,False,True,,gap_expired,-0.084259673,27.258200008,Consumer Cyclical,13.62
4458,SW,2020-04-29,2020-04-29,1,1,False,False,,gap_expired,0.021450049,23.412600008,Consumer Cyclical,31.23
4459,SW,2020-09-22,2020-10-08,2,2,False,True,,gap_expired,0.196767143,31.081699985,Consumer Cyclical,26.86
4460,SWBI,2020-09-21,2020-09-21,1,1,False,True,,gap_expired,0.056523323,12.794204811,Industrials,27.78
4461,SWBI,2024-12-09,2024-12-09,1,1,False,False,,gap_expired,-0.129020723,10.581810785,Industrials,14.19
4462,SWCH,2020-05-27,2020-05-27,1,1,False,True,,gap_expired,-0.387258456,18.569427359,Technology,27.62
4463,SWCH,2020-08-19,2020-08-27,2,1,False,True,,gap_expired,0.062779786,16.800984544,Technology,22.54
4464,SWCH,2022-02-24,2022-02-24,1,1,False,False,,gap_expired,0.401986407,25.064059018,Technology,30.32
4465,SWK,2018-01-19,2018-01-19,1,1,False,False,,gap_expired,-0.272217039,141.016622691,Industrials,11.27
4466,SWK,2018-05-17,2018-05-17,1,1,False,False,,gap_expired,-0.100421219,115.13466541,Industrials,13.43
4467,SWK,2018-09-17,2018-09-17,1,1,False,False,,gap_expired,-0.084467853,121.43711162,Industrials,13.68
4468,SWK,2018-11-26,2018-11-26,1,1,False,True,,gap_expired,0.072477332,103.184609857,Industrials,18.9
4469,SWK,2019-05-16,2019-06-17,2,1,False,False,,gap_expired,-0.158903123,112.486398475,Industrials,15.29
4470,SWK,2020-08-20,2020-12-16,4,3,False,False,,gap_expired,-0.120267092,132.954890861,Industrials,22.72
4471,SWK,2021-04-07,2021-05-10,3,1,False,False,,gap_expired,-0.398137127,170.024453083,Industrials,17.16
4472,SWK,2022-03-24,2022-03-24,1,1,False,False,,gap_expired,-0.321694076,120.648539579,Industrials,21.67
4473,SWK,2022-08-16,2022-10-12,2,2,False,True,,gap_expired,-0.121304033,88.271472397,Industrials,19.69
4474,SWK,2023-01-04,2023-01-04,1,1,False,False,,gap_expired,0.040298855,69.214833609,Industrials,22.01
4475,SWK,2023-04-13,2023-08-17,4,3,False,True,,gap_expired,-0.06019937,71.2259739,Industrials,17.8
4476,SWK,2023-12-13,2024-12-06,21,7,True,True,2023-12-13,gap_expired,-0.407746649,88.45791312,Industrials,12.19
4477,SWKS,2018-05-01,2018-05-01,1,1,False,False,,gap_expired,-0.174797803,78.004776613,Technology,15.49
4478,SWKS,2019-01-09,2019-02-25,4,3,False,False,,gap_expired,0.520761033,57.274620953,Technology,19.98
4479,SWKS,2019-04-29,2019-04-29,1,1,False,False,,gap_expired,0.225549319,74.179566452,Technology,13.11
4480,SWKS,2019-07-02,2020-01-22,11,5,False,True,,gap_expired,0.534919468,69.773989732,Technology,12.93
4481,SWKS,2020-03-24,2022-04-13,27,14,True,True,2020-08-20,gap_expired,0.377835638,76.051751921,Technology,61.67
4482,SWKS,2022-08-16,2022-09-21,3,2,False,True,,gap_expired,-0.064403526,98.625895864,Technology,19.69
4483,SWKS,2023-05-05,2023-06-14,4,2,True,False,2023-05-22,gap_expired,-0.352539593,95.40414315,Technology,17.19
4484,SWKS,2024-06-12,2024-06-12,1,1,False,True,,gap_expired,-0.394319384,97.348570855,Technology,12.04
4485,SWKS,2024-12-05,2024-12-05,1,1,False,True,,gap_expired,-0.320598873,83.39649462,Technology,13.54
4486,SYK,2021-06-09,2021-06-09,1,1,False,True,,gap_expired,-0.089819439,241.544226218,Healthcare,17.89
4487,SYK,2022-02-01,2022-02-01,1,1,False,False,,gap_expired,0.226965358,239.79490332,Healthcare,21.96
4488,SYK,2023-05-08,2023-06-16,2,1,False,True,,gap_expired,-0.123170363,280.578240373,Healthcare,16.98
4489,SYK,2024-10-31,2024-10-31,1,1,False,True,,gap_expired,-0.19272839,354.055134329,Healthcare,23.16
4490,SYM,2021-05-12,2021-08-11,2,2,True,False,2021-05-12,gap_expired,0.021492043,9.95,Industrials,27.59
4491,SYM,2021-12-14,2022-01-05,2,1,False,False,,gap_expired,0.344506564,10.0,Industrials,21.89
4492,SYM,2024-01-10,2024-01-10,1,1,False,True,,gap_expired,-0.650234459,43.0,Industrials,12.69
4493,SYM,2024-11-25,2024-11-25,1,1,False,False,,gap_expired,1.107923173,37.78,Industrials,14.6
4494,SYMCX,2018-11-05,2018-11-05,1,1,False,False,,gap_expired,-0.10588141,19.630256438,Technology,19.96
4495,SYMCX,2019-05-10,2019-05-10,1,1,False,False,,gap_expired,-0.015597418,18.602518073,Technology,16.04
4496,SYMCX,2019-08-06,2019-10-03,4,2,False,False,,gap_expired,-0.084217699,19.768081532,Technology,20.17
4497,SYNA,2018-03-19,2018-03-19,1,1,False,False,,gap_expired,-0.356543915,47.08,Technology,19.02
4498,SYNA,2020-02-07,2020-02-07,1,1,False,True,,gap_expired,0.272764946,83.37,Technology,15.47
4499,SYY,2018-08-10,2018-08-10,1,1,False,True,,gap_expired,0.018691031,58.489334111,Consumer Defensive,13.16
4500,SYY,2018-11-07,2018-11-07,1,1,False,False,,gap_expired,0.115564739,54.745802194,Consumer Defensive,16.36
4501,SYY,2019-05-03,2019-05-03,1,1,False,False,,gap_expired,-0.278671051,59.42636739,Consumer Defensive,12.87
4502,SYY,2020-11-12,2020-11-19,2,1,False,True,,gap_expired,-0.195955415,60.005869066,Consumer Defensive,25.35
4503,SYY,2021-05-21,2021-05-21,1,1,False,True,,gap_expired,0.030534847,71.470444022,Consumer Defensive,20.15
4504,SYY,2022-01-05,2022-05-10,3,2,True,True,2022-01-05,gap_expired,0.172011,71.9154512,Consumer Defensive,19.73
4505,SYY,2023-01-11,2023-01-17,2,1,False,False,,gap_expired,-0.266432409,74.720668146,Consumer Defensive,21.09
4506,SYY,2024-01-30,2024-01-30,1,1,False,True,,gap_expired,-0.319831204,76.519153678,Consumer Defensive,13.31
4507,T,2018-01-17,2018-06-06,6,3,False,True,,gap_expired,-0.060491671,15.643364742,Communication Services,11.91
4508,T,2018-09-21,2019-04-16,10,3,False,True,,gap_expired,0.14334692,15.125349439,Communication Services,11.68
4509,T,2019-07-24,2020-03-20,15,5,False,True,,gap_expired,-0.131864755,16.104248951,Communication Services,12.07
4510,T,2021-04-22,2021-04-27,2,1,False,False,,gap_expired,-0.14659313,17.572557076,Communication Services,18.71
4511,T,2021-12-16,2021-12-16,1,1,False,False,,gap_expired,0.338218149,13.961332209,Communication Services,20.57
4512,T,2022-05-12,2022-06-28,2,1,False,True,,gap_expired,0.042882063,15.973779126,Communication Services,31.77
4513,T,2022-10-24,2022-10-24,1,1,False,False,,gap_expired,0.083933392,14.629671913,Communication Services,29.85
4514,T,2023-01-09,2023-01-25,2,1,False,True,,gap_expired,-0.021535094,16.381708007,Communication Services,21.97
4515,T,2023-12-20,2023-12-20,1,1,False,True,,gap_expired,0.008913418,14.668387743,Communication Services,13.67
4516,T,2024-12-05,2024-12-13,2,1,False,True,,gap_expired,-0.076036831,22.537511892,Communication Services,13.54
4517,TAK,2020-07-23,2020-07-23,1,1,False,False,,gap_expired,-0.385168277,13.773538855,Healthcare,26.08
4518,TALO,2022-05-12,2022-05-12,1,1,False,False,,gap_expired,-0.419868486,18.06,Energy,31.77
4519,TAP,2022-02-23,2022-05-12,3,2,False,False,,gap_expired,0.102764555,44.997407287,Consumer Defensive,31.02
4520,TAP,2022-08-01,2022-08-01,1,1,False,False,,gap_expired,0.060524679,51.101186578,Consumer Defensive,22.84
4521,TAP,2024-06-26,2024-06-26,1,1,False,True,,gap_expired,-0.147201146,48.132755459,Consumer Defensive,12.55
4522,TCBI,2024-04-08,2024-04-08,1,1,False,False,,gap_expired,0.004958034,59.71,Financial Services,15.19
4523,TCYSF,2018-08-08,2018-08-08,1,1,False,False,,gap_expired,-0.601307965,165.925391146,Technology,10.85
4524,TCYSF,2020-11-19,2020-11-19,1,1,False,False,,gap_expired,-0.121660465,161.25,Technology,23.11
4525,TCYSF,2021-08-09,2021-08-09,1,1,False,False,,gap_expired,-0.33835085,174.75,Technology,16.72
4526,TCYSF,2021-11-08,2021-11-08,1,1,False,False,,gap_expired,-0.491556031,204.45,Technology,17.22
4527,TDC,2023-10-03,2023-10-03,1,1,False,False,,gap_expired,-0.690184169,44.26,Technology,19.78
4528,TDG,2023-08-02,2023-08-02,1,1,False,False,,gap_expired,0.250131746,750.517436585,Industrials,16.09
4529,TDG,2024-01-09,2024-01-09,1,1,False,False,,gap_expired,0.100125225,886.945951085,Industrials,12.76
4530,TDY,2020-01-24,2020-01-24,1,1,True,False,2020-01-24,gap_expired,-0.124476765,353.36,Technology,14.56
4531,TEAM,2018-02-06,2018-02-06,1,1,False,False,,gap_expired,0.988592537,51.78,Technology,29.98
4532,TEAM,2018-09-12,2018-09-12,1,1,False,True,,gap_expired,0.36680128,91.75,Technology,13.14
4533,TEAM,2019-03-07,2019-03-07,1,1,False,False,,gap_expired,0.279403446,102.06,Technology,16.59
4534,TEAM,2019-06-18,2019-08-21,3,2,False,True,,gap_expired,0.273849829,130.48,Technology,15.15
4535,TEAM,2020-02-10,2020-02-28,2,1,False,False,,gap_expired,0.473622359,152.48,Technology,15.04
4536,TEAM,2020-08-03,2020-08-03,1,1,False,False,,gap_expired,0.548359313,178.5,Technology,24.28
4537,TEAM,2021-11-19,2021-11-19,1,1,False,True,,gap_expired,-0.589539055,426.85,Technology,17.91
4538,TECH,2018-07-25,2018-07-25,1,1,False,False,,gap_expired,0.223885158,39.676194506,Healthcare,12.29
4539,TECH,2018-12-21,2018-12-21,1,1,False,False,,gap_expired,0.253795333,32.960637166,Healthcare,30.11
4540,TECH,2019-02-22,2019-02-22,1,1,False,False,,gap_expired,-0.11997287,47.27332624,Healthcare,13.51
4541,TECH,2019-06-28,2019-08-16,2,1,False,False,,gap_expired,0.19650056,51.07098239,Healthcare,15.08
4542,TECK,2018-01-05,2018-01-05,1,1,False,False,,gap_expired,-0.117526273,24.751517163,Basic Materials,9.22
4543,TECK,2018-06-14,2018-06-14,1,1,False,False,,gap_expired,-0.24953151,25.346351597,Basic Materials,12.12
4544,TECK,2021-05-06,2021-05-06,1,1,False,False,,gap_expired,0.644880766,23.16145966,Basic Materials,18.39
4545,TECK,2023-01-23,2023-01-23,1,1,False,False,,gap_expired,-0.268421323,40.525738049,Basic Materials,19.81
4546,TEL,2018-01-23,2018-01-23,1,1,False,False,,gap_expired,-0.197674846,93.838908257,Technology,11.1
4547,TEL,2018-10-11,2018-10-11,1,1,False,False,,gap_expired,0.080166999,70.010028475,Technology,24.98
4548,TEL,2019-10-22,2019-10-22,1,1,False,True,,gap_expired,-0.014849254,84.057032675,Technology,14.46
4549,TEL,2020-05-20,2020-05-20,1,1,False,False,,gap_expired,0.325768699,70.705189166,Technology,27.99
4550,TELL,2018-01-17,2018-01-17,1,1,False,False,,gap_expired,-0.923225424,0.000752,Energy,11.91
4551,TELL,2018-08-23,2018-08-23,1,1,False,True,,gap_expired,0.0918781,0.00027494,Energy,12.41
4552,TELL,2019-08-05,2019-08-05,1,1,False,True,,gap_expired,-0.248025904,0.0003112,Energy,24.59
4553,TELL,2020-01-15,2020-01-15,1,1,False,False,,gap_expired,-0.293833375,0.00026479,Energy,12.42
4554,TELL,2021-03-23,2021-03-23,1,1,False,False,,gap_expired,-0.710523134,0.00067745,Energy,20.3
4555,TELL,2022-02-28,2022-05-02,3,3,False,True,,gap_expired,0.071713861,0.000479087,Energy,30.15
4556,TER,2018-01-08,2018-01-08,1,1,False,True,,gap_expired,-0.260393633,44.393963252,Technology,9.52
4557,TER,2019-07-08,2019-07-08,1,1,False,True,,gap_expired,0.819886171,44.885069275,Technology,13.96
4558,TER,2019-10-11,2019-11-13,2,1,False,True,,gap_expired,0.238835864,59.35638962,Technology,15.58
4559,TER,2020-07-17,2020-07-17,1,1,False,False,,gap_expired,0.067662114,84.996967706,Technology,25.68
4560,TER,2020-11-17,2020-11-17,1,1,False,False,,gap_expired,0.108148124,103.720973878,Technology,22.71
4561,TER,2023-06-12,2023-06-12,1,1,False,False,,gap_expired,0.071024743,109.826545826,Technology,15.01
4562,TER,2023-12-15,2023-12-15,1,1,False,False,,gap_expired,-0.073731549,104.142853074,Technology,12.28
4563,TEVA,2024-03-22,2024-03-22,1,1,False,False,,gap_expired,0.0023763,13.99,Healthcare,13.06
4564,TEX,2024-04-04,2024-04-04,1,1,False,False,,gap_expired,-0.472288108,63.083248212,Industrials,16.35
4565,TFC,2022-03-21,2022-03-21,1,1,False,False,,gap_expired,-0.325833597,48.486625268,Financial Services,23.53
4566,TFC,2023-04-11,2023-04-11,1,1,False,False,,gap_expired,-0.096081156,28.761860161,Financial Services,19.1
4567,TFC,2024-01-31,2024-01-31,1,1,False,False,,gap_expired,0.081632428,33.374367109,Financial Services,14.35
4568,TFPM,2023-04-12,2023-05-15,2,1,False,False,,gap_expired,-0.311813509,16.188380931,Basic Materials,19.09
4569,TGB,2024-05-17,2024-05-17,1,1,False,False,,gap_expired,-0.445174047,3.09,Basic Materials,11.99
4570,TGH,2020-11-24,2020-11-24,1,1,False,False,,gap_expired,0.483468453,17.683035144,Energy,21.64
4571,TGT,2018-02-07,2018-02-07,1,1,False,False,,gap_expired,0.015684929,58.214213713,Consumer Defensive,27.73
4572,TGT,2018-07-19,2018-07-19,1,1,False,False,,gap_expired,0.076422525,63.039661164,Consumer Defensive,12.87
4573,TGT,2018-11-26,2019-01-10,2,1,False,False,,gap_expired,0.672270677,56.5414247,Consumer Defensive,18.9
4574,TGT,2019-05-17,2019-11-15,12,5,False,True,,gap_expired,0.718556653,59.497576434,Consumer Defensive,15.96
4575,TGT,2020-01-15,2020-01-15,1,1,False,True,,gap_expired,0.535789022,98.91804318,Consumer Defensive,12.42
4576,TGT,2020-04-08,2020-11-23,13,5,False,True,,gap_expired,0.540361343,86.62335312,Consumer Defensive,43.35
4577,TGT,2021-07-12,2021-08-03,2,1,False,False,,gap_expired,-0.291210053,217.282754613,Consumer Defensive,16.17
4578,TGT,2021-11-11,2021-11-11,1,1,False,False,,gap_expired,-0.176894924,224.01651626,Consumer Defensive,17.66
4579,TGT,2022-02-25,2022-04-06,2,2,False,False,,gap_expired,-0.08661602,173.110613829,Consumer Defensive,27.59
4580,TGT,2022-06-07,2022-06-07,1,1,False,False,,gap_expired,-0.21262417,136.01370516,Consumer Defensive,24.02
4581,TGT,2022-08-10,2022-08-10,1,1,False,False,,gap_expired,-0.300614013,150.669297254,Consumer Defensive,19.74
4582,TGT,2022-12-01,2022-12-01,1,1,False,True,,gap_expired,-0.312993089,145.644147664,Consumer Defensive,19.84
4583,TGT,2023-04-19,2023-04-19,1,1,False,False,,gap_expired,-0.159567079,144.412547687,Consumer Defensive,16.46
4584,TGT,2023-09-21,2023-11-15,2,1,False,False,,gap_expired,0.040152535,106.587717885,Consumer Defensive,17.54
4585,TGT,2024-03-01,2024-03-01,1,1,False,False,,gap_expired,-0.365415382,142.083445122,Consumer Defensive,13.11
4586,TGT,2024-08-21,2024-10-08,4,1,False,False,,gap_expired,-0.536880953,150.495653073,Consumer Defensive,16.27
4587,TGTX,2018-02-27,2018-02-27,1,1,False,True,,gap_expired,-0.537553025,14.45,Healthcare,18.59
4588,TGTX,2019-04-05,2019-05-23,2,2,False,True,,gap_expired,0.222637648,8.41,Healthcare,12.82
4589,TGTX,2020-10-20,2020-10-20,1,1,False,True,,gap_expired,-0.250375675,29.2,Healthcare,29.35
4590,TGTX,2021-01-13,2021-01-13,1,1,False,True,,gap_expired,-0.946740438,53.123,Healthcare,22.21
4591,TGTX,2023-02-07,2023-02-07,1,1,False,False,,gap_expired,-0.436149321,18.53,Healthcare,18.66
4592,THM,2018-04-11,2018-04-11,1,1,False,False,,gap_expired,-0.294390226,23.09,Basic Materials,20.24
4593,THM,2019-09-26,2019-11-01,2,1,False,True,,gap_expired,-0.171635004,25.85,Basic Materials,16.07
4594,THM,2020-02-07,2020-02-07,1,1,False,True,,gap_expired,-0.041547811,26.16,Basic Materials,15.47
4595,THM,2020-07-30,2020-07-30,1,1,False,False,,gap_expired,-0.244480673,24.19,Basic Materials,24.76
4596,THM,2022-10-28,2022-10-28,1,1,False,False,,gap_expired,0.404632347,26.32,Basic Materials,25.75
4597,THO,2018-01-08,2018-03-08,4,2,False,True,,gap_expired,-0.567247784,130.691272138,Consumer Cyclical,9.52
4598,THO,2019-05-23,2019-05-23,1,1,False,True,,gap_expired,0.447024114,49.899342018,Consumer Cyclical,16.92
4599,THO,2020-06-02,2020-06-08,2,2,False,True,,gap_expired,-0.075124753,82.254382408,Consumer Cyclical,26.84
4600,THO,2020-09-25,2020-10-26,4,1,False,True,,gap_expired,-0.047338786,87.195582478,Consumer Cyclical,26.38
4601,THO,2021-05-03,2021-06-09,3,2,False,False,,gap_expired,-0.400429139,130.767816816,Consumer Cyclical,18.31
4602,THS,2022-12-09,2022-12-09,1,1,False,False,,gap_expired,-0.266414422,45.36,Consumer Defensive,22.83
4603,TJX,2018-02-28,2018-03-06,2,1,False,False,,gap_expired,0.248371951,36.851297414,Consumer Cyclical,19.85
4604,TJX,2018-10-02,2018-11-09,4,1,False,True,,gap_expired,-0.009739883,50.019937202,Consumer Cyclical,12.05
4605,TJX,2019-01-16,2019-03-13,2,2,False,True,,gap_expired,0.04132363,43.083549849,Consumer Cyclical,19.04
4606,TJX,2019-05-30,2019-05-30,1,1,False,False,,gap_expired,-0.052470744,45.876953449,Consumer Cyclical,17.3
4607,TJX,2019-08-20,2019-08-20,1,1,False,True,,gap_expired,-0.183967772,48.032124236,Consumer Cyclical,17.5
4608,TJX,2019-11-15,2019-12-17,3,1,False,True,,gap_expired,-0.1085466,55.076683646,Consumer Cyclical,12.05
4609,TJX,2020-03-31,2020-09-14,10,4,True,False,2020-05-21,gap_expired,-0.105066773,41.001771602,Consumer Cyclical,53.54
4610,TJX,2021-02-22,2021-02-22,1,1,False,False,,gap_expired,-0.190408138,65.388136271,Consumer Cyclical,23.45
4611,TJX,2021-12-13,2021-12-13,1,1,False,False,,gap_expired,0.235035174,68.300367376,Consumer Cyclical,20.31
4612,TJX,2022-05-18,2022-05-20,2,1,False,False,,gap_expired,0.241881171,56.531720905,Consumer Cyclical,30.96
4613,TJX,2022-08-10,2024-12-11,38,11,True,True,2022-08-10,gap_expired,0.293677788,60.895485407,Consumer Cyclical,19.74
4614,TK,2023-10-09,2023-10-09,1,1,False,True,,gap_expired,0.552655769,3.722961991,Energy,17.7
4615,TKO,2018-02-08,2018-02-08,1,1,False,False,,gap_expired,1.501926569,31.088268293,Communication Services,33.46
4616,TKO,2018-07-24,2018-07-24,1,1,False,False,,gap_expired,-0.146346753,73.676627575,Communication Services,12.41
4617,TKO,2024-02-28,2024-02-28,1,1,False,False,,gap_expired,0.630164307,81.383639736,Communication Services,13.84
4618,TKO,2024-12-16,2024-12-16,1,1,False,False,,gap_expired,0.326253255,145.218491074,Communication Services,14.69
4619,TKR,2019-05-07,2019-05-07,1,1,False,False,,gap_expired,-0.26787228,44.429199303,Industrials,19.32
4620,TKR,2024-01-26,2024-01-26,1,1,False,False,,gap_expired,-0.25600091,78.692935663,Industrials,13.26
4621,TKR,2024-09-11,2024-09-11,1,1,False,True,,gap_expired,-0.200441555,77.293815017,Industrials,17.69
4622,TLNE,2024-11-06,2024-11-06,1,1,False,False,,gap_expired,0.751595221,195.36,Utilities,16.27
4623,TLT,2018-03-07,2018-03-07,1,1,False,True,,gap_expired,0.015475257,94.835697159,ETF,17.76
4624,TLT,2018-08-29,2018-08-29,1,1,False,False,,gap_expired,0.228931515,98.331117342,ETF,12.25
4625,TLT,2019-02-22,2019-02-22,1,1,False,False,,gap_expired,0.140351295,99.588924213,ETF,13.51
4626,TLT,2019-05-24,2019-06-28,2,1,False,False,,gap_expired,0.203139141,106.102113466,ETF,15.85
4627,TLT,2019-10-15,2019-10-15,1,1,False,False,,gap_expired,-0.008723848,116.611375945,ETF,13.54
4628,TM,2023-11-20,2023-11-20,1,1,False,False,,gap_expired,-0.367451392,174.358561923,Consumer Cyclical,13.41
4629,TM,2024-05-03,2024-05-03,1,1,False,False,,gap_expired,-0.281816539,222.392456887,Consumer Cyclical,13.49
4630,TMDX,2023-01-18,2023-01-18,1,1,False,False,,gap_expired,0.161292588,61.97,Healthcare,20.34
4631,TMDX,2023-07-26,2023-07-26,1,1,False,False,,gap_expired,0.304039273,92.21,Healthcare,13.19
4632,TMDX,2024-02-28,2024-02-28,1,1,False,False,,gap_expired,-0.332089007,84.5,Healthcare,13.84
4633,TME,2019-01-28,2019-03-22,3,2,False,True,,gap_expired,-0.399623577,15.013186728,Communication Services,18.87
4634,TMO,2018-02-02,2018-02-02,1,1,False,False,,gap_expired,0.127978687,212.175433401,Healthcare,17.31
4635,TMO,2018-04-23,2018-04-23,1,1,False,True,,gap_expired,0.148671933,210.119009339,Healthcare,16.34
4636,TMO,2018-08-13,2018-11-15,4,2,False,False,,gap_expired,0.1614927,226.327197552,Healthcare,14.78
4637,TMO,2019-03-25,2019-03-25,1,1,False,False,,gap_expired,0.106072812,267.082723527,Healthcare,16.33
4638,TMO,2019-06-13,2019-06-13,1,1,False,False,,gap_expired,0.109783921,281.686812293,Healthcare,15.82
4639,TMO,2019-09-20,2020-03-16,6,3,True,True,2019-09-20,gap_expired,0.342850196,287.869099363,Healthcare,15.32
4640,TMO,2020-07-17,2020-07-17,1,1,False,False,,gap_expired,-0.044920084,392.325627908,Healthcare,25.68
4641,TMO,2020-11-03,2021-02-01,5,2,False,True,,gap_expired,-0.106926308,493.2469615,Healthcare,35.55
4642,TMO,2021-10-27,2021-10-27,1,1,False,True,,gap_expired,-0.046088604,607.94992044,Healthcare,16.98
4643,TMO,2022-01-19,2022-02-02,2,2,True,False,2022-02-02,gap_expired,0.121392637,588.475348098,Healthcare,23.85
4644,TMO,2022-08-03,2022-08-08,2,1,False,False,,gap_expired,-0.169318995,584.962256935,Healthcare,21.95
4645,TMO,2023-02-01,2023-02-01,1,1,False,True,,gap_expired,-0.270507525,586.415850883,Healthcare,17.87
4646,TMO,2023-10-06,2023-10-06,1,1,False,False,,gap_expired,-0.154217611,491.585195475,Healthcare,17.45
4647,TMO,2024-01-31,2024-02-05,2,1,False,False,,gap_expired,-0.18385925,538.763638822,Healthcare,14.35
4648,TMO,2024-07-24,2024-07-24,1,1,False,False,,gap_expired,-0.348496039,573.318997322,Healthcare,18.04
4649,TMO,2024-12-18,2024-12-18,1,1,False,False,,gap_expired,-0.059018759,516.892146913,Healthcare,27.62
4650,TMUS,2018-03-16,2018-06-12,4,2,False,True,,gap_expired,0.064119837,62.487714283,Communication Services,15.8
4651,TMUS,2018-08-13,2018-09-12,2,1,False,True,,gap_expired,0.148658895,63.550401043,Communication Services,14.78
4652,TMUS,2019-01-14,2019-06-11,6,3,False,False,,gap_expired,-0.113297184,65.511590425,Communication Services,19.07
4653,TMUS,2019-09-05,2020-01-06,4,2,False,False,,gap_expired,0.294163994,75.317633739,Communication Services,16.27
4654,TMUS,2020-04-06,2020-04-06,1,1,False,False,,gap_expired,-0.029441187,84.688821542,Communication Services,45.24
4655,TMUS,2020-10-30,2021-01-15,4,3,False,True,,gap_expired,-0.376624171,107.372979274,Communication Services,38.02
4656,TMUS,2021-04-16,2021-06-07,3,1,False,True,,gap_expired,-0.087184696,129.06206928,Communication Services,16.25
4657,TMUS,2021-09-24,2021-10-29,2,2,False,False,,gap_expired,0.19764367,124.366800535,Communication Services,17.75
4658,TMUS,2022-01-04,2022-01-18,2,1,False,False,,gap_expired,0.467430919,110.928302746,Communication Services,16.91
4659,TMUS,2022-03-24,2022-03-24,1,1,False,False,,gap_expired,0.243890003,121.478153477,Communication Services,21.67
4660,TMUS,2022-07-18,2022-10-13,4,2,False,False,,gap_expired,-0.161019576,131.496690518,Communication Services,25.3
4661,TMUS,2022-12-23,2023-02-07,5,1,False,False,,gap_expired,-0.128056711,135.747569095,Communication Services,20.87
4662,TMUS,2023-05-30,2023-07-24,2,1,False,False,,gap_expired,0.021789456,131.525622783,Communication Services,17.46
4663,TMUS,2023-10-12,2023-12-07,3,2,False,True,,gap_expired,0.204748954,136.935827446,Communication Services,16.69
4664,TMUS,2024-06-26,2024-12-20,8,3,False,True,,gap_expired,0.242282694,172.415816699,Communication Services,12.55
4665,TNDM,2018-08-23,2018-08-23,1,1,False,True,,gap_expired,0.731586493,39.7,Healthcare,12.41
4666,TNDM,2019-02-04,2019-05-01,7,4,False,True,,gap_expired,0.476026463,43.18,Healthcare,15.73
4667,TNDM,2019-08-07,2019-08-07,1,1,False,False,,gap_expired,0.546930447,60.37,Healthcare,19.49
4668,TNDM,2019-10-08,2019-10-21,2,2,False,False,,gap_expired,0.93239859,53.54,Healthcare,20.28
4669,TNDM,2020-02-06,2020-02-06,1,1,False,True,,gap_expired,0.156617821,75.0,Healthcare,14.96
4670,TNDM,2020-05-05,2020-05-05,1,1,False,False,,gap_expired,-0.471810587,85.63,Healthcare,33.61
4671,TOL,2018-04-19,2018-04-19,1,1,False,False,,gap_expired,-0.17138198,38.054583494,Consumer Cyclical,15.96
4672,TOL,2018-09-11,2018-09-11,1,1,False,False,,gap_expired,0.007494534,33.628126728,Consumer Cyclical,13.22
4673,TOL,2019-03-08,2019-03-08,1,1,False,False,,gap_expired,-0.089694979,32.861109408,Consumer Cyclical,16.05
4674,TOL,2019-11-01,2019-11-01,1,1,False,False,,gap_expired,-0.004020874,38.066590611,Consumer Cyclical,12.3
4675,TOL,2020-02-21,2020-02-21,1,1,False,False,,gap_expired,-0.051059873,43.844926714,Consumer Cyclical,17.08
4676,TOL,2020-09-17,2020-10-08,3,2,False,True,,gap_expired,0.068860609,41.821418018,Consumer Cyclical,26.46
4677,TOL,2021-05-10,2021-05-10,1,1,False,False,,gap_expired,-0.271927571,62.685963989,Consumer Cyclical,19.66
4678,TOL,2021-08-05,2021-08-25,2,1,False,False,,gap_expired,-0.104979703,55.731139057,Consumer Cyclical,17.28
4679,TOL,2021-11-29,2021-12-10,2,2,False,False,,gap_expired,-0.136129962,61.148525905,Consumer Cyclical,22.96
4680,TOL,2022-02-24,2022-02-28,2,1,False,False,,gap_expired,0.250945078,49.096070895,Consumer Cyclical,30.32
4681,TOL,2022-06-02,2022-08-04,4,3,False,False,,gap_expired,0.449529138,48.05956425,Consumer Cyclical,24.72
4682,TOL,2023-07-26,2023-08-15,2,1,False,False,,gap_expired,0.571066507,79.147302411,Consumer Cyclical,13.19
4683,TOL,2023-12-07,2024-01-03,3,1,False,False,,gap_expired,0.281256377,89.124100503,Consumer Cyclical,13.06
4684,TOL,2024-03-28,2024-10-21,9,3,False,True,,gap_expired,-0.258056511,127.201621945,Consumer Cyclical,13.01
4685,TOST,2024-04-17,2024-04-17,1,1,False,False,,gap_expired,0.450020103,22.58,Technology,18.21
4686,TOYOF,2020-12-15,2020-12-15,1,1,False,False,,gap_expired,-1.025940226,65.746121884,Consumer Cyclical,22.89
4687,TPC,2022-04-06,2022-04-06,1,1,False,True,,gap_expired,-0.381373178,10.231069174,Industrials,22.1
4688,TPC,2023-08-21,2023-08-21,1,1,False,False,,gap_expired,1.207665863,8.592445949,Industrials,17.13
4689,TPH,2019-04-30,2019-04-30,1,1,False,False,,gap_expired,-0.12131472,12.98,Consumer Cyclical,13.12
4690,TPH,2023-07-26,2023-07-26,1,1,False,False,,gap_expired,0.235048078,32.0,Consumer Cyclical,13.19
4691,TPR,2018-04-06,2018-04-06,1,1,False,False,,gap_expired,-0.463039213,42.697620712,Consumer Cyclical,21.49
4692,TPR,2018-08-10,2018-08-14,3,1,False,False,,gap_expired,-0.480850234,39.133488979,Consumer Cyclical,13.16
4693,TPR,2020-11-13,2020-12-03,3,1,False,False,,gap_expired,0.347328591,24.325822656,Consumer Cyclical,23.1
4694,TPR,2021-03-16,2021-03-16,1,1,False,False,,gap_expired,-0.286068264,40.048322263,Consumer Cyclical,19.79
4695,TPR,2021-11-05,2021-11-05,1,1,False,False,,gap_expired,-0.046953667,37.914414958,Consumer Cyclical,16.48
4696,TPR,2022-10-19,2022-10-19,1,1,False,False,,gap_expired,-0.223674325,28.14976417,Consumer Cyclical,30.76
4697,TPR,2024-12-02,2024-12-02,1,1,False,False,,gap_expired,0.048575715,63.615213025,Consumer Cyclical,13.34
4698,TR5,2018-03-05,2018-03-05,1,1,False,False,,gap_expired,-0.424429969,65.645431106,Basic Materials,18.73
4699,TR5,2021-08-05,2021-08-05,1,1,False,False,,gap_expired,-0.249085474,47.465213184,Basic Materials,17.28
4700,TREE,2019-05-08,2019-06-19,2,2,False,True,,gap_expired,-0.400368485,378.38,Financial Services,19.4
4701,TREE,2019-11-04,2019-11-04,1,1,False,False,,gap_expired,-0.228629491,383.34,Financial Services,12.83
4702,TREX,2018-01-30,2018-01-30,1,1,False,False,,gap_expired,0.272039516,28.2125,Industrials,14.79
4703,TREX,2019-05-06,2019-05-06,1,1,False,True,,gap_expired,0.714449607,32.655,Industrials,15.44
4704,TREX,2019-07-30,2019-07-30,1,1,False,False,,gap_expired,0.61281556,40.88,Industrials,13.94
4705,TREX,2019-10-30,2019-10-30,1,1,False,False,,gap_expired,0.561265779,42.0,Industrials,12.33
4706,TREX,2021-03-05,2021-03-05,1,1,True,False,2021-03-05,gap_expired,-0.325674657,88.2,Industrials,24.66
4707,TREX,2023-09-20,2023-09-20,1,1,False,False,,gap_expired,-0.232113938,63.73,Industrials,15.14
4708,TRI,2020-11-05,2020-11-05,1,1,False,False,,gap_expired,0.064213809,79.610089288,Industrials,27.58
4709,TRIP,2023-05-18,2023-05-18,1,1,False,False,,gap_expired,-0.162870629,16.24,Consumer Cyclical,16.05
4710,TRMB,2019-02-25,2019-02-25,1,1,False,True,,gap_expired,-0.079163877,40.39,Technology,14.85
4711,TRN,2024-04-04,2024-04-04,1,1,False,False,,gap_expired,-0.069077856,25.490402076,Industrials,16.35
4712,TROW,2019-01-28,2019-01-28,1,1,False,False,,gap_expired,0.213617167,71.899777011,Financial Services,18.87
4713,TROW,2020-04-22,2020-04-22,1,1,False,False,,gap_expired,0.310435766,79.284203061,Financial Services,41.98
4714,TROW,2022-06-21,2022-06-21,1,1,False,False,,gap_expired,-0.168168148,92.630538523,Financial Services,30.19
4715,TROW,2024-05-28,2024-05-28,1,1,False,False,,gap_expired,-0.297475591,105.084894069,Financial Services,12.92
4716,TROW,2024-10-30,2024-10-30,1,1,False,False,,gap_expired,-0.232487851,104.760022367,Financial Services,20.35
4717,TRTN-PC,2021-05-05,2021-05-05,1,1,False,False,,gap_expired,-0.004888291,19.327459891,Industrials,19.15
4718,TRUL,2020-12-11,2020-12-11,1,1,False,False,,gap_expired,-1.18173185,1.045,Industrials,23.31
4719,TRUP,2020-11-06,2020-11-06,1,1,False,True,,gap_expired,0.063249927,92.46,Financial Services,24.86
4720,TRV,2018-01-19,2018-01-19,1,1,False,False,,gap_expired,-0.042099036,115.564846378,Financial Services,11.27
4721,TRV,2019-06-20,2019-06-20,1,1,False,False,,gap_expired,-0.294592695,132.492819739,Financial Services,14.75
4722,TRV,2023-01-03,2023-01-03,1,1,False,False,,gap_expired,-0.187345163,177.294073265,Financial Services,22.9
4723,TS,2018-05-17,2018-05-17,1,1,False,False,,gap_expired,-0.353373483,30.143799993,Energy,13.43
4724,TSCO,2018-11-13,2018-11-13,1,1,False,True,,gap_expired,-0.124097282,17.247659643,Consumer Cyclical,20.02
4725,TSCO,2019-04-25,2019-04-25,1,1,False,True,,gap_expired,-0.008030467,18.932395862,Consumer Cyclical,13.25
4726,TSCO,2020-07-20,2020-11-09,4,2,False,True,,gap_expired,-0.079432796,26.413727608,Consumer Cyclical,24.46
4727,TSCO,2021-03-31,2021-04-26,3,1,False,True,,gap_expired,0.182535951,32.806835334,Consumer Cyclical,19.4
4728,TSCO,2021-11-05,2021-11-29,2,1,False,True,,gap_expired,0.128449748,41.026211193,Consumer Cyclical,16.48
4729,TSCO,2022-03-17,2022-03-22,2,1,False,False,,gap_expired,0.093281665,44.061818431,Consumer Cyclical,25.67
4730,TSCO,2022-07-21,2022-08-25,3,1,False,True,,gap_expired,-0.07192073,37.432197107,Consumer Cyclical,23.11
4731,TSCO,2023-01-26,2023-02-27,2,1,True,True,2023-01-26,gap_expired,-0.221249355,43.489360205,Consumer Cyclical,18.73
4732,TSCO,2023-10-02,2023-10-02,1,1,False,False,,gap_expired,0.113543288,38.964040413,Consumer Cyclical,17.61
4733,TSLA,2018-08-07,2018-08-07,1,1,False,True,,gap_expired,-0.294531377,24.606000123,Consumer Cyclical,10.93
4734,TSLA,2019-01-07,2019-01-07,1,1,False,False,,gap_expired,0.550531149,31.580000158,Consumer Cyclical,21.4
4735,TSLA,2019-04-02,2019-05-20,2,2,False,True,,gap_expired,-0.165904717,19.154700096,Consumer Cyclical,13.36
4736,TSLA,2019-10-24,2024-12-05,126,53,True,True,2020-06-12,gap_expired,0.808196105,19.848000099,Consumer Cyclical,13.71
4737,TSM,2020-05-15,2020-06-23,2,2,False,False,,gap_expired,0.793183603,46.249729198,Technology,31.89
4738,TSM,2020-10-27,2021-04-05,6,4,False,False,,gap_expired,-0.015418586,78.302965118,Technology,33.35
4739,TSM,2021-11-15,2021-11-15,1,1,False,False,,gap_expired,-0.170733425,109.947656487,Technology,16.49
4740,TSM,2023-01-13,2023-01-13,1,1,False,True,,gap_expired,0.122452651,82.626353504,Technology,18.35
4741,TSM,2023-03-22,2023-03-22,1,1,False,False,,gap_expired,0.176869828,91.002391014,Technology,22.26
4742,TSM,2023-06-05,2023-07-11,2,1,False,True,,gap_expired,0.419818608,94.007172049,Technology,14.73
4743,TSM,2023-10-12,2023-10-12,1,1,False,False,,gap_expired,0.696023023,90.190403478,Technology,16.69
4744,TSM,2024-08-14,2024-08-14,1,1,False,False,,gap_expired,0.186533229,169.566309976,Technology,16.19
4745,TSM,2024-10-17,2024-11-25,3,1,False,True,,gap_expired,0.261362972,203.110007166,Technology,19.11
4746,TSN,2018-04-19,2018-04-19,1,1,False,False,,gap_expired,-0.138896024,56.391715174,Consumer Defensive,15.96
4747,TSN,2019-08-13,2020-02-18,13,6,True,False,2020-01-09,gap_expired,-0.237265706,72.005894092,Consumer Defensive,17.52
4748,TSN,2023-11-21,2023-12-04,3,1,False,False,,gap_expired,0.04131098,44.668876003,Consumer Defensive,13.35
4749,TSN,2024-02-21,2024-02-21,1,1,False,False,,gap_expired,-0.003392483,49.743965419,Consumer Defensive,15.34
4750,TSN,2024-05-03,2024-05-03,1,1,False,False,,gap_expired,-0.155120248,57.214382261,Consumer Defensive,13.49
4751,TT,2020-10-09,2020-10-09,1,1,False,False,,gap_expired,0.06002085,121.723324622,Industrials,25.0
4752,TT,2023-02-24,2023-03-29,3,1,False,True,,gap_expired,0.282533873,177.396035867,Industrials,21.67
4753,TT,2023-07-13,2023-09-28,3,2,False,True,,gap_expired,0.52214681,190.398247347,Industrials,13.61
4754,TT,2023-12-01,2023-12-08,3,1,False,True,,gap_expired,0.508929326,221.78479447,Industrials,12.63
4755,TT,2024-02-12,2024-02-12,1,1,False,False,,gap_expired,0.125973276,261.742915074,Industrials,13.93
4756,TT,2024-07-08,2024-11-04,5,2,False,True,,gap_expired,0.189101384,328.877762135,Industrials,12.37
4757,TTCFQ,2021-01-05,2021-01-05,1,1,False,False,,gap_expired,-0.674948782,23.8,Consumer Defensive,25.34
4758,TTCFQ,2021-04-22,2021-04-22,1,1,False,False,,gap_expired,-0.505370725,16.83,Consumer Defensive,18.71
4759,TTD,2018-05-15,2018-05-15,1,1,False,True,,gap_expired,1.419601345,7.939,Communication Services,14.63
4760,TTD,2018-08-06,2018-09-18,3,2,False,True,,gap_expired,1.981152608,9.031,Communication Services,11.27
4761,TTD,2019-03-29,2019-05-15,5,1,False,True,,gap_expired,0.033693881,20.156,Communication Services,13.71
4762,TTD,2019-09-18,2019-10-02,2,2,False,False,,gap_expired,0.956812377,20.952,Communication Services,13.95
4763,TTD,2020-01-16,2020-05-19,7,3,False,False,,gap_expired,0.625945065,28.359,Communication Services,12.32
4764,TTD,2020-07-23,2020-08-03,2,2,False,True,,gap_expired,0.058853937,41.396,Communication Services,26.08
4765,TTD,2020-11-09,2020-11-09,1,1,False,False,,gap_expired,-0.171071709,76.5,Communication Services,25.75
4766,TTD,2021-01-14,2021-02-24,4,3,False,True,,gap_expired,-0.276609137,77.53,Communication Services,23.25
4767,TTD,2021-04-26,2021-12-22,7,5,True,True,2021-04-26,gap_expired,-0.21321547,74.883,Communication Services,17.64
4768,TTD,2023-10-25,2023-11-03,2,2,False,False,,gap_expired,0.268118894,70.75,Communication Services,20.19
4769,TTD,2024-01-05,2024-02-09,2,1,False,False,,gap_expired,0.515374429,67.89,Communication Services,13.35
4770,TTD,2024-04-10,2024-07-24,6,2,False,True,,gap_expired,-0.499036717,86.9,Communication Services,15.8
4771,TTD,2024-12-06,2024-12-06,1,1,False,True,,gap_expired,-0.876877027,136.6,Communication Services,12.77
4772,TTEK,2024-10-07,2024-11-25,2,2,False,True,,gap_expired,-0.45083103,47.833566854,Industrials,22.64
4773,TTFNF,2018-09-24,2018-09-24,1,1,False,False,,gap_expired,-0.200829764,39.734266908,Energy,12.2
4774,TTFNF,2021-10-13,2021-10-13,1,1,False,False,,gap_expired,0.233777896,38.617329183,Energy,18.64
4775,TTFNF,2023-08-03,2023-08-03,1,1,False,True,,gap_expired,-0.032450715,51.426016063,Energy,15.92
4776,TTWO,2018-01-10,2018-01-10,1,1,False,False,,gap_expired,-0.05213667,116.32,Communication Services,9.82
4777,TTWO,2018-03-20,2018-05-21,4,2,False,True,,gap_expired,-0.136432602,105.01,Communication Services,18.2
4778,TTWO,2018-08-01,2019-03-08,16,6,False,False,,gap_expired,-0.003788796,111.785,Communication Services,13.15
4779,TTWO,2019-05-10,2019-08-12,5,3,False,False,,gap_expired,0.26493264,101.19,Communication Services,16.04
4780,TTWO,2020-02-10,2021-08-05,23,8,True,True,2020-05-15,gap_expired,0.618109989,111.0,Communication Services,15.04
4781,TTWO,2021-12-20,2021-12-20,1,1,False,False,,gap_expired,-0.100875719,178.244,Communication Services,22.87
4782,TTWO,2022-05-17,2022-05-17,1,1,False,False,,gap_expired,0.010748216,121.28,Communication Services,26.1
4783,TTWO,2022-08-09,2022-08-09,1,1,False,False,,gap_expired,0.075774954,122.08,Communication Services,21.77
4784,TTWO,2023-02-24,2023-03-01,2,1,False,True,,gap_expired,0.053719195,110.14,Communication Services,21.67
4785,TTWO,2023-05-08,2023-05-08,1,1,False,False,,gap_expired,-0.122652928,125.49,Communication Services,16.98
4786,TTWO,2023-07-25,2023-08-10,2,1,False,False,,gap_expired,-0.214159044,150.66,Communication Services,13.86
4787,TTWO,2023-11-03,2024-02-02,5,3,False,True,,gap_expired,-0.176894517,139.0,Communication Services,14.91
4788,TTWO,2024-08-14,2024-08-14,1,1,False,False,,gap_expired,0.386311555,145.9,Communication Services,16.19
4789,TVRD,2018-03-20,2018-03-20,1,1,False,True,,gap_expired,0.501341142,424.44,Healthcare,18.2
4790,TVRD,2019-01-16,2019-01-16,1,1,False,True,,gap_expired,0.542145283,550.08,Healthcare,19.04
4791,TW,2019-04-05,2019-05-16,2,2,False,False,,gap_expired,0.374312777,35.855377361,Financial Services,12.82
4792,TW,2023-05-10,2023-05-10,1,1,False,True,,gap_expired,0.240780585,71.58224747,Financial Services,16.94
4793,TWKS,2021-09-29,2021-09-29,1,1,False,False,,gap_expired,-0.448452173,27.38,Technology,22.56
4794,TWLO,2018-07-18,2018-08-15,2,2,False,False,,gap_expired,1.220289873,64.0,Technology,12.1
4795,TWLO,2018-11-07,2020-02-10,27,11,True,True,2019-07-10,gap_expired,-0.106633593,94.65,Technology,16.36
4796,TWLO,2020-06-30,2020-11-19,6,3,False,True,,gap_expired,0.363049496,218.13,Technology,30.43
4797,TWLO,2021-03-19,2021-07-23,5,3,False,True,,gap_expired,-0.71239342,356.22,Technology,20.95
4798,TWLO,2021-11-15,2021-11-15,1,1,False,False,,gap_expired,-0.527991336,308.5,Technology,16.49
4799,TWLO,2022-02-01,2022-02-01,1,1,False,False,,gap_expired,-0.453675637,212.37,Technology,21.96
4800,TWLO,2022-06-06,2022-06-06,1,1,False,False,,gap_expired,-0.024744445,99.5,Technology,25.07
4801,TWLO,2022-10-11,2022-10-11,1,1,False,True,,gap_expired,-0.405023063,67.89,Technology,33.63
4802,TWLO,2023-06-01,2023-06-08,2,1,False,True,,gap_expired,-0.436970461,68.71,Technology,15.65
4803,TWLO,2023-09-05,2023-09-11,2,1,False,False,,gap_expired,-0.331519146,65.25,Technology,14.01
4804,TWST,2019-05-22,2019-05-22,1,1,False,False,,gap_expired,0.439890197,26.22,Healthcare,14.75
4805,TWTR,2020-11-02,2020-11-02,1,1,False,False,,gap_expired,-0.046231671,39.83,Communication Services,37.13
4806,TWTR,2021-02-25,2021-03-01,2,1,False,True,,gap_expired,-0.682037378,74.32,Communication Services,28.89
4807,TWTR,2021-05-14,2021-05-14,1,1,False,False,,gap_expired,-0.120557861,51.58,Communication Services,18.81
4808,TWTR,2021-08-02,2021-08-02,1,1,False,False,,gap_expired,-0.477590828,68.93,Communication Services,19.46
4809,TWTR,2021-11-18,2021-11-18,1,1,False,False,,gap_expired,-0.240066861,48.88,Communication Services,17.59
4810,TWTR,2022-01-26,2022-01-26,1,1,False,False,,gap_expired,0.050401641,34.06,Communication Services,31.96
4811,TWTR,2022-07-13,2022-07-13,1,1,False,False,,gap_expired,0.413748344,36.65,Communication Services,26.82
4812,TXMD,2018-06-01,2018-06-01,1,1,False,True,,gap_expired,-0.510025119,295.0,Healthcare,13.46
4813,TXMD,2018-09-07,2018-10-08,2,1,False,True,,gap_expired,-0.066623404,310.5,Healthcare,14.88
4814,TXMD,2018-12-20,2018-12-20,1,1,False,False,,gap_expired,0.236597406,178.5,Healthcare,28.38
4815,TXN,2018-02-27,2018-02-27,1,1,False,True,,gap_expired,-0.029899575,87.040890717,Technology,18.59
4816,TXN,2018-05-02,2018-06-13,2,2,False,False,,gap_expired,0.040803034,81.181730477,Technology,15.97
4817,TXN,2019-01-07,2019-01-24,2,2,False,False,,gap_expired,0.14082009,108.29533745,Technology,21.4
4818,TXN,2019-04-24,2019-04-24,1,1,False,False,,gap_expired,0.005033462,96.709961475,Technology,13.14
4819,TXN,2019-08-13,2019-08-13,1,1,False,False,,gap_expired,-0.022470925,100.305002714,Technology,17.52
4820,TXN,2019-12-16,2020-01-09,2,1,False,False,,gap_expired,0.126017553,107.039368755,Technology,12.14
4821,TXN,2020-10-20,2020-12-16,4,2,False,False,,gap_expired,0.043440536,127.596970061,Technology,29.35
4822,TXN,2022-04-27,2022-04-27,1,1,False,False,,gap_expired,0.007728169,151.021306662,Technology,31.6
4823,TXN,2022-07-28,2022-09-21,2,1,False,False,,gap_expired,-0.084835946,156.982514707,Technology,22.33
4824,TXN,2023-10-30,2023-10-30,1,1,False,True,,gap_expired,0.099200156,131.734704922,Technology,19.75
4825,TXN,2024-06-12,2024-10-18,4,2,False,False,,gap_expired,-0.123608895,185.2101615,Technology,12.04
4826,TXRH,2020-02-24,2020-02-24,1,1,False,False,,gap_expired,0.15466463,62.910030153,Consumer Cyclical,25.03
4827,TXRH,2020-11-23,2020-11-23,1,1,False,False,,gap_expired,-0.150093876,70.113614091,Consumer Cyclical,22.66
4828,TXRH,2021-04-12,2021-04-12,1,1,False,False,,gap_expired,-0.259795383,89.923173223,Consumer Cyclical,16.91
4829,TXRH,2022-10-17,2022-10-17,1,1,False,True,,gap_expired,-0.132261189,91.138630505,Consumer Cyclical,31.37
4830,TXRH,2024-05-06,2024-06-26,2,1,False,False,,gap_expired,-0.010701505,163.455847433,Consumer Cyclical,13.49
4831,TXRH,2024-10-17,2024-11-05,3,1,False,True,,gap_expired,-0.164269942,179.323115376,Consumer Cyclical,19.11
4832,TXT,2018-10-17,2018-10-17,1,1,True,False,2018-10-17,gap_expired,-0.278796446,57.375992122,Industrials,17.4
4833,TXT,2022-04-14,2022-04-14,1,1,False,False,,gap_expired,0.041223603,68.351931235,Industrials,22.7
4834,TXT,2023-02-01,2023-02-01,1,1,False,False,,gap_expired,-0.064546259,74.603523862,Industrials,17.87
4835,TXT,2023-11-08,2023-11-08,1,1,False,False,,gap_expired,-0.232803959,76.422561623,Industrials,14.45
4836,TXT,2024-09-19,2024-09-19,1,1,False,False,,gap_expired,-0.243154707,88.468859383,Industrials,16.33
4837,TYG,2020-12-11,2020-12-11,1,1,False,True,,gap_expired,-0.0085416,14.305799338,Financial Services,23.31
4838,TYL,2024-04-01,2024-04-01,1,1,False,False,,gap_expired,0.3320401,412.56,Technology,13.65
4839,U,2020-10-08,2020-11-03,2,1,False,True,,gap_expired,0.185847759,92.85,Technology,26.36
4840,U,2021-02-03,2021-02-03,1,1,False,False,,gap_expired,-0.561690653,149.25,Technology,22.91
4841,U,2021-05-18,2021-05-18,1,1,False,False,,gap_expired,-0.540197703,86.0,Technology,21.34
4842,U,2021-09-22,2022-05-11,9,6,False,False,,gap_expired,-0.60811182,137.92,Technology,20.87
4843,U,2023-05-22,2023-05-22,1,1,False,False,,gap_expired,-0.616928351,29.59,Technology,17.21
4844,U,2024-03-22,2024-03-22,1,1,False,False,,gap_expired,-0.303803795,26.94,Technology,13.06
4845,UA,2018-04-06,2018-04-06,1,1,False,False,,gap_expired,0.141059488,14.83,Consumer Cyclical,21.49
4846,UA,2019-06-03,2019-06-03,1,1,False,False,,gap_expired,-0.711705879,20.99,Consumer Cyclical,18.86
4847,UAA,2018-02-28,2018-02-28,1,1,False,False,,gap_expired,0.285339332,16.69,Consumer Cyclical,19.85
4848,UAA,2018-06-06,2019-05-16,6,6,True,True,2018-06-20,gap_expired,-0.005420306,24.45,Consumer Cyclical,11.64
4849,UAA,2019-11-15,2019-11-15,1,1,False,False,,gap_expired,-0.275468194,17.8,Consumer Cyclical,12.05
4850,UAA,2022-02-04,2022-02-04,1,1,False,False,,gap_expired,-0.356213951,19.61,Consumer Cyclical,23.22
4851,UAA,2023-01-13,2023-01-13,1,1,False,False,,gap_expired,-0.565154079,11.56,Consumer Cyclical,18.35
4852,UAA,2024-12-20,2024-12-20,1,1,False,False,,gap_expired,-0.640665078,8.59,Consumer Cyclical,18.36
4853,UAL,2018-01-11,2018-01-11,1,1,False,False,,gap_expired,-0.077546056,76.74,Industrials,9.88
4854,UAL,2018-09-26,2018-10-18,4,1,False,False,,gap_expired,0.077143768,88.93,Industrials,12.89
4855,UAL,2019-01-17,2019-01-17,1,1,False,False,,gap_expired,-0.289450873,87.14,Industrials,18.06
4856,UAL,2019-04-12,2019-04-18,2,1,False,False,,gap_expired,-0.603093696,85.31,Industrials,12.01
4857,UAL,2019-11-05,2019-11-21,2,1,False,False,,gap_expired,-0.784396323,93.42,Industrials,13.1
4858,UAL,2020-04-22,2020-04-22,1,1,False,False,,gap_expired,0.533108519,26.0,Industrials,41.98
4859,UAL,2020-11-23,2020-11-23,1,1,False,False,,gap_expired,-0.227475014,42.71,Industrials,22.66
4860,UAL,2021-03-22,2021-04-16,2,1,False,False,,gap_expired,-0.423347936,57.11,Industrials,18.88
4861,UAL,2021-07-15,2021-07-15,1,1,False,True,,gap_expired,-0.076495893,48.45,Industrials,17.01
4862,UAL,2021-10-15,2021-11-15,4,1,False,True,,gap_expired,-0.067661758,47.7,Industrials,16.3
4863,UAL,2022-04-05,2022-04-25,2,2,False,False,,gap_expired,0.064886751,43.26,Industrials,21.03
4864,UAL,2022-10-27,2022-10-27,1,1,False,False,,gap_expired,-0.309127879,43.27,Industrials,27.39
4865,UAL,2023-01-17,2023-01-17,1,1,False,False,,gap_expired,-0.496370011,53.1,Industrials,19.36
4866,UAL,2023-06-02,2023-06-02,1,1,False,True,,gap_expired,-0.237745508,48.45,Industrials,14.6
4867,UAL,2023-12-14,2023-12-14,1,1,False,False,,gap_expired,-0.092666793,43.51,Industrials,12.48
4868,UAL,2024-02-14,2024-02-14,1,1,False,False,,gap_expired,-0.025292782,43.33,Industrials,14.38
4869,UAL,2024-10-17,2024-12-02,2,2,False,False,,gap_expired,0.145960752,73.87,Industrials,19.11
4870,UAVS,2021-02-12,2021-02-12,1,1,False,False,,gap_expired,-1.064014152,15640.0,Technology,19.97
4871,UBER,2019-11-25,2020-05-11,12,5,False,False,,gap_expired,0.250095448,29.49,Technology,11.87
4872,UBER,2020-08-04,2021-01-11,6,3,False,True,,gap_expired,-0.086288692,33.1,Technology,23.76
4873,UBER,2021-08-05,2022-01-10,6,4,False,True,,gap_expired,-0.174706498,43.74,Technology,17.28
4874,UBER,2022-06-09,2022-06-23,2,1,False,False,,gap_expired,0.545218797,24.8,Technology,26.09
4875,UBER,2022-10-10,2023-02-06,5,4,False,True,,gap_expired,0.56918355,25.545,Technology,32.45
4876,UBER,2023-04-17,2023-07-06,3,2,False,True,,gap_expired,0.983267865,32.37,Technology,16.95
4877,UBER,2023-10-24,2024-12-18,20,9,False,True,,gap_expired,0.401559937,43.3,Technology,18.97
4878,UBSI,2018-04-12,2018-04-12,1,1,False,True,,gap_expired,0.015739882,25.645194216,Financial Services,18.49
4879,UEC,2023-09-26,2024-05-24,9,4,True,True,2024-01-18,gap_expired,-0.140500116,5.24,Energy,18.94
4880,UEC,2024-10-14,2024-10-14,1,1,False,False,,gap_expired,0.883858638,7.31,Energy,19.7
4881,UFPI,2021-05-04,2021-05-04,1,1,False,True,,gap_expired,-0.107208409,85.000984702,Basic Materials,19.48
4882,UHAL-B,2023-07-11,2023-08-01,2,1,False,False,,gap_expired,-0.204241965,60.48,Industrials,14.84
4883,UHAL-B,2024-01-18,2024-01-18,1,1,False,True,,gap_expired,-0.181834432,65.62,Industrials,14.13
4884,UL,2022-10-27,2022-10-27,1,1,False,False,,gap_expired,-0.033794238,45.748620479,Consumer Defensive,27.39
4885,UL,2023-01-18,2023-01-18,1,1,False,False,,gap_expired,-0.292114619,51.298634083,Consumer Defensive,20.34
4886,ULCC,2022-10-28,2022-10-28,1,1,False,True,,gap_expired,-0.854595955,12.6,Industrials,25.75
4887,ULS,2024-07-31,2024-07-31,1,1,False,False,,gap_expired,0.120713916,50.658600353,Industrials,16.36
4888,ULTA,2018-01-03,2018-01-03,1,1,False,False,,gap_expired,0.136901717,248.01,Consumer Cyclical,9.15
4889,ULTA,2018-03-21,2018-04-16,2,1,False,False,,gap_expired,0.522206768,212.55,Consumer Cyclical,17.86
4890,ULTA,2019-03-19,2019-07-09,4,2,False,True,,gap_expired,-0.425944216,335.0,Consumer Cyclical,13.56
4891,ULTA,2019-09-16,2019-12-06,4,4,False,True,,gap_expired,-0.089036451,225.69,Consumer Cyclical,14.67
4892,ULTA,2020-03-31,2020-06-24,4,4,False,False,,gap_expired,0.226052522,167.94,Consumer Cyclical,53.54
4893,ULTA,2020-10-12,2020-11-23,4,3,False,True,,gap_expired,0.410687094,237.65,Consumer Cyclical,25.07
4894,ULTA,2021-03-01,2021-03-05,2,1,False,False,,gap_expired,-0.028782148,338.87,Consumer Cyclical,23.35
4895,ULTA,2021-09-22,2021-10-15,2,1,False,True,,gap_expired,0.184943733,379.35,Consumer Cyclical,20.87
4896,ULTA,2022-01-26,2022-04-11,4,2,False,False,,gap_expired,0.484704903,359.35,Consumer Cyclical,31.96
4897,ULTA,2022-08-03,2022-08-22,4,1,False,True,,gap_expired,0.062661117,376.63,Consumer Cyclical,21.95
4898,ULTA,2022-11-01,2023-08-02,7,6,True,False,2022-12-05,gap_expired,-0.214998342,412.65,Consumer Cyclical,25.81
4899,ULTA,2024-01-19,2024-01-19,1,1,False,True,,gap_expired,-0.393898577,474.52,Consumer Cyclical,13.3
4900,UMC,2020-10-27,2020-10-27,1,1,False,False,,gap_expired,0.551018006,4.209739128,Technology,33.35
4901,UMC,2021-03-05,2021-03-05,1,1,False,False,,gap_expired,-0.03328716,6.367161646,Technology,24.66
4902,UMC,2021-05-17,2021-05-17,1,1,False,False,,gap_expired,0.035323267,6.517503834,Technology,19.72
4903,UNFI,2020-01-27,2020-03-27,2,2,False,False,,gap_expired,2.945456628,7.24,Consumer Defensive,18.23
4904,UNFI,2021-04-16,2021-04-16,1,1,False,True,,gap_expired,0.125554257,35.76,Consumer Defensive,16.25
4905,UNFI,2022-03-21,2022-03-21,1,1,False,False,,gap_expired,-0.364859363,42.47,Consumer Defensive,23.53
4906,UNH,2018-01-22,2020-11-04,48,17,True,True,2018-04-09,gap_expired,0.160165727,213.810489233,Healthcare,11.03
4907,UNH,2021-04-22,2021-07-09,5,2,False,False,,gap_expired,0.289015538,365.972861093,Healthcare,18.71
4908,UNH,2021-10-15,2022-01-19,7,2,False,False,,gap_expired,0.387378706,398.771275236,Healthcare,16.3
4909,UNH,2022-05-06,2022-05-06,1,1,False,False,,gap_expired,-0.023664449,459.756603726,Healthcare,30.19
4910,UNH,2022-07-11,2022-08-18,2,1,False,True,,gap_expired,-0.306420043,482.894797253,Healthcare,26.17
4911,UNH,2022-11-15,2023-11-08,8,4,True,True,2022-11-15,gap_expired,-0.078363715,477.463555246,Healthcare,24.54
4912,UNH,2024-06-11,2024-11-06,6,3,True,True,2024-07-17,gap_expired,-0.04909885,482.3542295,Healthcare,12.85
4913,UNM,2024-11-14,2024-11-14,1,1,False,False,,gap_expired,-0.060899825,70.640779188,Financial Services,14.31
4914,UNP,2018-01-12,2018-01-12,1,1,False,True,,gap_expired,0.140345279,119.143075276,Industrials,10.16
4915,UNP,2018-05-22,2018-10-17,9,3,False,True,,gap_expired,0.176201319,119.59603325,Industrials,13.22
4916,UNP,2019-01-18,2019-02-13,2,1,False,False,,gap_expired,-0.096289586,134.391280587,Industrials,17.8
4917,UNP,2019-04-26,2020-01-15,11,4,False,True,,gap_expired,-0.061189034,152.427047338,Industrials,12.73
4918,UNP,2020-04-22,2020-10-26,7,4,True,True,2020-04-23,gap_expired,-0.056413981,138.181924039,Industrials,41.98
4919,UNP,2021-03-22,2021-04-30,6,1,False,True,,gap_expired,-0.155829302,186.177757781,Industrials,18.88
4920,UNP,2021-08-16,2022-05-19,8,5,True,True,2021-09-27,gap_expired,0.014471155,204.663610348,Industrials,16.12
4921,UNP,2023-02-27,2023-03-30,2,1,False,False,,gap_expired,-0.065092922,197.552869115,Industrials,20.95
4922,UNP,2023-11-15,2023-11-15,1,1,False,False,,gap_expired,-0.229883504,207.488287953,Industrials,14.18
4923,UNP,2024-01-31,2024-04-29,2,2,True,False,2024-01-31,gap_expired,-0.243190849,234.433211329,Industrials,14.35
4924,UNP,2024-10-10,2024-10-10,1,1,False,False,,gap_expired,-0.206220211,233.13946774,Industrials,20.93
4925,UNP,2024-12-20,2024-12-20,1,1,False,False,,gap_expired,-0.122690351,220.371558375,Industrials,18.36
4926,UP,2021-09-13,2021-09-13,1,1,False,False,,gap_expired,-0.683163889,78.6,Industrials,19.37
4927,UPS,2018-02-07,2018-02-07,1,1,False,False,,gap_expired,-0.02245802,82.31541256,Industrials,27.73
4928,UPS,2018-07-09,2018-09-07,3,2,False,False,,gap_expired,-0.112787361,81.375138028,Industrials,12.69
4929,UPS,2019-01-16,2019-02-13,2,2,False,False,,gap_expired,-0.03461884,73.7357421,Industrials,19.04
4930,UPS,2019-05-23,2019-07-10,2,1,False,True,,gap_expired,-0.031301338,74.676158437,Industrials,16.92
4931,UPS,2019-12-03,2019-12-03,1,1,False,False,,gap_expired,0.27645474,92.280632314,Industrials,15.96
4932,UPS,2020-03-02,2020-04-30,5,3,False,False,,gap_expired,0.486031466,75.417856006,Industrials,33.42
4933,UPS,2020-07-30,2021-11-29,18,8,True,True,2020-10-14,gap_expired,0.023001576,113.935720332,Industrials,24.76
4934,UPS,2022-06-21,2022-06-21,1,1,False,False,,gap_expired,-0.173687447,145.939081776,Industrials,30.19
4935,UPS,2022-10-20,2022-10-20,1,1,False,False,,gap_expired,-0.220174868,137.472294987,Industrials,29.98
4936,UPS,2023-11-15,2023-11-15,1,1,False,False,,gap_expired,-0.36514993,131.457947628,Industrials,14.18
4937,UPS,2024-09-19,2024-10-25,2,1,False,True,,gap_expired,-0.484095468,118.773968897,Industrials,16.33
4938,UPST,2021-01-15,2021-01-15,1,1,False,False,,gap_expired,0.668118655,58.13,Financial Services,24.34
4939,UPST,2021-03-19,2021-04-16,2,2,False,True,,gap_expired,-0.170703263,127.94,Financial Services,20.95
4940,UPST,2021-07-08,2022-03-24,10,8,False,True,,gap_expired,-0.681116001,122.95,Financial Services,19.0
4941,UPWK,2020-05-11,2020-06-18,2,1,False,True,,gap_expired,1.707059864,12.28,Communication Services,27.57
4942,UPWK,2021-02-04,2021-02-24,2,1,False,False,,gap_expired,-0.62777203,50.71,Communication Services,21.77
4943,UPWK,2021-07-21,2021-10-12,3,3,False,True,,gap_expired,-0.515904526,55.74,Communication Services,17.91
4944,URBN,2018-04-06,2018-04-06,1,1,False,False,,gap_expired,-0.263649262,39.0,Consumer Cyclical,21.49
4945,URBN,2018-06-11,2018-09-26,4,2,False,False,,gap_expired,-0.575443254,48.0,Consumer Cyclical,12.35
4946,URBN,2024-06-26,2024-06-26,1,1,False,False,,gap_expired,0.5719317,42.82,Consumer Cyclical,12.55
4947,URI,2018-03-06,2018-04-19,4,1,False,True,,gap_expired,-0.359964587,176.62494528,Industrials,18.36
4948,URI,2018-07-09,2018-08-16,2,1,False,False,,gap_expired,-0.267177981,153.056335543,Industrials,12.69
4949,URI,2018-12-12,2019-01-24,3,2,False,False,,gap_expired,0.261835435,106.537365648,Industrials,21.46
4950,URI,2019-07-16,2019-07-16,1,1,False,True,,gap_expired,0.067902027,132.048441887,Industrials,12.86
4951,URI,2019-12-18,2019-12-18,1,1,False,True,,gap_expired,0.184611275,160.922213492,Industrials,12.58
4952,URI,2021-03-22,2021-03-22,1,1,False,False,,gap_expired,-0.005672723,297.73454241,Industrials,18.88
4953,URI,2022-04-14,2022-04-14,1,1,False,False,,gap_expired,-0.031665477,318.88748925,Industrials,22.7
4954,URI,2022-08-24,2022-08-24,1,1,False,True,,gap_expired,0.407453273,299.396687913,Industrials,22.82
4955,URI,2023-03-08,2023-03-28,2,2,False,True,,gap_expired,0.11127208,462.929666708,Industrials,19.11
4956,URI,2023-08-15,2023-08-15,1,1,False,True,,gap_expired,0.229481819,470.205312232,Industrials,16.46
4957,URI,2023-11-17,2023-11-17,1,1,False,False,,gap_expired,0.44201782,458.332433225,Industrials,13.8
4958,URI,2024-08-19,2024-08-19,1,1,False,False,,gap_expired,0.134393415,710.67057984,Industrials,14.65
4959,USB,2018-07-19,2018-07-19,1,1,False,False,,gap_expired,0.03328986,37.8304353,Financial Services,12.87
4960,USB,2020-01-03,2020-01-03,1,1,False,False,,gap_expired,-0.332721148,44.063558098,Financial Services,14.02
4961,USB,2023-11-03,2023-11-14,2,1,False,False,,gap_expired,0.129976606,32.269971665,Financial Services,14.91
4962,USFD,2023-09-06,2023-09-06,1,1,False,False,,gap_expired,0.205632958,39.21,Consumer Defensive,14.45
4963,USO,2022-08-05,2022-08-05,1,1,False,False,,gap_expired,-0.041949625,71.59,ETF,21.15
4964,USO,2024-01-11,2024-01-11,1,1,False,False,,gap_expired,-0.040829571,69.38,ETF,12.44
4965,UTX,2018-01-09,2018-07-30,8,3,False,True,,gap_expired,-0.053414296,130.02849491,Industrials,10.08
4966,UTX,2018-11-26,2019-06-14,10,3,False,True,,gap_expired,0.012330925,121.58319477,Industrials,18.9
4967,UTX,2019-09-26,2019-10-18,3,1,False,True,,gap_expired,-0.170119278,137.189412621,Industrials,16.07
4968,UTX,2020-01-24,2020-01-24,1,1,False,False,,gap_expired,-0.04508267,150.540019149,Industrials,14.56
4969,UTZ,2020-09-08,2020-09-10,2,1,False,False,,gap_expired,-0.309983623,17.515594751,Consumer Defensive,31.46
4970,UTZ,2020-11-23,2020-12-02,2,1,False,False,,gap_expired,-0.514677957,18.38781549,Consumer Defensive,22.66
4971,UTZ,2021-02-10,2021-03-19,2,1,False,True,,gap_expired,-0.553502747,23.732299401,Consumer Defensive,21.99
4972,UTZ,2021-05-24,2021-05-24,1,1,False,False,,gap_expired,-0.3974898,21.873977404,Consumer Defensive,18.4
4973,UWM,2021-03-24,2021-04-19,2,2,False,True,,gap_expired,-0.25383514,48.814927492,ETF,21.2
4974,V,2018-03-06,2018-03-06,1,1,False,False,,gap_expired,0.201577222,113.516365478,Financial Services,18.36
4975,V,2018-06-06,2018-12-12,11,3,False,True,,gap_expired,0.201162136,129.167478669,Financial Services,11.64
4976,V,2019-05-03,2019-05-03,1,1,False,False,,gap_expired,0.125131237,150.622100948,Financial Services,12.87
4977,V,2019-07-11,2020-01-16,9,3,False,True,,gap_expired,-0.022138525,172.917873689,Financial Services,12.93
4978,V,2020-04-06,2020-04-06,1,1,False,True,,gap_expired,-0.264370294,170.26991335,Financial Services,45.24
4979,V,2020-11-23,2021-02-22,4,2,False,True,,gap_expired,-0.351721581,202.914063755,Financial Services,22.66
4980,V,2021-05-03,2021-05-10,2,1,False,True,,gap_expired,-0.10779687,223.229041957,Financial Services,18.31
4981,V,2021-10-29,2021-12-22,2,1,False,True,,gap_expired,0.069637499,206.353469303,Financial Services,16.26
4982,V,2022-04-27,2022-05-17,2,1,False,False,,gap_expired,-0.015599203,213.754739216,Financial Services,31.6
4983,V,2022-08-11,2022-08-11,1,1,False,True,,gap_expired,0.005967665,207.338914968,Financial Services,20.2
4984,V,2023-05-01,2023-05-01,1,1,True,False,2023-05-01,gap_expired,-0.072454315,226.733219972,Financial Services,16.08
4985,V,2023-09-28,2023-09-28,1,1,False,False,,gap_expired,-0.133447711,228.475654491,Financial Services,17.34
4986,V,2024-01-08,2024-01-08,1,1,False,False,,gap_expired,-0.062505249,257.636450784,Financial Services,13.08
4987,V,2024-03-26,2024-05-13,2,1,False,False,,gap_expired,0.174008935,276.09636991,Financial Services,13.24
4988,V,2024-10-07,2024-10-07,1,1,False,True,,gap_expired,0.101022392,271.683054571,Financial Services,22.64
4989,VALE,2018-03-08,2018-03-08,1,1,False,False,,gap_expired,0.023691496,6.651402322,Basic Materials,16.54
4990,VALE,2020-08-03,2020-08-03,1,1,False,True,,gap_expired,-0.011254666,6.180331246,Basic Materials,24.28
4991,VALE,2021-05-24,2021-05-24,1,1,False,False,,gap_expired,0.026593444,12.588545778,Basic Materials,18.4
4992,VALE,2022-04-19,2022-04-19,1,1,False,False,,gap_expired,-0.104316385,13.019798317,Basic Materials,21.37
4993,VALE,2023-01-30,2023-01-30,1,1,False,False,,gap_expired,-0.434709993,13.805540035,Basic Materials,19.94
4994,VALE,2024-04-18,2024-04-18,1,1,False,False,,gap_expired,-0.209042249,10.003618225,Basic Materials,18.0
4995,VCEL,2021-12-23,2021-12-23,1,1,False,False,,gap_expired,-0.260579676,42.0,Healthcare,17.96
4996,VEEV,2018-10-17,2019-03-11,5,3,False,True,,gap_expired,0.423287109,95.54,Healthcare,17.4
4997,VEEV,2019-06-17,2019-08-22,3,2,False,True,,gap_expired,0.272370925,167.9,Healthcare,15.35
4998,VEEV,2019-11-01,2019-11-01,1,1,False,False,,gap_expired,0.74297977,146.01,Healthcare,12.3
4999,VEEV,2020-01-08,2020-02-13,2,1,False,False,,gap_expired,0.834076915,142.5,Healthcare,13.45
5000,VEEV,2020-07-23,2020-07-23,1,1,False,False,,gap_expired,-0.081054803,250.0,Healthcare,26.08
5001,VEEV,2020-12-03,2020-12-03,1,1,False,True,,gap_expired,-0.308465304,273.83,Healthcare,21.28
5002,VEEV,2021-06-28,2021-06-28,1,1,False,False,,gap_expired,-0.275564752,319.09,Healthcare,15.76
5003,VEEV,2023-05-19,2023-05-19,1,1,False,False,,gap_expired,-0.032343725,164.4,Healthcare,16.81
5004,VEEV,2023-10-09,2023-10-09,1,1,False,False,,gap_expired,-0.361605212,212.87,Healthcare,17.7
5005,VERU,2020-02-08,2020-02-08,1,1,False,True,,gap_expired,-0.801131159,152.0,Healthcare,
5006,VERU,2020-12-14,2020-12-14,1,1,False,False,,gap_expired,-0.753321964,114.0,Healthcare,24.72
5007,VERU,2021-04-26,2021-04-26,1,1,False,False,,gap_expired,0.357839696,96.3,Healthcare,17.64
5008,VERU,2021-07-15,2021-07-15,1,1,False,True,,gap_expired,1.448194915,70.1,Healthcare,17.01
5009,VERU,2021-11-10,2021-11-10,1,1,False,False,,gap_expired,-0.125793884,88.6,Healthcare,18.73
5010,VERU,2022-04-19,2022-04-26,2,1,False,False,,gap_expired,-0.820732146,120.3,Healthcare,21.37
5011,VERX,2021-12-13,2021-12-13,1,1,False,True,,gap_expired,0.029298364,17.44,Technology,20.31
5012,VERX,2023-12-26,2024-02-15,2,1,False,False,,gap_expired,0.714777383,26.59,Technology,12.99
5013,VERX,2024-06-21,2024-06-21,1,1,False,False,,gap_expired,-0.167232113,35.01,Technology,13.2
5014,VERX,2024-09-24,2024-09-24,1,1,False,False,,gap_expired,-0.494476473,37.26,Technology,15.39
5015,VERX,2024-12-30,2024-12-30,1,1,False,False,,gap_expired,-0.813642584,53.46,Technology,17.4
5016,VFC,2018-04-06,2018-04-06,1,1,False,False,,gap_expired,0.06225464,57.188753054,Consumer Cyclical,21.49
5017,VFC,2018-06-21,2018-06-21,1,1,False,True,,gap_expired,0.041967046,62.277574424,Consumer Cyclical,14.64
5018,VFC,2018-09-07,2018-10-22,4,2,False,False,,gap_expired,0.04258539,67.429309879,Consumer Cyclical,14.88
5019,VFC,2019-01-11,2019-01-28,2,2,False,False,,gap_expired,0.18204545,53.661971097,Consumer Cyclical,18.19
5020,VFC,2019-04-04,2019-04-04,1,1,False,True,,gap_expired,-0.275752422,68.361344785,Consumer Cyclical,13.58
5021,VFC,2019-10-18,2019-10-18,1,1,False,False,,gap_expired,-0.371191273,76.267408913,Consumer Cyclical,14.25
5022,VFC,2020-09-15,2020-09-15,1,1,False,False,,gap_expired,-0.383930351,63.057594225,Consumer Cyclical,25.59
5023,VFC,2021-03-23,2021-05-03,2,2,False,True,,gap_expired,-0.405548244,65.456156574,Consumer Cyclical,20.3
5024,VFC,2023-01-04,2023-01-04,1,1,False,False,,gap_expired,-0.086727883,26.464857033,Consumer Cyclical,22.01
5025,VFF,2019-08-14,2019-08-14,1,1,False,False,,gap_expired,-0.778811327,13.39,Consumer Defensive,22.1
5026,VGK,2018-01-25,2018-01-25,1,1,False,False,,gap_expired,-0.102738804,48.859024497,ETF,11.58
5027,VGK,2018-04-03,2018-04-03,1,1,False,False,,gap_expired,-0.143950543,44.274787729,ETF,21.1
5028,VGK,2019-03-15,2019-03-15,1,1,False,False,,gap_expired,-0.151986006,43.745938262,ETF,12.88
5029,VIAV,2020-06-10,2020-06-10,1,1,False,False,,gap_expired,0.000140753,12.75,Technology,27.57
5030,VICI,2018-07-12,2018-07-12,1,1,False,False,,gap_expired,0.025273759,14.04386666,Real Estate,12.58
5031,VICI,2019-07-08,2019-08-26,2,1,False,True,,gap_expired,-0.125956076,15.701919378,Real Estate,13.96
5032,VICI,2021-08-24,2021-08-24,1,1,False,False,,gap_expired,0.264464258,23.449777779,Real Estate,17.22
5033,VICI,2022-01-28,2022-01-28,1,1,False,True,,gap_expired,0.338517827,22.762193147,Real Estate,27.66
5034,VICI,2022-06-14,2022-07-21,3,2,False,True,,gap_expired,0.005149703,23.267531598,Real Estate,32.69
5035,VICI,2022-10-18,2022-10-18,1,1,False,False,,gap_expired,-0.204268007,25.384218382,Real Estate,30.5
5036,VICI,2022-12-21,2023-04-21,5,2,False,True,,gap_expired,-0.235437301,27.578391454,Real Estate,20.07
5037,VICI,2023-08-07,2023-09-07,2,1,False,False,,gap_expired,-0.138277799,27.043217724,Real Estate,15.77
5038,VICI,2024-10-07,2024-10-07,1,1,False,True,,gap_expired,-0.152934969,30.291997662,Real Estate,22.64
5039,VIK,2024-05-02,2024-05-02,1,1,False,False,,gap_expired,0.438581984,27.755,Consumer Cyclical,14.68
5040,VIK,2024-07-16,2024-07-16,1,1,False,False,,gap_expired,0.443653522,36.61,Consumer Cyclical,13.19
5041,VIK,2024-09-19,2024-11-15,3,2,False,False,,gap_expired,0.592473133,34.0,Consumer Cyclical,16.33
5042,VIR,2021-12-02,2021-12-02,1,1,False,False,,gap_expired,-0.30423011,45.875,Healthcare,27.95
5043,VIRT,2020-05-18,2020-05-18,1,1,False,False,,gap_expired,-0.128078972,18.669642005,Financial Services,29.3
5044,VIRT,2021-05-25,2021-05-25,1,1,False,False,,gap_expired,-0.04495896,24.353616587,Financial Services,18.84
5045,VKTX,2023-05-18,2023-05-18,1,1,False,False,,gap_expired,-0.596552726,23.28,Healthcare,16.05
5046,VKTX,2023-10-10,2023-10-10,1,1,False,False,,gap_expired,0.730813695,11.5,Healthcare,17.03
5047,VLO,2018-04-09,2018-06-04,2,2,False,False,,gap_expired,-0.172162591,70.963815293,Energy,21.77
5048,VLO,2018-10-15,2018-10-30,2,2,False,False,,gap_expired,-0.204051847,77.24718634,Energy,21.3
5049,VLO,2022-05-18,2022-05-18,1,1,False,False,,gap_expired,-0.137216714,108.410051943,Energy,30.96
5050,VLO,2022-10-11,2022-10-11,1,1,False,False,,gap_expired,0.065823712,98.107664117,Energy,33.63
5051,VLO,2023-09-18,2023-09-18,1,1,False,False,,gap_expired,-0.003354805,137.165796872,Energy,14.0
5052,VLO,2024-03-20,2024-05-02,2,1,False,False,,gap_expired,-0.315712262,160.736791068,Energy,13.04
5053,VLO,2024-11-06,2024-11-06,1,1,False,False,,gap_expired,0.180148244,132.736282709,Energy,16.27
5054,VLTO,2023-10-04,2023-10-06,2,1,False,True,,gap_expired,0.105825417,75.581068515,Industrials,18.58
5055,VLTO,2024-09-06,2024-09-06,1,1,False,True,,gap_expired,-0.227664024,109.411647484,Industrials,22.38
5056,VLY,2018-01-30,2018-03-01,2,1,False,False,,gap_expired,-0.140230836,8.908538582,Financial Services,14.79
5057,VLY,2018-08-21,2018-08-21,1,1,False,False,,gap_expired,-0.141390768,8.667400005,Financial Services,12.86
5058,VLY,2019-07-29,2019-09-16,2,1,False,True,,gap_expired,-0.363401097,8.141745768,Financial Services,12.83
5059,VLY,2023-01-17,2023-01-17,1,1,False,False,,gap_expired,-0.25159969,9.613116686,Financial Services,19.36
5060,VMC,2021-06-14,2021-06-14,1,1,False,False,,gap_expired,0.003876869,164.31169843,Basic Materials,16.39
5061,VMC,2023-04-03,2023-04-03,1,1,False,False,,gap_expired,0.297355133,169.340700197,Basic Materials,18.55
5062,VMC,2023-08-17,2023-08-17,1,1,False,False,,gap_expired,-0.138089527,208.166825695,Basic Materials,17.89
5063,VMW,2018-01-02,2018-03-29,5,3,False,True,,gap_expired,0.348983855,87.299687197,Technology,9.77
5064,VMW,2018-05-30,2018-09-28,5,3,False,True,,gap_expired,0.44911126,93.858368351,Technology,14.94
5065,VMW,2018-12-07,2019-12-11,22,7,False,True,,gap_expired,-0.081397047,107.704692464,Technology,23.23
5066,VMW,2020-02-10,2020-02-21,3,1,False,False,,gap_expired,-0.260623627,130.422755577,Technology,15.04
5067,VMW,2020-06-04,2020-06-29,5,3,False,False,,gap_expired,-0.270372918,122.187282008,Technology,25.81
5068,VNO,2018-11-12,2018-11-12,1,1,False,False,,gap_expired,-0.189198784,51.420124096,Real Estate,20.45
5069,VNOM,2024-04-03,2024-04-03,1,1,False,True,,gap_expired,0.06461022,34.631913146,Energy,14.33
5070,VNOM,2024-10-23,2024-10-23,1,1,False,True,,gap_expired,-0.458956205,48.427227013,Energy,19.24
5071,VNT,2023-03-31,2023-04-27,3,2,True,False,2023-04-06,gap_expired,0.299762882,27.069537092,Technology,18.7
5072,VOO,2019-02-20,2019-02-20,1,1,False,False,,gap_expired,0.001477936,228.668795287,ETF,14.02
5073,VRM,2020-07-02,2020-07-02,1,1,False,False,,gap_expired,-0.644936467,56.488,Financial Services,27.68
5074,VRME,2023-06-21,2023-06-21,1,1,False,False,,gap_expired,-0.246451957,1.38,Industrials,13.2
5075,VRSK,2024-03-04,2024-03-04,1,1,False,False,,gap_expired,0.113346587,237.514802199,Industrials,13.49
5076,VRT,2020-02-13,2020-02-13,1,1,False,False,,gap_expired,0.442780738,13.036515383,Industrials,14.15
5077,VRT,2020-10-13,2020-12-07,2,1,False,False,,gap_expired,-0.038322609,18.340718685,Industrials,26.07
5078,VRT,2022-01-06,2022-01-06,1,1,False,False,,gap_expired,-0.229331557,23.387745976,Industrials,19.61
5079,VRT,2022-10-24,2022-10-24,1,1,False,False,,gap_expired,1.405357919,13.835442677,Industrials,29.85
5080,VRT,2023-08-02,2023-08-02,1,1,False,True,,gap_expired,0.81761949,33.991868423,Industrials,16.09
5081,VRT,2023-10-30,2023-11-30,3,2,False,True,,gap_expired,1.493151116,37.909431247,Industrials,19.75
5082,VRT,2024-02-22,2024-12-18,14,8,True,True,2024-05-09,gap_expired,0.374323671,63.254015591,Industrials,14.54
5083,VRTX,2020-01-10,2020-05-11,5,3,False,True,,gap_expired,-0.182154587,229.38,Healthcare,12.56
5084,VRTX,2020-08-17,2020-08-17,1,1,False,False,,gap_expired,-0.609122355,275.0,Healthcare,21.35
5085,VRTX,2021-02-23,2021-02-23,1,1,False,False,,gap_expired,-0.037859672,215.82,Healthcare,23.11
5086,VRTX,2021-06-15,2021-06-15,1,1,False,False,,gap_expired,0.432511384,189.572,Healthcare,17.02
5087,VRTX,2022-01-04,2022-01-04,1,1,False,False,,gap_expired,0.479568943,222.2,Healthcare,16.91
5088,VRTX,2022-06-22,2022-06-22,1,1,False,False,,gap_expired,0.099251852,275.0,Healthcare,28.95
5089,VRTX,2022-10-27,2022-10-27,1,1,False,True,,gap_expired,0.08080624,302.0,Healthcare,27.39
5090,VRTX,2023-03-24,2023-04-14,3,1,False,True,,gap_expired,-0.006958216,314.68,Healthcare,21.74
5091,VRTX,2023-10-05,2024-04-08,5,3,False,True,,gap_expired,-0.082476534,354.61,Healthcare,18.49
5092,VRTX,2024-07-22,2024-08-28,2,1,False,True,,gap_expired,-0.089242604,494.69,Healthcare,14.91
5093,VRTX,2024-12-16,2024-12-16,1,1,False,False,,gap_expired,-0.126517237,468.07,Healthcare,14.69
5094,VSCO,2021-08-23,2021-08-23,1,1,False,False,,gap_expired,-0.346561694,65.0,Consumer Cyclical,17.15
5095,VSCO,2022-01-24,2022-01-24,1,1,False,False,,gap_expired,-0.216531202,54.06,Consumer Cyclical,29.9
5096,VSH,2021-09-29,2021-09-29,1,1,False,False,,gap_expired,0.056191663,18.747531616,Technology,22.56
5097,VST,2018-04-16,2018-04-16,1,1,False,False,,gap_expired,0.030242612,18.96551745,Utilities,16.56
5098,VST,2018-07-12,2018-07-12,1,1,False,False,,gap_expired,-0.134592507,19.769697956,Utilities,12.58
5099,VST,2023-07-19,2023-07-19,1,1,False,False,,gap_expired,1.712885144,26.573817384,Utilities,13.76
5100,VST,2024-05-30,2024-12-02,7,5,False,True,,gap_expired,0.358240964,104.670601812,Utilities,14.47
5101,VSTM,2018-09-27,2018-09-27,1,1,False,False,,gap_expired,-0.864159226,84.0,Healthcare,12.41
5102,VSTO,2020-11-10,2020-12-11,2,2,False,False,,gap_expired,0.65504459,22.08,Consumer Cyclical,24.8
5103,VSTO,2021-03-22,2021-03-30,2,1,False,False,,gap_expired,-0.018772368,33.31,Consumer Cyclical,18.88
5104,VSTO,2021-06-24,2021-06-24,1,1,False,False,,gap_expired,-0.267850232,46.28,Consumer Cyclical,15.97
5105,VSTO,2022-01-27,2022-01-27,1,1,False,False,,gap_expired,-0.152337128,36.58,Consumer Cyclical,30.49
5106,VSTO,2022-11-22,2022-11-22,1,1,False,False,,gap_expired,-0.101119682,26.72,Consumer Cyclical,21.29
5107,VTI,2019-03-15,2019-03-15,1,1,False,False,,gap_expired,-0.022269034,130.347352462,ETF,12.88
5108,VTI,2024-08-30,2024-08-30,1,1,True,False,2024-08-30,gap_expired,0.000120347,271.745775659,ETF,15.0
5109,VTNR,2022-05-18,2022-05-18,1,1,False,False,,gap_expired,-0.620024897,14.71,Energy,30.96
5110,VTR,2018-01-16,2018-04-30,4,2,False,True,,gap_expired,0.208051632,39.056793286,Real Estate,11.66
5111,VTR,2018-10-17,2018-11-27,3,2,False,False,,gap_expired,0.281070741,41.343780651,Real Estate,17.4
5112,VTR,2019-02-01,2019-04-03,3,2,False,True,,gap_expired,0.038276747,47.823928215,Real Estate,16.14
5113,VTR,2019-08-12,2019-10-04,5,1,False,False,,gap_expired,-0.242987092,55.4909172,Real Estate,21.09
5114,VTR,2020-02-14,2020-03-23,3,2,False,True,,gap_expired,-0.292109023,47.643883908,Real Estate,13.68
5115,VTR,2021-08-09,2021-09-17,2,1,True,False,2021-08-09,gap_expired,-0.034156581,49.095987579,Real Estate,16.72
5116,VTR,2022-04-13,2022-04-13,1,1,False,False,,gap_expired,-0.199573339,53.946255182,Real Estate,21.82
5117,VTR,2022-10-10,2022-10-10,1,1,False,False,,gap_expired,-0.016264127,32.848533914,Real Estate,32.45
5118,VTR,2023-08-21,2023-08-21,1,1,False,False,,gap_expired,0.052612026,38.583225326,Real Estate,17.13
5119,VTS,2023-07-19,2023-07-19,1,1,False,False,,gap_expired,-0.085092535,19.200800328,Energy,13.76
5120,VVV,2022-03-03,2022-03-03,1,1,False,False,,gap_expired,0.221259214,30.862720491,Consumer Cyclical,30.48
5121,VZ,2018-01-29,2019-10-10,34,9,False,True,,gap_expired,0.087836386,35.088478638,Communication Services,13.84
5122,VZ,2020-01-14,2021-06-25,24,8,True,True,2020-04-06,gap_expired,-0.172618614,41.762126922,Communication Services,12.39
5123,VZ,2021-11-23,2021-11-23,1,1,False,True,,gap_expired,-0.079188025,39.295467074,Communication Services,19.38
5124,VZ,2022-01-25,2022-03-23,4,1,False,False,,gap_expired,-0.117863699,40.531529628,Communication Services,31.16
5125,VZ,2022-06-14,2022-08-03,5,1,False,True,,gap_expired,-0.401324508,38.381971694,Communication Services,32.69
5126,VZ,2022-11-21,2022-11-21,1,1,False,True,,gap_expired,-0.128579698,31.179206323,Communication Services,22.36
5127,VZ,2023-04-06,2023-06-20,3,2,False,True,,gap_expired,-0.183860724,32.500157617,Communication Services,18.4
5128,VZ,2024-01-04,2024-04-02,4,2,False,False,,gap_expired,-0.223505361,34.012143382,Communication Services,14.13
5129,W,2019-03-27,2019-03-27,1,1,False,True,,gap_expired,-0.617665857,151.93,Consumer Cyclical,15.15
5130,W,2020-04-30,2020-04-30,1,1,False,True,,gap_expired,0.832589038,120.67,Consumer Cyclical,34.15
5131,W,2020-07-15,2020-07-15,1,1,False,True,,gap_expired,-0.065691812,214.86,Consumer Cyclical,27.76
5132,W,2020-10-08,2020-10-08,1,1,False,False,,gap_expired,-0.527246927,312.96,Consumer Cyclical,26.36
5133,W,2021-11-19,2021-11-19,1,1,False,True,,gap_expired,-0.742496336,276.26,Consumer Cyclical,17.91
5134,W,2024-02-28,2024-02-28,1,1,False,False,,gap_expired,-0.578530258,58.87,Consumer Cyclical,13.84
5135,W,2024-05-10,2024-05-10,1,1,False,False,,gap_expired,-0.613278384,72.97,Consumer Cyclical,12.55
5136,WAB,2024-01-18,2024-03-04,2,2,False,False,,gap_expired,0.347794291,126.059729983,Industrials,14.13
5137,WAT,2022-02-04,2022-02-04,1,1,False,False,,gap_expired,0.123760668,325.33,Healthcare,23.22
5138,WBD,2018-01-11,2018-01-11,1,1,False,True,,gap_expired,0.166128475,24.07,Communication Services,9.88
5139,WBD,2018-06-11,2018-06-11,1,1,False,False,,gap_expired,0.192161305,23.91,Communication Services,12.35
5140,WBD,2022-01-12,2022-01-12,1,1,False,False,,gap_expired,-0.333965943,28.86,Communication Services,17.62
5141,WBD,2024-12-02,2024-12-02,1,1,False,False,,gap_expired,1.333579649,10.5,Communication Services,13.34
5142,WCC,2020-08-13,2020-08-13,1,1,False,False,,gap_expired,1.066719754,46.178505065,Industrials,22.13
5143,WCC,2023-01-09,2023-01-09,1,1,False,False,,gap_expired,0.075504161,127.93873916,Industrials,21.97
5144,WCC,2024-02-28,2024-04-09,2,2,False,False,,gap_expired,-0.023686981,144.05971376,Industrials,13.84
5145,WDAY,2018-02-26,2018-03-12,3,1,False,True,,gap_expired,0.522953104,128.19,Technology,15.8
5146,WDAY,2018-05-30,2018-05-30,1,1,False,False,,gap_expired,0.424730968,132.04,Technology,14.94
5147,WDAY,2018-09-04,2018-09-06,3,1,False,True,,gap_expired,0.075920078,153.0,Technology,13.16
5148,WDAY,2018-11-07,2019-02-28,5,4,False,True,,gap_expired,0.014171972,144.23,Technology,16.36
5149,WDAY,2019-05-09,2019-06-04,6,1,False,False,,gap_expired,-0.207001146,198.78,Technology,19.1
5150,WDAY,2019-08-22,2019-12-04,5,3,False,False,,gap_expired,-0.227458535,196.55,Technology,16.68
5151,WDAY,2020-02-10,2020-02-27,4,2,False,True,,gap_expired,0.216348176,196.0,Technology,15.04
5152,WDAY,2020-05-27,2020-05-27,1,1,False,True,,gap_expired,-0.124771405,180.08,Technology,27.62
5153,WDAY,2020-08-27,2020-08-27,1,1,False,True,,gap_expired,-0.182724097,240.0,Technology,24.47
5154,WDAY,2021-02-26,2021-02-26,1,1,False,False,,gap_expired,-0.22636258,248.67,Technology,27.95
5155,WDAY,2021-05-26,2021-05-26,1,1,False,True,,gap_expired,-0.25408596,232.495,Technology,17.36
5156,WDAY,2021-10-19,2021-11-18,3,1,False,False,,gap_expired,-0.298209034,277.5,Technology,15.7
5157,WDAY,2022-02-28,2022-02-28,1,1,False,True,,gap_expired,-0.164275893,245.98,Technology,30.15
5158,WDAY,2022-11-30,2022-11-30,1,1,False,False,,gap_expired,0.490809151,165.61,Technology,20.58
5159,WDAY,2024-01-16,2024-02-23,3,2,True,False,2024-01-16,gap_expired,-0.387379769,278.8,Technology,13.84
5160,WDC,2018-03-05,2018-03-06,2,1,False,False,,gap_expired,-0.49185157,62.922041362,Technology,18.73
5161,WDC,2018-05-08,2018-05-08,1,1,False,True,,gap_expired,-0.4858561,54.191735389,Technology,14.71
5162,WDC,2018-07-30,2018-07-30,1,1,False,False,,gap_expired,-0.253661066,49.63937263,Technology,14.26
5163,WDC,2019-01-07,2019-01-07,1,1,False,False,,gap_expired,-0.37069032,49.937077358,Technology,21.4
5164,WDC,2019-12-19,2020-01-24,2,2,False,False,,gap_expired,-0.275115194,43.948681165,Technology,12.5
5165,WDC,2020-03-25,2020-03-25,1,1,False,False,,gap_expired,-0.045125458,32.313138504,Technology,63.95
5166,WDC,2021-07-28,2021-07-28,1,1,False,False,,gap_expired,-0.182504592,48.152520446,Technology,18.31
5167,WDC,2023-05-19,2023-05-19,1,1,False,True,,gap_expired,0.638687962,28.792218907,Technology,16.81
5168,WDFC,2019-01-28,2019-01-28,1,1,False,False,,gap_expired,-0.167141689,156.974176524,Basic Materials,18.87
5169,WDS,2022-06-15,2022-06-15,1,1,False,False,,gap_expired,0.00373151,16.945900003,Energy,29.62
5170,WEC,2018-09-20,2018-09-20,1,1,False,False,,gap_expired,0.434198479,52.654555799,Utilities,11.8
5171,WEC,2019-10-23,2019-10-23,1,1,False,False,,gap_expired,-0.04483019,75.620566095,Utilities,14.01
5172,WELL,2021-08-05,2021-08-05,1,1,False,False,,gap_expired,0.020228935,77.238542664,Real Estate,17.28
5173,WEN,2018-01-24,2018-01-24,1,1,False,False,,gap_expired,0.117598053,12.835532124,Consumer Cyclical,11.47
5174,WEN,2018-04-24,2018-05-14,2,1,False,False,,gap_expired,-0.002675499,13.026426789,Consumer Cyclical,18.02
5175,WEN,2018-07-19,2018-07-19,1,1,False,True,,gap_expired,-0.007845868,13.691050065,Consumer Cyclical,12.87
5176,WEN,2018-11-02,2018-11-02,1,1,False,False,,gap_expired,0.094464906,13.289199998,Consumer Cyclical,19.51
5177,WEN,2019-03-14,2019-06-03,3,2,False,False,,gap_expired,-0.115802241,13.232296936,Consumer Cyclical,13.5
5178,WEN,2019-08-27,2020-12-03,17,8,False,True,,gap_expired,-0.217838685,16.957450864,Consumer Cyclical,20.31
5179,WEN,2021-03-03,2021-03-03,1,1,False,False,,gap_expired,-0.063119057,16.629894727,Consumer Cyclical,26.67
5180,WEN,2021-05-12,2021-06-09,3,3,False,True,,gap_expired,-0.210360978,18.684127411,Consumer Cyclical,27.59
5181,WEN,2021-08-11,2021-08-11,1,1,False,False,,gap_expired,-0.033450642,19.019537783,Consumer Cyclical,16.06
5182,WEN,2021-10-11,2021-11-05,2,1,False,True,,gap_expired,0.063248657,18.153000574,Consumer Cyclical,20.0
5183,WEN,2022-05-03,2022-05-03,1,1,False,False,,gap_expired,0.205421091,16.025326702,Consumer Cyclical,29.25
5184,WEN,2023-05-10,2023-06-21,2,1,False,False,,gap_expired,-0.450225624,19.903941432,Consumer Cyclical,16.94
5185,WEN,2023-08-22,2023-08-22,1,1,False,False,,gap_expired,-0.421217365,17.657491805,Consumer Cyclical,16.97
5186,WES,2018-07-31,2018-07-31,1,1,False,True,,gap_expired,-0.2669825,17.916526075,Energy,12.83
5187,WES,2022-05-05,2022-05-05,1,1,False,False,,gap_expired,0.079427971,18.378576341,Energy,31.2
5188,WEX,2019-07-09,2019-07-09,1,1,True,False,2019-07-09,gap_expired,-0.365615076,218.03,Technology,14.09
5189,WEX,2020-07-16,2020-07-16,1,1,False,False,,gap_expired,-0.223544786,164.44,Technology,28.0
5190,WFC,2018-01-04,2018-02-02,3,1,False,True,,gap_expired,-0.180518803,49.983364199,Financial Services,9.22
5191,WFC,2018-07-09,2018-07-16,3,1,False,True,,gap_expired,-0.241618286,46.058969058,Financial Services,12.69
5192,WFC,2018-10-12,2018-10-12,1,1,False,False,,gap_expired,-0.151393932,43.34689378,Financial Services,21.31
5193,WFC,2019-01-11,2019-04-11,5,2,False,False,,gap_expired,-0.206233575,38.943383769,Financial Services,18.19
5194,WFC,2019-06-14,2019-06-14,1,1,False,True,,gap_expired,-0.041510954,38.064485272,Financial Services,15.28
5195,WFC,2019-09-13,2019-11-15,3,2,False,False,,gap_expired,-0.227305265,40.925251611,Financial Services,13.74
5196,WFC,2020-02-08,2020-05-27,4,4,False,False,,gap_expired,0.622681659,29.54631594,Financial Services,
5197,WFC,2020-12-01,2021-01-15,3,2,False,True,,gap_expired,0.499792013,24.823649416,Financial Services,20.77
5198,WFC,2021-04-15,2024-12-20,77,22,True,True,2021-04-15,gap_expired,0.039467021,37.962673634,Financial Services,16.57
5199,WGO,2019-10-28,2019-12-13,3,1,False,True,,gap_expired,-0.073599206,44.309253137,Consumer Cyclical,13.11
5200,WGO,2020-04-20,2020-06-02,3,2,False,False,,gap_expired,0.723374617,30.267620609,Consumer Cyclical,43.83
5201,WGO,2020-08-19,2020-08-19,1,1,False,True,,gap_expired,-0.181479057,54.327496743,Consumer Cyclical,22.54
5202,WGO,2020-10-26,2020-10-26,1,1,False,True,,gap_expired,0.004242043,43.562057616,Consumer Cyclical,32.46
5203,WGO,2021-05-03,2021-05-03,1,1,False,False,,gap_expired,-0.303289215,73.283521186,Consumer Cyclical,18.31
5204,WGO,2023-12-05,2023-12-05,1,1,False,False,,gap_expired,-0.491905104,64.067031768,Consumer Cyclical,12.85
5205,WH,2018-06-08,2018-06-08,1,1,False,False,,gap_expired,-0.133458455,54.602283472,Consumer Cyclical,12.18
5206,WH,2018-08-14,2018-08-14,1,1,False,False,,gap_expired,-0.139735135,49.529680136,Consumer Cyclical,13.31
5207,WHR,2018-01-29,2018-01-29,1,1,False,False,,gap_expired,-0.057638491,128.04537941,Consumer Cyclical,13.84
5208,WHR,2019-01-29,2019-01-29,1,1,False,False,,gap_expired,-0.085651772,98.090251809,Consumer Cyclical,19.13
5209,WHR,2019-09-25,2019-09-25,1,1,False,False,,gap_expired,0.067707382,115.543681794,Consumer Cyclical,15.96
5210,WHR,2020-08-20,2020-12-16,5,3,False,False,,gap_expired,-0.098477875,139.58807719,Consumer Cyclical,22.72
5211,WHR,2021-06-28,2021-10-12,4,2,True,True,2021-10-12,gap_expired,-0.151813868,171.306034882,Consumer Cyclical,15.76
5212,WHR,2022-04-04,2022-06-15,3,2,False,False,,gap_expired,-0.148484485,140.409253111,Consumer Cyclical,18.57
5213,WHR,2023-04-25,2023-06-07,2,2,False,False,,gap_expired,-0.50600416,111.018746256,Consumer Cyclical,18.76
5214,WHR,2023-12-14,2023-12-14,1,1,False,False,,gap_expired,-0.246034352,107.491659632,Consumer Cyclical,12.48
5215,WHR,2024-07-22,2024-07-22,1,1,False,True,,gap_expired,-0.133575169,94.717363832,Consumer Cyclical,14.91
5216,WING,2018-09-14,2018-10-31,2,1,False,False,,gap_expired,0.301756534,58.002933356,Consumer Cyclical,12.07
5217,WING,2019-07-11,2019-07-16,2,1,False,True,,gap_expired,0.291428417,86.530455441,Consumer Cyclical,12.93
5218,WING,2019-10-30,2019-10-30,1,1,False,False,,gap_expired,0.262876749,77.964953127,Consumer Cyclical,12.33
5219,WING,2020-02-03,2020-04-08,3,3,False,True,,gap_expired,0.494134636,84.422280068,Consumer Cyclical,17.97
5220,WING,2020-10-12,2020-10-12,1,1,False,False,,gap_expired,0.086411366,119.4054958,Consumer Cyclical,25.07
5221,WING,2021-07-28,2021-07-28,1,1,False,True,,gap_expired,-0.164105842,158.315692411,Consumer Cyclical,18.31
5222,WING,2021-11-03,2021-11-03,1,1,False,False,,gap_expired,0.233205389,143.675056246,Consumer Cyclical,15.1
5223,WING,2022-11-16,2022-12-05,2,1,False,False,,gap_expired,0.256738464,160.025053554,Consumer Cyclical,24.11
5224,WING,2023-05-09,2023-05-18,3,1,False,False,,gap_expired,0.638568818,202.337523208,Consumer Cyclical,17.71
5225,WING,2023-08-10,2023-09-20,3,1,False,False,,gap_expired,1.085894544,160.293555275,Consumer Cyclical,15.85
5226,WING,2024-04-26,2024-05-01,2,1,False,False,,gap_expired,-0.432073802,382.53394718,Consumer Cyclical,15.03
5227,WING,2024-09-10,2024-09-10,1,1,False,False,,gap_expired,-0.513901171,378.62890993,Consumer Cyclical,19.08
5228,WIX,2018-09-28,2018-09-28,1,1,False,True,,gap_expired,-0.059245213,120.53,Technology,12.12
5229,WIX,2018-12-12,2019-02-06,2,2,False,False,,gap_expired,0.124465109,88.95,Technology,21.46
5230,WIX,2020-05-15,2020-08-03,3,3,False,True,,gap_expired,-0.27995425,197.32,Technology,31.89
5231,WIX,2022-10-24,2022-10-24,1,1,False,False,,gap_expired,-0.097045824,79.13,Technology,29.85
5232,WIX,2023-11-27,2023-11-27,1,1,False,True,,gap_expired,0.916710016,97.15,Technology,12.69
5233,WKHS,2020-11-19,2020-11-19,1,1,False,False,,gap_expired,-1.065423498,70260.0,Consumer Cyclical,23.11
5234,WM,2018-01-03,2018-05-22,6,2,True,True,2018-01-03,gap_expired,0.104712446,76.440398184,Industrials,9.15
5235,WM,2018-12-04,2018-12-17,3,1,False,False,,gap_expired,0.025361668,82.107380831,Industrials,20.74
5236,WM,2019-02-27,2019-12-03,11,5,False,True,,gap_expired,0.043401887,89.292470988,Industrials,14.7
5237,WM,2020-02-03,2020-05-27,6,3,False,True,,gap_expired,-0.258192149,111.838336045,Industrials,17.97
5238,WM,2020-10-14,2021-01-20,4,2,True,False,2020-10-14,gap_expired,0.092046028,105.176383566,Industrials,26.4
5239,WM,2022-02-02,2022-02-02,1,1,False,True,,gap_expired,0.127467713,137.864570124,Industrials,22.09
5240,WM,2022-04-06,2022-04-06,1,1,False,False,,gap_expired,0.092373147,152.254037926,Industrials,22.1
5241,WM,2022-08-04,2022-08-04,1,1,False,False,,gap_expired,-0.146152681,159.12265824,Industrials,21.44
5242,WM,2023-10-26,2023-10-26,1,1,False,False,,gap_expired,-0.057760102,157.540775211,Industrials,20.68
5243,WM,2024-02-06,2024-02-06,1,1,False,False,,gap_expired,-0.026346598,184.411303467,Industrials,13.06
5244,WMB,2021-10-19,2021-10-19,1,1,False,False,,gap_expired,0.302097256,23.758422492,Energy,15.7
5245,WMB,2022-07-14,2022-07-14,1,1,False,False,,gap_expired,-0.094580597,27.028800866,Energy,26.4
5246,WMB,2022-11-30,2022-11-30,1,1,False,False,,gap_expired,-0.019914817,30.308928244,Energy,20.58
5247,WMK,2020-06-29,2020-06-29,1,1,False,False,,gap_expired,-0.36647647,44.62187309,Consumer Defensive,31.78
5248,WMS,2021-06-21,2021-06-21,1,1,False,True,,gap_expired,-0.127139389,105.12565134,Industrials,17.89
5249,WMS,2024-05-21,2024-05-21,1,1,False,False,,gap_expired,-0.500259179,177.090239733,Industrials,11.86
5250,WMT,2018-01-02,2018-01-19,3,1,False,False,,gap_expired,0.011548844,28.988942868,Consumer Defensive,9.77
5251,WMT,2018-03-26,2018-09-21,11,3,False,True,,gap_expired,0.054790581,25.949099039,Consumer Defensive,21.03
5252,WMT,2018-12-11,2019-11-15,16,5,False,True,,gap_expired,0.086484816,28.312625834,Consumer Defensive,21.76
5253,WMT,2020-01-24,2022-06-23,48,15,True,True,2020-11-13,gap_expired,0.114678262,34.672521756,Consumer Defensive,14.56
5254,WMT,2023-02-21,2023-05-05,4,2,False,True,,gap_expired,-0.076068533,47.166110973,Consumer Defensive,22.87
5255,WMT,2023-07-10,2024-12-19,31,10,True,True,2024-05-10,gap_expired,0.09109532,50.130568375,Consumer Defensive,15.07
5256,WNC,2022-11-03,2022-11-03,1,1,False,False,,gap_expired,-0.238282146,20.932591353,Industrials,25.3
5257,WOK,2019-07-22,2019-10-31,3,3,False,True,,gap_expired,-0.193644565,33.6,Healthcare,13.53
5258,WOK,2020-03-09,2020-07-28,5,4,False,True,,gap_expired,0.169128127,26.04,Healthcare,54.46
5259,WOK,2020-12-01,2020-12-01,1,1,False,False,,gap_expired,-0.147035017,43.3,Healthcare,20.77
5260,WOOF,2020-02-11,2020-02-11,1,1,False,False,,gap_expired,-0.389927916,25.75,Consumer Cyclical,15.18
5261,WOOF,2021-01-14,2021-01-14,1,1,False,False,,gap_expired,-0.616202126,29.14,Consumer Cyclical,23.25
5262,WOOF,2021-04-07,2021-05-06,2,2,False,True,,gap_expired,-0.162507486,21.12,Consumer Cyclical,17.16
5263,WOOF,2022-03-30,2022-03-30,1,1,False,False,,gap_expired,-0.467742431,19.8,Consumer Cyclical,19.33
5264,WOOF,2024-12-09,2024-12-09,1,1,False,False,,gap_expired,-0.484614041,4.685,Consumer Cyclical,14.19
5265,WPM,2018-06-21,2018-06-21,1,1,False,True,,gap_expired,0.092153296,19.501641501,Basic Materials,14.64
5266,WPM,2023-06-08,2023-06-08,1,1,False,False,,gap_expired,-0.068344186,43.945754382,Basic Materials,13.65
5267,WRBY,2024-05-30,2024-05-30,1,1,False,False,,gap_expired,0.003336707,17.63,Healthcare,14.47
5268,WRLD,2024-04-08,2024-04-08,1,1,False,False,,gap_expired,-0.171294307,143.2,Financial Services,15.19
5269,WSFS,2022-01-07,2022-01-07,1,1,False,False,,gap_expired,-0.007869278,52.888257577,Financial Services,18.76
5270,WSM,2018-07-17,2018-08-23,2,2,False,False,,gap_expired,0.072354637,26.157474969,Consumer Cyclical,12.06
5271,WSM,2019-04-01,2019-05-13,2,1,False,True,,gap_expired,-0.203121391,24.738750378,Consumer Cyclical,13.4
5272,WSM,2020-03-24,2020-03-24,1,1,False,False,,gap_expired,2.433873505,19.345659245,Consumer Cyclical,61.67
5273,WSM,2020-07-01,2020-12-03,5,3,False,True,,gap_expired,0.512955123,38.547883273,Consumer Cyclical,28.62
5274,WSM,2021-03-18,2021-07-14,6,3,False,True,,gap_expired,-0.12842398,73.912148363,Consumer Cyclical,21.58
5275,WSM,2021-11-19,2021-12-16,4,3,False,False,,gap_expired,-0.277972137,99.756098778,Consumer Cyclical,17.91
5276,WSM,2022-03-17,2022-08-25,8,5,False,False,,gap_expired,-0.138691698,74.094081123,Consumer Cyclical,25.67
5277,WSM,2022-11-22,2022-11-22,1,1,False,False,,gap_expired,0.365927772,58.269761929,Consumer Cyclical,21.29
5278,WSM,2023-06-07,2023-06-07,1,1,False,False,,gap_expired,1.069481483,61.729318134,Consumer Cyclical,13.94
5279,WSM,2023-09-13,2023-09-13,1,1,False,False,,gap_expired,0.811197322,68.119430409,Consumer Cyclical,13.48
5280,WSM,2024-03-26,2024-03-26,1,1,False,False,,gap_expired,-0.060460299,151.831009673,Consumer Cyclical,13.24
5281,WSM,2024-06-14,2024-07-11,2,1,False,False,,gap_expired,-0.039444127,146.328047388,Consumer Cyclical,12.66
5282,WSM,2024-11-15,2024-11-20,2,2,False,True,,gap_expired,0.197491683,129.899808489,Consumer Cyclical,16.14
5283,WSO,2022-08-23,2022-08-31,2,1,False,False,,gap_expired,0.188237776,257.610578327,Industrials,24.11
5284,WSO,2023-09-21,2023-09-21,1,1,False,False,,gap_expired,0.118101691,326.329830057,Industrials,17.54
5285,WTW,2021-08-24,2021-08-24,1,1,False,True,,gap_expired,0.049882387,203.692999803,Financial Services,17.22
5286,WU,2021-12-14,2021-12-14,1,1,False,True,,gap_expired,-0.057369581,13.069574465,Financial Services,21.89
5287,WU,2022-03-17,2022-03-17,1,1,False,False,,gap_expired,-0.259085756,13.074540891,Financial Services,25.67
5288,WWE,2018-01-19,2018-01-19,1,1,False,True,,gap_expired,1.452709065,32.397929225,Communication Services,11.27
5289,WWE,2018-07-12,2018-08-09,2,1,False,True,,gap_expired,-0.150957627,74.047847645,Communication Services,12.58
5290,WWE,2018-11-05,2018-11-05,1,1,False,False,,gap_expired,-0.398743686,70.287446919,Communication Services,19.96
5291,WY,2018-02-09,2018-02-09,1,1,False,False,,gap_expired,-0.284962442,24.895003265,Real Estate,29.06
5292,WY,2018-10-30,2018-10-30,1,1,False,True,,gap_expired,0.044763378,19.862654143,Real Estate,23.35
5293,WY,2021-04-13,2021-05-10,2,1,False,True,,gap_expired,0.057603309,30.70453661,Real Estate,16.65
5294,WY,2021-10-19,2021-11-05,2,1,False,False,,gap_expired,0.006470398,31.007264836,Real Estate,15.7
5295,WY,2022-04-29,2022-04-29,1,1,False,False,,gap_expired,-0.265892345,36.448567774,Real Estate,33.4
5296,WY,2023-01-19,2023-01-27,2,1,False,True,,gap_expired,-0.137792251,27.829370087,Real Estate,20.52
5297,WY,2024-07-10,2024-08-26,4,2,False,False,,gap_expired,-0.192334093,26.793885352,Real Estate,12.85
5298,XBIT,2018-11-06,2018-11-06,1,1,False,False,,gap_expired,1.708443502,3.360401515,Healthcare,19.91
5299,XEL,2023-11-20,2023-11-20,1,1,False,False,,gap_expired,-0.097093528,55.708751598,Utilities,13.41
5300,XLB,2019-12-10,2019-12-10,1,1,False,False,,gap_expired,0.026954005,26.384319642,ETF,15.68
5301,XLE,2019-12-10,2019-12-10,1,1,False,False,,gap_expired,-0.016957177,22.490368492,ETF,15.68
5302,XLE,2022-03-14,2022-06-17,4,2,True,False,2022-04-26,gap_expired,0.178363616,31.050770877,ETF,31.77
5303,XLE,2023-09-01,2023-09-01,1,1,True,False,2023-09-01,gap_expired,-0.2499331,42.01631362,ETF,13.09
5304,XLEFF,2020-01-25,2020-02-11,2,1,False,True,,gap_expired,-1.04163869,164.48,Energy,
5305,XLEFF,2020-12-18,2020-12-18,1,1,False,False,,gap_expired,-1.230282779,460.72,Energy,21.57
5306,XLEFF,2021-03-02,2021-03-02,1,1,False,False,,gap_expired,-1.020990664,133.76,Energy,24.1
5307,XLEFF,2021-07-29,2021-07-29,1,1,False,True,,gap_expired,-0.768210331,54.6,Energy,17.7
5308,XLF,2018-02-02,2018-02-02,1,1,False,True,,gap_expired,-0.092255619,24.703987184,ETF,17.31
5309,XLF,2018-07-25,2018-07-25,1,1,False,False,,gap_expired,-0.052888442,24.398538651,ETF,12.29
5310,XLF,2018-12-21,2018-12-21,1,1,False,False,,gap_expired,0.02291165,19.701381125,ETF,30.11
5311,XLF,2019-02-22,2019-02-22,1,1,False,False,,gap_expired,-0.03054441,23.28426008,ETF,13.51
5312,XLF,2019-06-19,2019-06-28,2,1,False,False,,gap_expired,-0.17401965,24.16921443,ETF,14.33
5313,XLF,2020-05-20,2020-05-20,1,1,False,False,,gap_expired,0.324995865,19.834900008,ETF,27.99
5314,XLF,2022-05-04,2022-08-05,3,3,False,False,,gap_expired,-0.059681494,33.377436467,ETF,25.42
5315,XLI,2019-06-28,2019-06-28,1,1,False,False,,gap_expired,-0.159964366,70.137428212,ETF,15.08
5316,XLK,2021-05-25,2021-05-25,1,1,False,False,,gap_expired,0.08870592,22.999987273,ETF,18.84
5317,XLK,2024-11-06,2024-12-30,2,2,False,False,,gap_expired,-0.009169821,42.54207405,ETF,16.27
5318,XLU,2018-12-19,2018-12-19,1,1,False,False,,gap_expired,-0.084771482,21.749779487,ETF,25.58
5319,XLU,2019-10-09,2019-10-09,1,1,False,False,,gap_expired,-0.188691901,26.352700263,ETF,18.64
5320,XLU,2019-12-23,2019-12-23,1,1,False,False,,gap_expired,-0.181913137,26.550210805,ETF,12.61
5321,XLU,2024-03-11,2024-03-11,1,1,False,False,,gap_expired,0.162476379,30.125464507,ETF,15.22
5322,XLU,2024-06-20,2024-06-20,1,1,False,False,,gap_expired,0.063238348,33.281680444,ETF,13.28
5323,XLU,2024-09-23,2024-09-23,1,1,False,False,,gap_expired,-0.055556857,38.511754387,ETF,15.89
5324,XLV,2018-08-29,2018-08-29,1,1,False,False,,gap_expired,-0.032454018,81.640499978,ETF,12.25
5325,XLV,2018-12-21,2018-12-21,1,1,False,False,,gap_expired,-0.094873028,72.86447399,ETF,30.11
5326,XLV,2019-02-22,2019-02-22,1,1,False,False,,gap_expired,-0.066591447,82.52594284,ETF,13.51
5327,XLV,2019-06-28,2019-08-16,2,1,False,False,,gap_expired,0.037492157,83.499657768,ETF,15.08
5328,XLV,2024-05-01,2024-05-01,1,1,False,False,,gap_expired,-0.156763883,137.219427915,ETF,15.39
5329,XME,2019-12-10,2019-12-10,1,1,False,False,,gap_expired,-0.017645725,27.193382743,ETF,15.68
5330,XMTR,2022-01-26,2022-01-26,1,1,False,False,,gap_expired,-0.252824665,48.31,Industrials,31.96
5331,XOM,2018-02-05,2018-02-05,1,1,False,True,,gap_expired,-0.068342961,54.074902308,Energy,37.32
5332,XOM,2018-05-08,2018-06-15,2,1,False,True,,gap_expired,-0.07517594,54.95498163,Energy,14.71
5333,XOM,2018-11-12,2019-01-15,3,2,False,False,,gap_expired,-0.256525695,57.241256125,Energy,20.45
5334,XOM,2019-03-19,2019-05-30,3,2,False,True,,gap_expired,-0.14884076,58.565794427,Energy,13.56
5335,XOM,2020-08-25,2020-08-25,1,1,False,True,,gap_expired,-0.104958205,32.210120268,Energy,22.03
5336,XOM,2021-05-06,2021-06-15,3,1,False,False,,gap_expired,0.591946524,50.411949766,Energy,18.39
5337,XOM,2022-06-07,2022-06-07,1,1,False,False,,gap_expired,-0.045439153,91.079610632,Energy,24.02
5338,XOM,2022-10-11,2022-10-11,1,1,False,False,,gap_expired,0.031370736,86.641671773,Energy,33.63
5339,XOM,2022-12-12,2023-07-18,7,3,False,True,,gap_expired,-0.02562733,96.590006174,Energy,25.0
5340,XOM,2023-09-29,2023-12-13,3,2,False,True,,gap_expired,-0.192373415,107.916893744,Energy,17.52
5341,XOM,2024-05-07,2024-05-07,1,1,False,True,,gap_expired,-0.006074972,108.213705434,Energy,13.23
5342,XOM,2024-07-23,2024-07-23,1,1,False,False,,gap_expired,0.00314746,107.263614296,Energy,14.72
5343,XPO,2018-01-10,2018-05-11,8,3,False,True,,gap_expired,-0.305900179,32.0222,Industrials,9.82
5344,XPO,2018-08-22,2018-08-23,2,1,False,False,,gap_expired,-0.384976235,36.3568,Industrials,12.25
5345,XPO,2018-10-31,2018-10-31,1,1,False,False,,gap_expired,-0.215754091,30.2627,Industrials,21.23
5346,XPO,2019-03-26,2019-03-26,1,1,False,False,,gap_expired,0.332573906,17.767,Industrials,14.68
5347,XPO,2020-01-15,2020-02-07,2,1,False,True,,gap_expired,0.074812613,33.251,Industrials,12.42
5348,XPO,2021-02-22,2021-02-22,1,1,False,False,,gap_expired,-0.118452835,40.2558,Industrials,23.45
5349,XPO,2021-06-22,2021-08-23,3,2,False,True,,gap_expired,-0.365821308,51.4242,Industrials,16.66
5350,XPO,2022-05-09,2022-05-09,1,1,False,False,,gap_expired,0.431144243,32.059,Industrials,34.75
5351,XPO,2022-08-04,2022-08-04,1,1,False,True,,gap_expired,0.947198111,35.4573,Industrials,21.44
5352,XPO,2022-10-07,2022-10-07,1,1,False,False,,gap_expired,1.499357534,29.1567,Industrials,31.36
5353,XPO,2023-02-09,2023-02-09,1,1,False,False,,gap_expired,1.899588228,37.06,Industrials,20.71
5354,XPO,2024-05-09,2024-05-09,1,1,False,False,,gap_expired,-0.018073228,113.8,Industrials,12.69
5355,XPOF,2022-11-17,2023-01-17,3,2,False,False,,gap_expired,-0.542709829,22.77,Consumer Cyclical,23.93
5356,XPOF,2023-04-18,2023-05-09,2,2,False,True,,gap_expired,-0.814852357,32.57,Consumer Cyclical,16.83
5357,XPOF,2023-07-12,2023-07-12,1,1,False,False,,gap_expired,-0.401387984,20.36,Consumer Cyclical,13.54
5358,XRT,2018-11-13,2018-11-13,1,1,False,False,,gap_expired,-0.221494832,43.434698949,ETF,20.02
5359,XRT,2019-06-19,2019-06-19,1,1,False,False,,gap_expired,-0.060549295,38.454787094,ETF,14.33
5360,XRX,2019-07-25,2019-07-25,1,1,False,True,,gap_expired,-0.117741734,23.82681365,Industrials,12.74
5361,XRX,2019-11-06,2019-11-06,1,1,False,False,,gap_expired,-0.036141065,26.413674815,Industrials,12.62
5362,XTL,2019-10-09,2019-10-09,1,1,False,False,,gap_expired,-0.062502269,59.457756498,ETF,18.64
5363,XTL,2019-12-23,2019-12-23,1,1,False,False,,gap_expired,0.062644544,66.496274042,ETF,12.61
5364,XYL,2018-06-13,2018-06-13,1,1,False,False,,gap_expired,0.078603415,65.625079879,Industrials,12.94
5365,XYL,2023-07-10,2023-08-07,2,1,False,False,,gap_expired,-0.042972571,109.439942878,Industrials,15.07
5366,XYZ,2018-03-01,2018-06-04,5,3,False,True,,gap_expired,0.834125091,45.34,Technology,22.47
5367,XYZ,2018-08-13,2021-11-17,48,21,True,True,2018-09-25,gap_expired,-0.019902582,73.67,Technology,14.78
5368,XYZ,2022-05-13,2022-05-13,1,1,False,False,,gap_expired,-0.142053133,82.27,Technology,28.87
5369,XYZ,2022-08-17,2022-08-17,1,1,False,True,,gap_expired,-0.0297811,80.44,Technology,19.9
5370,XYZ,2023-01-18,2023-03-10,2,1,False,True,,gap_expired,-0.181084829,70.8,Technology,20.34
5371,XYZ,2024-01-11,2024-05-03,7,3,False,True,,gap_expired,-0.009541905,68.0,Technology,12.44
5372,XYZ,2024-11-15,2024-11-15,1,1,False,True,,gap_expired,-0.387051823,83.76,Technology,16.14
5373,YELP,2018-08-09,2018-08-09,1,1,False,False,,gap_expired,-0.331719322,48.03,Communication Services,11.27
5374,YELP,2020-04-08,2020-04-08,1,1,False,False,,gap_expired,0.281997383,22.2,Communication Services,43.35
5375,YETI,2018-11-19,2019-10-03,16,8,False,True,,gap_expired,0.403634477,18.0,Consumer Cyclical,20.1
5376,YETI,2019-12-10,2019-12-10,1,1,False,False,,gap_expired,1.086595182,31.3,Consumer Cyclical,15.68
5377,YETI,2020-02-14,2020-02-14,1,1,False,False,,gap_expired,0.939524844,31.8,Consumer Cyclical,13.68
5378,YETI,2020-06-16,2020-08-20,4,3,False,True,,gap_expired,1.030846008,37.0,Consumer Cyclical,33.67
5379,YETI,2020-11-10,2020-11-10,1,1,False,False,,gap_expired,0.402817321,56.09,Consumer Cyclical,24.8
5380,YETI,2021-05-21,2021-05-21,1,1,False,False,,gap_expired,-0.461592735,87.77,Consumer Cyclical,20.15
5381,YETI,2021-11-05,2021-11-05,1,1,False,True,,gap_expired,-0.529587105,107.87,Consumer Cyclical,16.48
5382,YETI,2022-01-27,2022-03-29,3,2,False,True,,gap_expired,-0.219592064,60.89,Consumer Cyclical,30.49
5383,YETI,2023-08-14,2023-08-14,1,1,False,False,,gap_expired,-0.321936943,44.88,Consumer Cyclical,14.82
5384,YEXT,2019-05-17,2019-05-17,1,1,False,False,,gap_expired,-0.381390804,21.08,Technology,15.96
5385,YEXT,2020-03-12,2020-05-12,3,2,False,False,,gap_expired,-0.217105752,12.43,Technology,75.47
5386,YUM,2018-05-04,2018-05-04,1,1,False,False,,gap_expired,0.136790945,71.835928215,Consumer Cyclical,14.77
5387,YUM,2018-10-15,2018-12-06,2,1,False,False,,gap_expired,0.159553295,77.751937326,Consumer Cyclical,21.3
5388,YUM,2019-08-01,2019-10-18,4,2,False,False,,gap_expired,-0.348383511,103.470998466,Consumer Cyclical,17.87
5389,YUM,2020-01-25,2020-01-25,1,1,False,False,,gap_expired,0.032274498,96.225749747,Consumer Cyclical,
5390,YUM,2020-04-29,2020-04-29,1,1,False,False,,gap_expired,-0.039646908,77.364774221,Consumer Cyclical,31.23
5391,YUM,2020-08-17,2020-10-08,4,1,False,False,,gap_expired,0.133161039,85.141654456,Consumer Cyclical,21.35
5392,YUM,2020-12-14,2020-12-14,1,1,False,True,,gap_expired,-0.033287975,96.890602838,Consumer Cyclical,24.72
5393,YUM,2021-04-06,2021-04-28,3,1,False,False,,gap_expired,-0.074412803,104.108902836,Consumer Cyclical,18.12
5394,YUM,2021-07-26,2021-07-26,1,1,False,False,,gap_expired,0.069461626,113.346491453,Consumer Cyclical,17.58
5395,YUM,2022-08-25,2022-10-12,2,2,False,True,,gap_expired,0.038457764,109.486771349,Consumer Cyclical,21.78
5396,YUM,2022-12-13,2022-12-23,2,1,False,False,,gap_expired,-0.187381209,123.174317511,Consumer Cyclical,22.55
5397,YUM,2023-04-28,2023-04-28,1,1,False,False,,gap_expired,-0.240464006,133.304295596,Consumer Cyclical,15.78
5398,YUM,2024-03-04,2024-03-04,1,1,False,False,,gap_expired,0.051165607,134.113729245,Consumer Cyclical,13.49
5399,YUMC,2019-02-11,2019-04-01,2,2,False,True,,gap_expired,-0.141906131,37.815734432,Consumer Cyclical,15.97
5400,Z,2020-02-11,2020-02-20,2,2,False,True,,gap_expired,-0.85783274,193.0,Communication Services,15.18
5401,Z,2020-06-18,2020-08-03,2,2,False,True,,gap_expired,0.450031473,62.44,Communication Services,32.94
5402,Z,2021-03-02,2021-03-31,3,2,False,False,,gap_expired,-0.803171575,161.64,Communication Services,24.1
5403,Z,2021-08-11,2021-08-11,1,1,False,False,,gap_expired,-0.58038701,100.06,Communication Services,16.06
5404,ZBH,2018-07-31,2018-07-31,1,1,False,False,,gap_expired,0.051682736,114.377176682,Healthcare,12.83
5405,ZBH,2023-07-25,2023-07-25,1,1,False,False,,gap_expired,-0.411881581,136.652228182,Healthcare,13.86
5406,ZBH,2024-08-08,2024-08-08,1,1,False,False,,gap_expired,-0.27048914,106.762576882,Healthcare,23.79
5407,ZBRA,2018-02-01,2018-02-01,1,1,False,False,,gap_expired,0.473389424,121.93,Technology,13.47
5408,ZBRA,2018-04-23,2018-04-23,1,1,False,True,,gap_expired,0.539276997,140.14,Technology,16.34
5409,ZBRA,2018-07-16,2018-07-16,1,1,False,True,,gap_expired,0.150058103,146.81,Technology,12.83
5410,ZBRA,2018-11-13,2018-11-13,1,1,True,False,2018-11-13,gap_expired,0.1757066,178.0,Technology,20.02
5411,ZBRA,2019-03-21,2019-05-09,2,2,False,True,,gap_expired,-0.020234553,218.02,Technology,13.63
5412,ZBRA,2019-08-13,2019-08-13,1,1,False,False,,gap_expired,0.211711061,203.38,Technology,17.52
5413,ZBRA,2019-10-17,2019-10-29,2,2,True,False,2019-10-29,gap_expired,0.256922767,204.74,Technology,13.79
5414,ZBRA,2020-05-28,2020-05-28,1,1,False,True,,gap_expired,0.516580056,257.86,Technology,28.59
5415,ZBRA,2020-09-18,2020-09-18,1,1,False,False,,gap_expired,0.813041288,251.02,Technology,25.83
5416,ZBRA,2021-05-04,2021-05-04,1,1,False,False,,gap_expired,-0.280852508,483.62,Technology,19.48
5417,ZBRA,2021-11-22,2021-11-22,1,1,False,True,,gap_expired,-0.422034449,598.4,Technology,19.17
5418,ZBRA,2022-03-15,2022-03-15,1,1,False,False,,gap_expired,-0.188446513,391.75,Technology,29.83
5419,ZBRA,2024-05-21,2024-05-21,1,1,False,True,,gap_expired,-0.21118389,321.71,Technology,11.86
5420,ZG,2018-05-21,2018-05-21,1,1,False,True,,gap_expired,-0.26263264,52.21,Communication Services,13.08
5421,ZGN,2023-05-04,2023-05-04,1,1,False,False,,gap_expired,-0.273404242,12.353344742,Consumer Cyclical,20.09
5422,ZIM,2022-03-15,2022-05-03,2,1,False,False,,gap_expired,-0.473818008,23.41544575,Industrials,29.83
5423,ZIM,2024-01-31,2024-02-05,2,2,False,False,,gap_expired,-0.216196428,9.155200608,Industrials,14.35
5424,ZIM,2024-08-21,2024-08-21,1,1,False,True,,gap_expired,-0.1040843,13.421925117,Industrials,16.27
5425,ZION,2023-08-01,2023-08-01,1,1,False,False,,gap_expired,0.158473708,32.718396548,Financial Services,13.93
5426,ZIP,2021-11-18,2021-11-18,1,1,False,False,,gap_expired,-0.322230192,31.56,Communication Services,17.59
5427,ZM,2019-09-09,2019-09-09,1,1,False,False,,gap_expired,3.89488973,77.0,Technology,15.27
5428,ZM,2020-01-10,2020-10-23,24,13,False,True,,gap_expired,3.646780316,73.89,Technology,12.56
5429,ZM,2021-02-12,2021-02-12,1,1,False,True,,gap_expired,-0.347990475,438.8,Technology,19.97
5430,ZM,2021-09-10,2021-09-10,1,1,False,False,,gap_expired,-0.625934886,300.16,Technology,20.95
5431,ZM,2022-01-04,2022-01-04,1,1,False,True,,gap_expired,-0.431518598,175.98,Technology,16.91
5432,ZM,2022-11-08,2022-11-08,1,1,False,False,,gap_expired,-0.377505641,77.53,Technology,25.54
5433,ZM,2023-02-24,2023-02-24,1,1,False,False,,gap_expired,-0.355797859,74.9,Technology,21.67
5434,ZM,2024-02-27,2024-02-27,1,1,False,False,,gap_expired,-0.072893191,67.73,Technology,13.43
5435,ZS,2018-06-14,2018-06-14,1,1,False,False,,gap_expired,0.929753688,38.95,Technology,12.12
5436,ZS,2019-03-21,2019-03-21,1,1,False,False,,gap_expired,0.026904,69.9,Technology,13.63
5437,ZS,2019-05-31,2019-06-19,2,2,False,True,,gap_expired,0.404421008,68.66,Technology,18.71
5438,ZS,2019-08-21,2019-08-22,2,1,False,False,,gap_expired,0.65514384,73.65,Technology,15.8
5439,ZS,2019-10-24,2019-12-04,2,2,False,False,,gap_expired,2.280585225,43.38,Technology,13.71
5440,ZS,2020-02-14,2020-12-21,14,10,True,True,2020-06-18,gap_expired,2.438456676,62.0,Technology,13.68
5441,ZS,2021-07-12,2021-07-12,1,1,False,False,,gap_expired,-0.233136409,230.0,Technology,16.17
5442,ZS,2021-10-29,2021-10-29,1,1,False,False,,gap_expired,-0.377245856,319.46,Technology,16.26
5443,ZS,2022-02-25,2022-02-25,1,1,False,False,,gap_expired,-0.366211995,228.42,Technology,27.59
5444,ZS,2023-05-25,2023-06-21,2,2,False,True,,gap_expired,0.011655404,126.76,Technology,19.14
5445,ZS,2023-10-09,2023-10-09,1,1,False,False,,gap_expired,-0.192065656,169.02,Technology,17.7
5446,ZS,2024-01-11,2024-02-23,3,1,False,False,,gap_expired,-0.433914922,230.98,Technology,12.44
5447,ZTS,2018-04-20,2018-04-20,1,1,False,True,,gap_expired,0.074227137,80.272282259,Healthcare,16.88
5448,ZTS,2018-08-22,2018-08-22,1,1,False,True,,gap_expired,0.387402636,84.344402152,Healthcare,12.25
5449,ZTS,2018-11-13,2018-11-13,1,1,False,False,,gap_expired,0.094855527,88.956121728,Healthcare,20.02
5450,ZTS,2019-02-15,2019-02-15,1,1,False,False,,gap_expired,0.28239373,89.29131786,Healthcare,14.91
5451,ZTS,2019-06-03,2019-06-03,1,1,False,False,,gap_expired,0.214732489,99.190194125,Healthcare,18.86
5452,ZTS,2020-01-03,2020-03-11,3,3,True,False,2020-01-13,gap_expired,0.058134252,126.62614139,Healthcare,14.02
5453,ZTS,2021-01-13,2021-01-13,1,1,False,True,,gap_expired,0.043570115,154.748616324,Healthcare,22.21
5454,ZTS,2021-09-14,2021-09-14,1,1,False,False,,gap_expired,-0.103453098,194.747626792,Healthcare,19.46
5455,ZTS,2022-01-11,2022-01-11,1,1,False,False,,gap_expired,-0.108395321,206.791932728,Healthcare,18.41
5456,ZTS,2022-04-29,2022-06-01,2,1,False,False,,gap_expired,0.009197645,169.406503117,Healthcare,33.4
5457,ZTS,2022-08-18,2022-12-22,4,3,False,True,,gap_expired,0.026556027,164.27152739,Healthcare,19.56
5458,ZTS,2023-05-25,2023-06-06,2,1,False,True,,gap_expired,-0.243968937,160.451172499,Healthcare,19.14
5459,ZTS,2024-02-21,2024-09-03,6,4,False,True,,gap_expired,-0.294420927,184.618546651,Healthcare,15.34
